0.051037,0.7854,-0.30371,0,-0.35514,0,1
0.051037,2.3562,-0.15143,0,-0.16937,0,2
0.051037,3.927,-0.099915,0,0.004798,0,3
0.051037,5.4978,-0.17588,0,-0.087408,0,4
0.10211,0.3927,-0.58601,-0.45649,-0.67444,-0.48856,5
0.10211,1.1781,-0.47526,-0.48856,-0.80607,-0.45649,6
0.10211,1.9635,-0.75505,-0.48856,-0.85232,-0.45649,7
0.10211,2.7489,-0.7699,-0.45649,-0.59142,-0.48856,8
0.10211,3.5343,-0.55072,-0.45649,-0.46604,-0.48856,9
0.10211,4.3197,-0.59065,-0.48856,-0.34592,-0.45649,10
0.10211,5.1051,-0.51116,-0.48856,-0.29536,-0.45649,11
0.10211,5.8905,-0.26281,-0.45649,-0.39803,-0.48856,12
0.15324,0.2618,-0.8281,-1.2349,-1.3617,-1.3235,13
0.15324,0.7854,-1.1975,-1.2617,-1.4832,-1.2617,14
0.15324,1.309,-1.2885,-1.3235,-1.6886,-1.2349,15
0.15324,1.8326,-1.399,-1.3235,-1.6063,-1.2349,16
0.15324,2.3562,-1.3446,-1.2617,-1.2596,-1.2617,17
0.15324,2.8798,-1.3423,-1.2349,-1.1666,-1.3235,18
0.15324,3.4034,-1.7104,-1.2349,-1.3026,-1.3235,19
0.15324,3.927,-1.4541,-1.2617,-1.089,-1.2617,20
0.15324,4.4506,-1.5791,-1.3235,-1.0792,-1.2349,21
0.15324,4.9742,-1.2483,-1.3235,-0.90349,-1.2349,22
0.15324,5.4978,-1.1419,-1.2617,-1.1778,-1.2617,23
0.15324,6.0214,-1.0933,-1.2349,-1.3346,-1.3235,24
0.20448,0.19635,-2.1921,-2.369,-2.7005,-2.538,25
0.20448,0.58905,-1.9711,-2.3627,-2.6048,-2.4326,26
0.20448,0.98175,-2.2151,-2.4326,-2.7298,-2.3627,27
0.20448,1.3744,-2.2581,-2.538,-2.7015,-2.369,28
0.20448,1.7671,-2.4931,-2.538,-2.7238,-2.369,29
0.20448,2.1598,-2.4329,-2.4326,-2.5577,-2.3627,30
0.20448,2.5525,-2.2672,-2.3627,-2.2626,-2.4326,31
0.20448,2.9452,-2.5485,-2.369,-2.4312,-2.538,32
0.20448,3.3379,-2.0769,-2.369,-1.9765,-2.538,33
0.20448,3.7306,-2.5561,-2.3627,-2.128,-2.4326,34
0.20448,4.1233,-2.2971,-2.4326,-1.8411,-2.3627,35
0.20448,4.516,-2.7309,-2.538,-1.9067,-2.369,36
0.20448,4.9087,-2.4012,-2.538,-1.9197,-2.369,37
0.20448,5.3014,-2.3645,-2.4326,-2.1415,-2.3627,38
0.20448,5.6941,-2.2429,-2.3627,-2.433,-2.4326,39
0.20448,6.0868,-2.1443,-2.369,-2.6438,-2.538,40
0.25585,0.15708,-3.4668,-3.9165,-4.3545,-4.1899,41
0.25585,0.47124,-3.3925,-3.8502,-4.2788,-4.0191,42
0.25585,0.7854,-3.4608,-3.8621,-4.1174,-3.8621,43
0.25585,1.0996,-3.7533,-4.0191,-4.3976,-3.8502,44
0.25585,1.4137,-3.6991,-4.1899,-4.1411,-3.9165,45
0.25585,1.7279,-3.6343,-4.1899,-3.901,-3.9165,46
0.25585,2.042,-3.8915,-4.0191,-4.1434,-3.8502,47
0.25585,2.3562,-3.8738,-3.8621,-3.9217,-3.8621,48
0.25585,2.6704,-3.9264,-3.8502,-3.8736,-4.0191,49
0.25585,2.9845,-3.8251,-3.9165,-3.7324,-4.1899,50
0.25585,3.2987,-3.5959,-3.9165,-3.4607,-4.1899,51
0.25585,3.6128,-3.8307,-3.8502,-3.3944,-4.0191,52
0.25585,3.927,-3.9179,-3.8621,-3.4397,-3.8621,53
0.25585,4.2412,-3.822,-4.0191,-3.1501,-3.8502,54
0.25585,4.5553,-4.0043,-4.1899,-3.1529,-3.9165,55
0.25585,4.8695,-3.847,-4.1899,-3.15,-3.9165,56
0.25585,5.1836,-3.6608,-4.0191,-3.2834,-3.8502,57
0.25585,5.4978,-3.4421,-3.8621,-3.5631,-3.8621,58
0.25585,5.8119,-3.6413,-3.8502,-4.0829,-4.0191,59
0.25585,6.1261,-3.6159,-3.9165,-4.3197,-4.1899,60
0.3074,0.1309,-5.8078,-5.9785,-7.0288,-6.3813,61
0.3074,0.3927,-5.1806,-5.8148,-6.459,-6.1096,62
0.3074,0.6545,-5.3076,-5.6952,-6.5212,-5.8031,63
0.3074,0.9163,-5.2492,-5.8031,-6.099,-5.6952,64
0.3074,1.1781,-5.4549,-6.1096,-6.3119,-5.8148,65
0.3074,1.4399,-5.7934,-6.3813,-6.3572,-5.9785,66
0.3074,1.7017,-5.7835,-6.3813,-6.3078,-5.9785,67
0.3074,1.9635,-5.6873,-6.1096,-6.151,-5.8148,68
0.3074,2.2253,-5.4135,-5.8031,-5.4515,-5.6952,69
0.3074,2.4871,-5.6591,-5.6952,-5.9868,-5.8031,70
0.3074,2.7489,-5.5025,-5.8148,-5.6905,-6.1096,71
0.3074,3.0107,-5.7794,-5.9785,-5.6749,-6.3813,72
0.3074,3.2725,-6.1036,-5.9785,-5.8479,-6.3813,73
0.3074,3.5343,-5.7373,-5.8148,-5.295,-6.1096,74
0.3074,3.7961,-5.5988,-5.6952,-4.7896,-5.8031,75
0.3074,4.0579,-5.6523,-5.8031,-4.8787,-5.6952,76
0.3074,4.3197,-6.1259,-6.1096,-5.0883,-5.8148,77
0.3074,4.5815,-5.6423,-6.3813,-4.6959,-5.9785,78
0.3074,4.8433,-6.0092,-6.3813,-5.017,-5.9785,79
0.3074,5.1051,-5.4446,-6.1096,-4.8701,-5.8148,80
0.3074,5.3669,-5.6009,-5.8031,-5.4036,-5.6952,81
0.3074,5.6287,-5.1395,-5.6952,-5.29,-5.8031,82
0.3074,5.8905,-5.1883,-5.8148,-5.7836,-6.1096,83
0.3074,6.1523,-5.458,-5.9785,-6.4528,-6.3813,84
0.35914,0.1122,-7.6611,-8.7471,-9.4896,-9.3054,85
0.35914,0.3366,-7.8389,-8.4194,-9.6659,-8.8669,86
0.35914,0.561,-7.2651,-8.0617,-8.9356,-8.3098,87
0.35914,0.7854,-7.1316,-7.9889,-8.6096,-7.9889,88
0.35914,1.0098,-7.5542,-8.3098,-8.6606,-8.0617,89
0.35914,1.2342,-8.1628,-8.8669,-9.3807,-8.4194,90
0.35914,1.4586,-8.7849,-9.3054,-9.7606,-8.7471,91
0.35914,1.683,-8.6529,-9.3054,-9.4493,-8.7471,92
0.35914,1.9074,-8.1826,-8.8669,-8.7324,-8.4194,93
0.35914,2.1318,-7.8675,-8.3098,-8.1945,-8.0617,94
0.35914,2.3562,-7.5548,-7.9889,-7.9644,-7.9889,95
0.35914,2.5806,-7.5571,-8.0617,-7.9786,-8.3098,96
0.35914,2.805,-8.3694,-8.4194,-8.5823,-8.8669,97
0.35914,3.0294,-7.9731,-8.7471,-8.014,-9.3054,98
0.35914,3.2538,-8.371,-8.7471,-8.1233,-9.3054,99
0.35914,3.4782,-8.4086,-8.4194,-7.9422,-8.8669,100
0.35914,3.7026,-8.1441,-8.0617,-7.4528,-8.3098,101
0.35914,3.927,-8.197,-7.9889,-7.1317,-7.9889,102
0.35914,4.1514,-7.9127,-8.3098,-6.8337,-8.0617,103
0.35914,4.3758,-8.7099,-8.8669,-7.2694,-8.4194,104
0.35914,4.6002,-7.9636,-9.3054,-6.9356,-8.7471,105
0.35914,4.8246,-8.3985,-9.3054,-7.1189,-8.7471,106
0.35914,5.049,-8.3356,-8.8669,-7.4391,-8.4194,107
0.35914,5.2734,-7.7381,-8.3098,-7.2202,-8.0617,108
0.35914,5.4978,-7.2774,-7.9889,-7.4391,-7.9889,109
0.35914,5.7222,-7.3251,-8.0617,-8.0693,-8.3098,110
0.35914,5.9466,-7.5461,-8.4194,-8.8759,-8.8669,111
0.35914,6.171,-8.1002,-8.7471,-9.9579,-9.3054,112
0.41114,0.098175,-11.154,-12.649,-13.94,-13.39,113
0.41114,0.29452,-10.39,-12.006,-12.929,-12.633,114
0.41114,0.49087,-10.295,-11.201,-12.472,-11.62,115
0.41114,0.68722,-9.6609,-10.744,-11.505,-10.891,116
0.41114,0.88357,-9.7149,-10.891,-11.519,-10.744,117
0.41114,1.0799,-10.775,-11.62,-12.49,-11.201,118
0.41114,1.2763,-11.34,-12.633,-12.923,-12.006,119
0.41114,1.4726,-12.136,-13.39,-13.881,-12.649,120
0.41114,1.669,-11.945,-13.39,-13.52,-12.649,121
0.41114,1.8653,-11.556,-12.633,-12.869,-12.006,122
0.41114,2.0617,-10.839,-11.62,-11.822,-11.201,123
0.41114,2.258,-10.568,-10.891,-11.098,-10.744,124
0.41114,2.4544,-10.223,-10.744,-10.603,-10.891,125
0.41114,2.6507,-11.179,-11.201,-11.343,-11.62,126
0.41114,2.8471,-11.795,-12.006,-11.883,-12.633,127
0.41114,3.0434,-11.612,-12.649,-11.643,-13.39,128
0.41114,3.2398,-11.976,-12.649,-11.671,-13.39,129
0.41114,3.4361,-11.075,-12.006,-10.537,-12.633,130
0.41114,3.6325,-11.098,-11.201,-10.7,-11.62,131
0.41114,3.8288,-10.291,-10.744,-9.5795,-10.891,132
0.41114,4.0252,-10.455,-10.891,-9.2886,-10.744,133
0.41114,4.2215,-11.032,-11.62,-9.5934,-11.201,134
0.41114,4.4179,-11.838,-12.633,-10.038,-12.006,135
0.41114,4.6142,-11.848,-13.39,-10.124,-12.649,136
0.41114,4.8106,-11.833,-13.39,-10.463,-12.649,137
0.41114,5.0069,-11.769,-12.633,-10.49,-12.006,138
0.41114,5.2033,-10.33,-11.62,-9.619,-11.201,139
0.41114,5.3996,-10.279,-10.891,-10.254,-10.744,140
0.41114,5.596,-10.059,-10.744,-10.41,-10.891,141
0.41114,5.7923,-10.293,-11.201,-11.347,-11.62,142
0.41114,5.9887,-10.947,-12.006,-12.799,-12.633,143
0.41114,6.185,-11.568,-12.649,-14.059,-13.39,144
0.46341,0.087266,-15.427,-18.988,-18.803,-19.942,145
0.46341,0.2618,-15.691,-17.509,-19.967,-18.346,146
0.46341,0.43633,-14.447,-15.671,-18.386,-16.292,147
0.46341,0.61087,-13.432,-14.39,-16.442,-14.72,148
0.46341,0.7854,-12.588,-14.046,-14.774,-14.046,149
0.46341,0.95993,-13.476,-14.72,-15.864,-14.39,150
0.46341,1.1345,-14.582,-16.292,-17.31,-15.671,151
0.46341,1.309,-16.199,-18.346,-19.202,-17.509,152
0.46341,1.4835,-16.751,-19.942,-20.209,-18.988,153
0.46341,1.6581,-16.505,-19.942,-19.986,-18.988,154
0.46341,1.8326,-16.108,-18.346,-18.905,-17.509,155
0.46341,2.0071,-15.15,-16.292,-17.447,-15.671,156
0.46341,2.1817,-13.543,-14.72,-14.528,-14.39,157
0.46341,2.3562,-13.066,-14.046,-13.935,-14.046,158
0.46341,2.5307,-13.118,-14.39,-13.945,-14.72,159
0.46341,2.7053,-14.448,-15.671,-14.818,-16.292,160
0.46341,2.8798,-15.691,-17.509,-15.895,-18.346,161
0.46341,3.0543,-17.95,-18.988,-17.292,-19.942,162
0.46341,3.2289,-18.251,-18.988,-17.439,-19.942,163
0.46341,3.4034,-16.164,-17.509,-15.793,-18.346,164
0.46341,3.5779,-15.244,-15.671,-14.367,-16.292,165
0.46341,3.7525,-14.058,-14.39,-13.221,-14.72,166
0.46341,3.927,-13.214,-14.046,-11.919,-14.046,167
0.46341,4.1015,-13.762,-14.72,-12.524,-14.39,168
0.46341,4.2761,-14.916,-16.292,-12.974,-15.671,169
0.46341,4.4506,-16.198,-18.346,-14.008,-17.509,170
0.46341,4.6251,-17.792,-19.942,-15.31,-18.988,171
0.46341,4.7997,-17.107,-19.942,-15.189,-18.988,172
0.46341,4.9742,-16.269,-18.346,-14.315,-17.509,173
0.46341,5.1487,-14.376,-16.292,-13.222,-15.671,174
0.46341,5.3233,-13.831,-14.72,-13.259,-14.39,175
0.46341,5.4978,-12.822,-14.046,-12.975,-14.046,176
0.46341,5.6723,-13.82,-14.39,-14.861,-14.72,177
0.46341,5.8469,-15.092,-15.671,-17.157,-16.292,178
0.46341,6.0214,-16.375,-17.509,-19.567,-18.346,179
0.46341,6.1959,-16.428,-18.988,-19.728,-19.942,180
0.51602,0.3927,-17.785,-23.447,-23.105,-24.301,183
0.51602,0.54978,-16.279,-19.753,-20.313,-20.3,184
0.51602,0.70686,-16.372,-18.176,-19.955,-18.364,185
0.51602,0.86394,-17.953,-18.364,-21.851,-18.176,186
0.51602,1.021,-17.321,-20.3,-20.659,-19.753,187
0.51602,1.1781,-19.654,-24.301,-24.783,-23.447,188
0.51602,1.9635,-19.217,-24.301,-23.806,-23.447,193
0.51602,2.1206,-18.03,-20.3,-20.568,-19.753,194
0.51602,2.2777,-16.63,-18.364,-18.484,-18.176,195
0.51602,2.4347,-16.495,-18.176,-17.824,-18.364,196
0.51602,2.5918,-17.374,-19.753,-18.047,-20.3,197
0.51602,2.7489,-19.594,-23.447,-20.236,-24.301,198
0.51602,3.5343,-21.851,-23.447,-20.319,-24.301,203
0.51602,3.6914,-18.913,-19.753,-17.687,-20.3,204
0.51602,3.8485,-17.982,-18.176,-16.643,-18.364,205
0.51602,4.0055,-18.422,-18.364,-16.446,-18.176,206
0.51602,4.1626,-19.348,-20.3,-17.239,-19.753,207
0.51602,4.3197,-21.785,-24.301,-18.661,-23.447,208
0.51602,5.1051,-20.825,-24.301,-19.008,-23.447,213
0.51602,5.2622,-17.532,-20.3,-16.719,-19.753,214
0.51602,5.4192,-17.331,-18.364,-17.456,-18.176,215
0.51602,5.5763,-16.746,-18.176,-17.542,-18.364,216
0.51602,5.7334,-17.92,-19.753,-19.775,-20.3,217
0.51602,5.8905,-19.977,-23.447,-22.826,-24.301,218
0.56899,0.0714,-21.37,-22.355,-18.822,-23.828,221
0.56899,0.6426,-20.409,-24.391,-25.362,-24.806,225
0.56899,0.7854,-19.375,-23.005,-23.342,-23.005,226
0.56899,0.9282,-21.233,-24.806,-26.713,-24.391,227
0.56899,1.4994,-22.768,-23.828,-17.736,-22.355,231
0.56899,1.6422,-22.833,-23.828,-17.797,-22.355,232
0.56899,2.2134,-21.308,-24.806,-25.381,-24.391,236
0.56899,2.3562,-20.008,-23.005,-22.87,-23.005,237
0.56899,2.499,-21.987,-24.391,-23.413,-24.806,238
0.56899,3.0702,-20.8,-22.355,-23.402,-23.828,242
0.56899,3.213,-20.687,-22.355,-23.135,-23.828,243
0.56899,3.7842,-22.972,-24.391,-21.368,-24.806,247
0.56899,3.927,-21.586,-23.005,-20.091,-23.005,248
0.56899,4.0698,-23.925,-24.806,-21.337,-24.391,249
0.56899,4.641,-24.021,-23.828,-23.83,-22.355,253
0.56899,4.7838,-24.983,-23.828,-25.315,-22.355,254
0.56899,5.355,-21.722,-24.806,-21.388,-24.391,258
0.56899,5.4978,-21.45,-23.005,-21.87,-23.005,259
0.56899,5.6406,-23.007,-24.391,-23.975,-24.806,260
0.56899,6.2118,-21.368,-22.355,-18.83,-23.828,264
0.62237,0.06545,-16.938,-17.136,-16.522,-18.924,265
0.62237,0.19635,-19.153,-18.695,-18.224,-20.358,266
0.62237,0.32725,-23.723,-22.336,-21.622,-23.759,267
0.62237,1.2435,-23.719,-23.759,-19.044,-22.336,274
0.62237,1.3744,-19.414,-20.358,-15.397,-18.695,275
0.62237,1.5053,-18.08,-18.924,-14.331,-17.136,276
0.62237,1.6362,-18.444,-18.924,-14.324,-17.136,277
0.62237,1.7671,-20.129,-20.358,-15.694,-18.695,278
0.62237,1.898,-23.635,-23.759,-18.231,-22.336,279
0.62237,2.8143,-21.966,-22.336,-24.576,-23.759,286
0.62237,2.9452,-18.693,-18.695,-21.375,-20.358,287
0.62237,3.0761,-17.219,-17.136,-19.876,-18.924,288
0.62237,3.207,-17.062,-17.136,-19.552,-18.924,289
0.62237,3.3379,-18.308,-18.695,-20.001,-20.358,290
0.62237,3.4688,-21.504,-22.336,-22.429,-23.759,291
0.62237,4.3851,-22.824,-23.759,-22.563,-22.336,298
0.62237,4.516,-21.015,-20.358,-20.348,-18.695,299
0.62237,4.6469,-19.742,-18.924,-18.985,-17.136,300
0.62237,4.7778,-20.521,-18.924,-19.462,-17.136,301
0.62237,4.9087,-21.708,-20.358,-20.582,-18.695,302
0.62237,5.0396,-25.233,-23.759,-23.473,-22.336,303
0.62237,5.9559,-22.005,-22.336,-19.586,-23.759,310
0.62237,6.0868,-17.989,-18.695,-16.934,-20.358,311
0.62237,6.2177,-16.719,-17.136,-16.155,-18.924,312
0.67621,0.060415,-14.65,-14.879,-15.252,-17.021,313
0.67621,0.18125,-15.752,-15.972,-16.288,-17.985,314
0.67621,0.30208,-18.51,-18.362,-18.553,-20.127,315
0.67621,0.42291,-22.563,-22.617,-21.764,-24.032,316
0.67621,1.1479,-22.594,-24.032,-18.908,-22.617,322
0.67621,1.2687,-19.266,-20.127,-16.056,-18.362,323
0.67621,1.3896,-17.422,-17.985,-13.872,-15.972,324
0.67621,1.5104,-16.183,-17.021,-12.831,-14.879,325
0.67621,1.6312,-16.42,-17.021,-12.723,-14.879,326
0.67621,1.752,-17.622,-17.985,-13.681,-15.972,327
0.67621,1.8729,-20.042,-20.127,-15.571,-18.362,328
0.67621,1.9937,-24.433,-24.032,-18.888,-22.617,329
0.67621,2.7187,-22.507,-22.617,-24.499,-24.032,335
0.67621,2.8395,-17.82,-18.362,-20.473,-20.127,336
0.67621,2.9603,-15.842,-15.972,-18.774,-17.985,337
0.67621,3.0812,-14.497,-14.879,-17.086,-17.021,338
0.67621,3.202,-14.906,-14.879,-17.144,-17.021,339
0.67621,3.3228,-15.534,-15.972,-17.465,-17.985,340
0.67621,3.4437,-17.517,-18.362,-18.977,-20.127,341
0.67621,3.5645,-21.177,-22.617,-21.791,-24.032,342
0.67621,4.2895,-22.913,-24.032,-22.092,-22.617,348
0.67621,4.4103,-19.746,-20.127,-18.721,-18.362,349
0.67621,4.5311,-18.098,-17.985,-16.645,-15.972,350
0.67621,4.652,-17.645,-17.021,-16.016,-14.879,351
0.67621,4.7728,-17.944,-17.021,-16.225,-14.879,352
0.67621,4.8936,-18.843,-17.985,-17.342,-15.972,353
0.67621,5.0145,-21.595,-20.127,-19.565,-18.362,354
0.67621,5.1353,-25.833,-24.032,-23.76,-22.617,355
0.67621,5.8603,-21.205,-22.617,-19.671,-24.032,361
0.67621,5.9811,-17.511,-18.362,-17.016,-20.127,362
0.67621,6.1019,-15.329,-15.972,-15.548,-17.985,363
0.67621,6.2228,-14.459,-14.879,-14.966,-17.021,364
0.73057,0.0561,-13.301,-13.91,-14.708,-16.453,365
0.73057,0.1683,-14.256,-14.772,-15.639,-17.18,366
0.73057,0.2805,-16.354,-16.619,-17.393,-18.768,367
0.73057,0.3927,-19.443,-19.751,-20.043,-21.534,368
0.73057,1.1781,-20.23,-21.534,-17.047,-19.751,375
0.73057,1.2903,-17.433,-18.768,-14.532,-16.619,376
0.73057,1.4025,-16.158,-17.18,-12.934,-14.772,377
0.73057,1.5147,-15.433,-16.453,-12.008,-13.91,378
0.73057,1.6269,-15.698,-16.453,-11.983,-13.91,379
0.73057,1.7391,-16.568,-17.18,-12.708,-14.772,380
0.73057,1.8513,-18.34,-18.768,-14.239,-16.619,381
0.73057,1.9635,-21.338,-21.534,-16.563,-19.751,382
0.73057,2.7489,-19.229,-19.751,-22.025,-21.534,389
0.73057,2.8611,-16.105,-16.619,-19.307,-18.768,390
0.73057,2.9733,-14.185,-14.772,-17.244,-17.18,391
0.73057,3.0855,-13.602,-13.91,-16.179,-16.453,392
0.73057,3.1977,-13.56,-13.91,-15.986,-16.453,393
0.73057,3.3099,-14.432,-14.772,-16.425,-17.18,394
0.73057,3.4221,-16.043,-16.619,-17.583,-18.768,395
0.73057,3.5343,-18.501,-19.751,-19.573,-21.534,396
0.73057,4.3197,-20.487,-21.534,-19.121,-19.751,403
0.73057,4.4319,-18.13,-18.768,-16.497,-16.619,404
0.73057,4.5441,-16.74,-17.18,-14.876,-14.772,405
0.73057,4.6563,-16.43,-16.453,-14.208,-13.91,406
0.73057,4.7685,-16.706,-16.453,-14.613,-13.91,407
0.73057,4.8807,-17.626,-17.18,-15.224,-14.772,408
0.73057,4.9929,-19.646,-18.768,-17.343,-16.619,409
0.73057,5.1051,-23.038,-21.534,-20.715,-19.751,410
0.73057,5.8905,-18.395,-19.751,-18.102,-21.534,417
0.73057,6.0027,-15.705,-16.619,-16.13,-18.768,418
0.73057,6.1149,-14.008,-14.772,-14.945,-17.18,419
0.73057,6.2271,-13.205,-13.91,-14.469,-16.453,420
0.7855,0.05236,-12.886,-13.744,-14.934,-16.737,421
0.7855,0.15708,-13.725,-14.457,-15.835,-17.31,422
0.7855,0.2618,-15.38,-15.98,-17.334,-18.561,423
0.7855,0.36652,-18.013,-18.529,-19.626,-20.727,424
0.7855,0.47124,-21.978,-22.534,-23.052,-24.259,425
0.7855,1.0996,-22.671,-24.259,-20.352,-22.534,431
0.7855,1.2043,-19.681,-20.727,-16.847,-18.529,432
0.7855,1.309,-17.064,-18.561,-13.951,-15.98,433
0.7855,1.4137,-16.048,-17.31,-13.121,-14.457,434
0.7855,1.5184,-15.473,-16.737,-12.044,-13.744,435
0.7855,1.6232,-15.479,-16.737,-11.927,-13.744,436
0.7855,1.7279,-16.489,-17.31,-12.593,-14.457,437
0.7855,1.8326,-17.755,-18.561,-13.733,-15.98,438
0.7855,1.9373,-20.18,-20.727,-15.747,-18.529,439
0.7855,2.042,-24.385,-24.259,-18.902,-22.534,440
0.7855,2.6704,-21.723,-22.534,-24.717,-24.259,446
0.7855,2.7751,-17.605,-18.529,-20.741,-20.727,447
0.7855,2.8798,-15.115,-15.98,-18.363,-18.561,448
0.7855,2.9845,-13.869,-14.457,-17.05,-17.31,449
0.7855,3.0892,-13.141,-13.744,-16.458,-16.737,450
0.7855,3.194,-13.256,-13.744,-16.099,-16.737,451
0.7855,3.2987,-13.94,-14.457,-16.223,-17.31,452
0.7855,3.4034,-15.497,-15.98,-17.162,-18.561,453
0.7855,3.5081,-17.828,-18.529,-19.002,-20.727,454
0.7855,3.6128,-20.357,-22.534,-21.424,-24.259,455
0.7855,4.2412,-21.733,-24.259,-20.103,-22.534,461
0.7855,4.3459,-19.294,-20.727,-17.463,-18.529,462
0.7855,4.4506,-17.801,-18.561,-15.529,-15.98,463
0.7855,4.5553,-16.46,-17.31,-14.107,-14.457,464
0.7855,4.66,-16.195,-16.737,-13.771,-13.744,465
0.7855,4.7647,-16.566,-16.737,-14.039,-13.744,466
0.7855,4.8695,-17.579,-17.31,-14.705,-14.457,467
0.7855,4.9742,-18.733,-18.561,-16.194,-15.98,468
0.7855,5.0789,-21.569,-20.727,-18.651,-18.529,469
0.7855,5.1836,-24.952,-24.259,-22.31,-22.534,470
0.7855,5.8119,-20.69,-22.534,-20.078,-24.259,476
0.7855,5.9167,-17.271,-18.529,-17.739,-20.727,477
0.7855,6.0214,-15.029,-15.98,-16.108,-18.561,478
0.7855,6.1261,-13.56,-14.457,-15.036,-17.31,479
0.7855,6.2308,-12.882,-13.744,-14.673,-16.737,480
0.84107,0.049087,-13.176,-14.179,-15.601,-17.682,481
0.84107,0.14726,-13.828,-14.781,-16.27,-18.135,482
0.84107,0.24544,-15.188,-16.07,-17.681,-19.138,483
0.84107,0.34361,-17.458,-18.232,-19.92,-20.895,484
0.84107,0.44179,-20.709,-21.616,-22.828,-23.779,485
0.84107,1.129,-21.693,-23.779,-19.472,-21.616,492
0.84107,1.2272,-18.775,-20.895,-16.237,-18.232,493
0.84107,1.3254,-17.467,-19.138,-14.498,-16.07,494
0.84107,1.4235,-16.496,-18.135,-13.308,-14.781,495
0.84107,1.5217,-16.054,-17.682,-12.572,-14.179,496
0.84107,1.6199,-15.892,-17.682,-12.301,-14.179,497
0.84107,1.7181,-16.829,-18.135,-12.805,-14.781,498
0.84107,1.8162,-18.119,-19.138,-13.94,-16.07,499
0.84107,1.9144,-20.016,-20.895,-15.493,-18.232,500
0.84107,2.0126,-23.572,-23.779,-18.321,-21.616,501
0.84107,2.6998,-20.021,-21.616,-23.191,-23.779,508
0.84107,2.798,-17.185,-18.232,-20.901,-20.895,509
0.84107,2.8962,-15.515,-16.07,-19.438,-19.138,510
0.84107,2.9943,-14.112,-14.781,-18.07,-18.135,511
0.84107,3.0925,-13.556,-14.179,-16.9,-17.682,512
0.84107,3.1907,-13.68,-14.179,-16.696,-17.682,513
0.84107,3.2889,-14.401,-14.781,-17.169,-18.135,514
0.84107,3.387,-15.61,-16.07,-17.753,-19.138,515
0.84107,3.4852,-17.126,-18.232,-18.687,-20.895,516
0.84107,3.5834,-19.854,-21.616,-20.639,-23.779,517
0.84107,4.2706,-21.801,-23.779,-19.617,-21.616,524
0.84107,4.3688,-18.896,-20.895,-16.765,-18.232,525
0.84107,4.467,-17.825,-19.138,-15.129,-16.07,526
0.84107,4.5651,-16.947,-18.135,-14.195,-14.781,527
0.84107,4.6633,-16.577,-17.682,-13.923,-14.179,528
0.84107,4.7615,-17.001,-17.682,-14.005,-14.179,529
0.84107,4.8597,-17.852,-18.135,-14.777,-14.781,530
0.84107,4.9578,-19.279,-19.138,-15.802,-16.07,531
0.84107,5.056,-21.298,-20.895,-17.94,-18.232,532
0.84107,5.1542,-24.337,-23.779,-21.24,-21.616,533
0.84107,5.8414,-19.837,-21.616,-20.171,-23.779,540
0.84107,5.9396,-16.894,-18.232,-18.07,-20.895,541
0.84107,6.0377,-14.915,-16.07,-16.459,-19.138,542
0.84107,6.1359,-13.729,-14.781,-15.676,-18.135,543
0.84107,6.2341,-13.157,-14.179,-15.284,-17.682,544
0.89566,0,-13.35,-15.029,-15.602,-19.111,545
0.89566,0.098175,-13.588,-15.311,-16.051,-19.303,546
0.89566,0.19635,-14.648,-16.209,-17.367,-19.939,547
0.89566,0.29452,-16.63,-17.88,-19.379,-21.197,548
0.89566,0.3927,-19.615,-20.63,-22.329,-23.413,549
0.89566,1.1781,-21.221,-23.413,-18.688,-20.63,557
0.89566,1.2763,-18.937,-21.197,-16.107,-17.88,558
0.89566,1.3744,-18.108,-19.939,-15.006,-16.209,559
0.89566,1.4726,-17.29,-19.303,-13.967,-15.311,560
0.89566,1.5708,-17.201,-19.111,-13.435,-15.029,561
0.89566,1.669,-17.251,-19.303,-13.448,-15.311,562
0.89566,1.7671,-18.524,-19.939,-14.032,-16.209,563
0.89566,1.8653,-20.27,-21.197,-15.614,-17.88,564
0.89566,1.9635,-22.894,-23.413,-17.764,-20.63,565
0.89566,2.7489,-19.461,-20.63,-23.493,-23.413,573
0.89566,2.8471,-16.596,-17.88,-20.897,-21.197,574
0.89566,2.9452,-15.095,-16.209,-19.546,-19.939,575
0.89566,3.0434,-14.593,-15.311,-18.695,-19.303,576
0.89566,3.1416,-14.868,-15.029,-18.825,-19.111,577
0.89566,3.2398,-15.031,-15.311,-18.047,-19.303,578
0.89566,3.3379,-15.4,-16.209,-18.074,-19.939,579
0.89566,3.4361,-17.105,-17.88,-18.953,-21.197,580
0.89566,3.5343,-19.315,-20.63,-20.654,-23.413,581
0.89566,4.3197,-21.154,-23.413,-18.755,-20.63,589
0.89566,4.4179,-19.785,-21.197,-16.743,-17.88,590
0.89566,4.516,-18.075,-19.939,-15.107,-16.209,591
0.89566,4.6142,-17.775,-19.303,-14.837,-15.311,592
0.89566,4.7124,-17.829,-19.111,-14.526,-15.029,593
0.89566,4.8106,-18.395,-19.303,-15.154,-15.311,594
0.89566,4.9087,-19.93,-19.939,-16.082,-16.209,595
0.89566,5.0069,-21.134,-21.197,-17.514,-17.88,596
0.89566,5.1051,-23.525,-23.413,-20.073,-20.63,597
0.89566,5.8905,-18.916,-20.63,-19.934,-23.413,605
0.89566,5.9887,-16.175,-17.88,-17.798,-21.197,606
0.89566,6.0868,-14.526,-16.209,-16.36,-19.939,607
0.89566,6.185,-13.755,-15.311,-16.024,-19.303,608
0.94797,1.2272,-20.803,-23.771,-18.219,-20.291,621
0.94797,1.3254,-19.628,-22.175,-16.764,-18.137,622
0.94797,1.4235,-19.023,-21.366,-15.729,-16.924,623
0.94797,1.5217,-18.529,-21.036,-15.019,-16.381,624
0.94797,1.6199,-18.701,-21.036,-14.685,-16.381,625
0.94797,1.7181,-19.292,-21.366,-14.772,-16.924,626
0.94797,1.8162,-21.034,-22.175,-16.083,-18.137,627
0.94797,1.9144,-22.504,-23.771,-17.339,-20.291,628
0.94797,2.798,-18.666,-20.291,-23.517,-23.771,637
0.94797,2.8962,-17.097,-18.137,-22.055,-22.175,638
0.94797,2.9943,-16.142,-16.924,-20.814,-21.366,639
0.94797,3.0925,-15.596,-16.381,-20.083,-21.036,640
0.94797,3.1907,-15.716,-16.381,-19.655,-21.036,641
0.94797,3.2889,-16.867,-16.924,-19.838,-21.366,642
0.94797,3.387,-17.638,-18.137,-20.081,-22.175,643
0.94797,3.4852,-19.322,-20.291,-20.832,-23.771,644
0.94797,4.3688,-21.012,-23.771,-18.139,-20.291,653
0.94797,4.467,-19.996,-22.175,-17.105,-18.137,654
0.94797,4.5651,-18.921,-21.366,-15.909,-16.924,655
0.94797,4.6633,-19.229,-21.036,-15.825,-16.381,656
0.94797,4.7615,-19.545,-21.036,-16.025,-16.381,657
0.94797,4.8597,-20.672,-21.366,-16.751,-16.924,658
0.94797,4.9578,-21.842,-22.175,-17.757,-18.137,659
0.94797,5.056,-23.564,-23.771,-19.49,-20.291,660
0.94797,6.1359,-14.792,-16.924,-17.362,-21.366,671
0.94797,6.2341,-15.919,-16.381,-18.914,-21.036,672
0.99838,0,-17.044,-17.917,-20.432,-23.242,673
0.99838,1.2763,-21.634,-24.782,-19.174,-20.525,686
0.99838,1.3744,-20.477,-23.769,-17.546,-18.943,687
0.99838,1.4726,-20.172,-23.35,-16.772,-18.154,688
0.99838,1.5708,-20.045,-23.242,-16.411,-17.917,689
0.99838,1.669,-20.668,-23.35,-16.325,-18.154,690
0.99838,1.7671,-21.349,-23.769,-16.481,-18.943,691
0.99838,1.8653,-23.377,-24.782,-17.66,-20.525,692
0.99838,2.8471,-18.985,-20.525,-24.617,-24.782,702
0.99838,2.9452,-17.601,-18.943,-22.678,-23.769,703
0.99838,3.0434,-17.421,-18.154,-22.255,-23.35,704
0.99838,3.1416,-17.952,-17.917,-22.448,-23.242,705
0.99838,3.2398,-17.803,-18.154,-21.62,-23.35,706
0.99838,3.3379,-18.508,-18.943,-21.468,-23.769,707
0.99838,3.4361,-19.609,-20.525,-21.937,-24.782,708
0.99838,4.4179,-22.6,-24.782,-19.26,-20.525,718
0.99838,4.516,-20.92,-23.769,-17.696,-18.943,719
0.99838,4.6142,-21.097,-23.35,-17.831,-18.154,720
0.99838,4.7124,-20.856,-23.242,-17.433,-17.917,721
0.99838,4.8106,-21.747,-23.35,-17.776,-18.154,722
0.99838,4.9087,-22.835,-23.769,-18.621,-18.943,723
0.99838,5.0069,-24.802,-24.782,-19.606,-20.525,724
