-0.28789,-0.60968
-0.057761,-0.6975
0,0
-0.054337,-0.42681
-1.6242,-2.1332
-1.4271,-1.9593
-0.67992,-1.4681
-0.3699,-0.6061
-0.12197,-0.45634
-0.54347,-0.2001
-0.79396,-0.87392
-1.1474,-1.2408
-3.7091,-3.291
-2.5794,-2.6347
-2.0307,-3.0888
-1.7053,-2.7277
-1.6331,-2.129
-0,-0
-1.2766,-1.4411
-1.1158,-1.2376
-1.41,-0.54006
-1.8834,-1.2387
-2.0671,-1.3353
-2.5611,-2.0049
-4.6699,-4.8831
-4.3729,-5.2936
-4.4461,-5.3286
-3.7957,-5.3145
-0,-0
-2.9363,-4.1798
-2.8435,-3.806
-2.2039,-2.4924
-1.4679,-1.7319
-1.9064,-1.7113
-2.2448,-1.7956
-3.1622,-2.2314
-2.8179,-1.5914
-3.0282,-2.5703
-4.3341,-3.741
-4.944,-4.5615
-6.8813,-7.279
-6.3529,-7.192
-6.2214,-7.6293
-6.1269,-8.1234
-5.8173,-8.3275
-0,-0
-4.6434,-6.3192
-4.0266,-5.0961
-3.9437,-4.6414
-3.462,-4.457
-4.9906,-5.6066
-4.5963,-4.8741
-3.6298,-3.5255
-4.0114,-3.3295
-4.3579,-3.4034
-5.0589,-3.4174
-5.2128,-4.348
-5.5613,-4.81
-5.8964,-5.4342
-6.6017,-6.4796
-9.3617,-9.6972
-10.321,-11.019
-10.009,-11.326
-7.684,-9.8998
-7.598,-10.914
-8.4413,-13.521
-0,-0
-6.9146,-9.0948
-6.4085,-7.3342
-5.9323,-5.9087
-5.7607,-6.3189
-4.015,-4.8121
-5.5443,-6.0139
-5.6,-5.8455
-5.6744,-5.5543
-5.8978,-5.5878
-6.3258,-5.675
-6.1014,-5.0251
-6.8582,-5.5873
-6.8835,-5.913
-6.9504,-5.9317
-8.291,-7.1942
-8.7812,-7.9573
-8.6691,-8.7561
-12.174,-11.374
-11.492,-12.612
-10.841,-12.949
-10.607,-13.828
-9.7916,-14.495
-8.6637,-13.751
-9.0356,-14.734
-9.0514,-13.882
-8.0061,-11.462
-0,-0
-9.3285,-10.54
-8.0897,-8.3182
-8.7836,-8.6819
-7.5816,-7.7446
-7.1649,-7.3264
-7.0732,-7.0642
-6.1121,-6.2102
-6.8265,-6.7876
-7.6946,-7.6452
-8.1386,-7.4648
-7.4744,-6.3622
-8.446,-7.6919
-8.3218,-7.1407
-8.9371,-7.8496
-9.3455,-8.0752
-10.194,-8.8605
-10.504,-9.7458
-12.329,-10.629
-13.352,-12.011
-12.653,-13.35
-11.952,-14.791
-11.272,-15.494
-10.408,-16.485
-10.28,-16.899
-9.8312,-16.814
-10.288,-16.605
-10.093,-15.635
-0,-0
-10.499,-12.689
-10.283,-11.138
-9.7785,-9.7274
-9.0097,-8.8346
-9.5308,-8.8586
-9.5294,-8.731
NaN,NaN
-0,-0
-10.127,-9.2794
-0,-0
-9.1054,-9.5985
-9.0973,-9.7319
-9.4237,-9.8863
-10.059,-10.308
-10.253,-10.301
-10.479,-9.5767
-10.901,-9.9852
-10.211,-9.1177
-13.371,-11.856
-13.365,-11.118
-14.92,-11.792
-14.304,-12.11
-13.866,-13.746
-13.22,-14.301
-12.422,-15.3
-11.789,-16.203
-11.748,-18.791
-10.923,-20.243
-10.881,-18.817
-11.418,-17.749
-11.351,-17.521
-10.939,-16.956
-12.67,-16.506
-12.45,-14.772
-12.91,-12.723
-12.428,-11.298
-0,-0
-12.581,-10.56
-11.726,-10.09
-10.914,-9.4037
-12.142,-10.217
-12.843,-11.749
-12.285,-11.706
-12.003,-12.156
-11.703,-13.06
-10.536,-12.156
-10.686,-12.755
-10.573,-12.242
-11.402,-12.308
-11.775,-12.612
-12.626,-12.282
-12.874,-12.007
-14.476,-13.349
-13.754,-12.207
-15.574,-11.899
-15.879,-12.435
-15.442,-12.594
-14.866,-12.861
-14.043,-13.878
-13.456,-14.388
-12.705,-15.156
-12.151,-16.73
-11.962,-17.71
-11.972,-20.373
-11.9,-19.585
-11.436,-18.82
-12.938,-17.116
-12.356,-18.038
-11.85,-17.34
-14.057,-17.209
-13.607,-16.231
-15.911,-13.969
-0,-0
-13.712,-12.809
-14.61,-11.918
-14.057,-11.979
-0,-0
-0,-0
-14.564,-12.134
-13.7,-11.919
-12.913,-11.705
-12.242,-11.792
-11.936,-12.595
-11.843,-13.687
-11.635,-14.369
-11.852,-14.744
-11.522,-14.354
-12.374,-14.733
-13.201,-14.823
-14.347,-15.078
-15.746,-14.193
-16.369,-14.256
-18.142,-14.242
-17.745,-13.522
-17.34,-12.912
-16.92,-12.731
-16.04,-13.115
-14.986,-13.552
-14.357,-14.336
-13.524,-14.538
-13.339,-15.351
-12.961,-16.418
-12.549,-17.872
-12.61,-18.931
-12.489,-21.786
-12.951,-19.998
-13.421,-19.1
-14.212,-16.948
-13.986,-17.792
-15.921,-17.132
-15.096,-17.481
-14.236,-16.783
-15.407,-16.841
-17.28,-15.419
-15.72,-14.786
-0,-0
-15.999,-13.793
-0,-0
-0,-0
-16.173,-13.159
-15.556,-12.882
-15.154,-14.418
-14.425,-14.133
-13.155,-14.439
-12.841,-14.45
-12.473,-15.451
-12.089,-14.954
-12.449,-15.659
-12.793,-16.04
-13.769,-16.871
-14.106,-16.803
-15.124,-16.73
-15.891,-16.533
-18.275,-15.998
-18.732,-15.997
-19.68,-15.663
-19.219,-14.099
-18.954,-13.132
-18.898,-13.271
-17.595,-13.308
-15.875,-13.697
-15.297,-13.81
-15.037,-14.679
-14.342,-15.819
-14.228,-16.747
-14.39,-18.316
-14.039,-18.41
-13.92,-19.58
-13.853,-20.483
-13.866,-22.099
-14.414,-20.827
-15.309,-20.186
-15.811,-17.1
-16.499,-17.708
-16.292,-18.226
-16.171,-17.555
-0,-0
-16.863,-18.312
-19.077,-17.665
-17.864,-17.667
-0,-0
-17.398,-15.092
-0,-0
-0,-0
-17.583,-15.013
-17.098,-14.584
-17.159,-15.28
-16.059,-14.836
-14.918,-14.627
-15.434,-16.045
-14.208,-16.758
-13.185,-15.092
-12.777,-16.098
-13.218,-16.455
-13.821,-16.762
-14.59,-17.804
-15.437,-18.721
-16.142,-18.298
-17.06,-18.099
-19.968,-19.078
-21.435,-18.327
-23.416,-18.974
-22.12,-17.037
-22.507,-15.695
-21.151,-15.356
-20.34,-14.791
-18.516,-14.19
-16.874,-14.587
-16.503,-14.701
-15.638,-14.999
-15.5,-16.494
-15.11,-16.883
-14.99,-17.464
-15.055,-18.629
-15.274,-20.309
-15.76,-20.918
-15.799,-20.889
-15.365,-21.685
-15.614,-21.985
-16.011,-20.86
-16.736,-20.802
-16.715,-18.459
-18.903,-17.798
-17.649,-18.368
-16.901,-17.795
-0,-0
-17.86,-18.859
-19.568,-18.919
-0,-0
-18.229,-18.946
-19.166,-17.841
-18.387,-17.192
-0,-0
-19.086,-16.974
-18.713,-16.824
-19.259,-16.619
-17.931,-15.713
-19.148,-18.353
-18.01,-18.635
-16.476,-17.88
-15.694,-18.217
-15.124,-17.921
-15.147,-18.587
-15.37,-19.011
-14.659,-17.653
-15.674,-18.433
-16.262,-18.899
-17.384,-18.839
-18.762,-20.066
-19.589,-19.706
-22.825,-20.735
-23.501,-20.826
-24.772,-20.432
-24.468,-19.041
-23.564,-18.269
-21.651,-17.49
-21.337,-18.23
-19.592,-17.616
-17.792,-16.837
-17.658,-16.55
-16.791,-16.229
-15.862,-15.744
-16.052,-17.395
-15.779,-17.112
-15.756,-17.718
-15.793,-18.676
-15.879,-19.719
-16.07,-21.35
-16.752,-22.301
-17.436,-22.031
-17.494,-22.716
-17.104,-21.451
-17.251,-21.225
-17.479,-20.997
-17.566,-19.727
-19.682,-17.976
-17.735,-18.059
-0,-0
-0,-0
-0,-0
-18.311,-18.897
-19.469,-18.851
-19.529,-19.484
-0,-0
-19.379,-18.672
-0,-0
-0,-0
-20.094,-18.378
-20.847,-18.177
-0,-0
-21.596,-19.52
-20.525,-19.638
-19.058,-19.621
-17.693,-19.493
-17.261,-19.281
-15.617,-18.512
-15.725,-18.402
-15.6,-18.876
-16.225,-19.347
-16.302,-19.102
-17.149,-19.707
-18.35,-20.199
-19.818,-20.33
-21.353,-21.441
-21.905,-20.497
-23.683,-21.173
-25.485,-22.145
-25.842,-21.717
-24.959,-21.558
-23.624,-19.918
-21.357,-20.633
-20.73,-19.461
-19.752,-17.865
-18.312,-18.404
-18.818,-17.588
-18.078,-17.419
-16.605,-16.854
-16.504,-17.518
-16.551,-17.657
-16.452,-18.078
-16.227,-18.394
-16.555,-18.829
-16.712,-20.014
-17.023,-21.173
-17.516,-21.977
-17.577,-22.227
-18.102,-22.708
-18.074,-23.557
-17.852,-21.347
-17.774,-21.777
-17.628,-21.198
-17.923,-20.158
-18.465,-18.535
-18.872,-18.09
-18.272,-17.85
-0,-0
-0,-0
-18.435,-18.639
-19.903,-18.542
-20.137,-19.028
-0,-0
-19.738,-18.663
-0,-0
-0,-0
-20.882,-18.892
-22.024,-18.738
-0,-0
-22.921,-19.439
-22.006,-20.241
-21.35,-20.717
-20.473,-21.861
-20.134,-22.616
-18.862,-22.194
-18.481,-21.049
-17.415,-20.791
-17.694,-19.883
-15.952,-19.511
-17.097,-19.56
-17.806,-20.392
-18.334,-20.683
-19.831,-21.63
-21.137,-21.29
-21.796,-21.013
-22.969,-21.143
-23.425,-21.294
-24.33,-21.867
-24.291,-22.212
-24.043,-21.914
-22.1,-21.01
-21.313,-20.908
-20.343,-20.071
-20.886,-20.621
-19.456,-19.742
-19.61,-18.777
-19.125,-18.396
-18.297,-18.049
-17.72,-17.887
-16.979,-17.526
-17.346,-17.82
-16.826,-18.063
-16.919,-18.475
-16.82,-18.819
-17.183,-19.496
-17.539,-20.821
-17.739,-21.951
-18.314,-22.27
-18.725,-22.208
-18.452,-22.726
-18.169,-23.632
-17.961,-21.717
-17.621,-22.11
-17.73,-21.257
-17.841,-20.932
-18.236,-19.302
-20.976,-18.32
-18.624,-18.563
NaN,NaN
-0,-0
-19.424,-18.696
-21.112,-18.258
-21.227,-18.804
-20.288,-19.227
-20.101,-18.731
-19.863,-18.466
-20.032,-18.314
-20.927,-18.308
-22.107,-18.19
-22.058,-19.342
-23.708,-19.076
-22.877,-20.597
-22.364,-21.205
-21.731,-22.3
-21.814,-22.391
-21.489,-22.428
-20.575,-22.266
-19.249,-21.712
-18.562,-21.443
-17.718,-20.754
-17.588,-20.639
-17.575,-20.986
-17.539,-20.443
-18.146,-20.8
-18.44,-21.849
-20.242,-21.59
-20.716,-22.018
-21.563,-21.184
-21.878,-20.756
-22.641,-20.922
-23.388,-21.624
-22.735,-21.452
-23.316,-21.275
-21.959,-20.644
-21.214,-20.671
-21.049,-20.531
-21.116,-20.692
-20.597,-20.242
-20.475,-19.299
-20.39,-18.815
-19.717,-18.25
-18.792,-17.96
-18.203,-17.83
-17.614,-17.85
-18.312,-17.881
-18.111,-17.96
-18.638,-18.555
-18.243,-19.046
-18.047,-19.679
-18.286,-20.417
-18.36,-21.271
-18.761,-22.31
-18.926,-22.814
-19.241,-22.613
-18.962,-23.324
-18.224,-23.694
-18.096,-23.25
-17.381,-23.088
-18.066,-22.023
-18.297,-21.097
-18.576,-20.327
-22.136,-18.674
-19.277,-19.08
-19.714,-17.857
-0,-0
-0,-0
NaN,NaN
-21.082,-19.434
-20.744,-18.814
-20.996,-18.919
-20.654,-18.039
-21.597,-18.189
-21.588,-17.797
-21.308,-18.247
-21.759,-18.501
-23.609,-18.378
-22.954,-19.814
-23.336,-19.8
-22.097,-20.638
-22.088,-21.303
-22.563,-21.463
-21.646,-21.675
-20.435,-21.581
-19.307,-21.473
-18.613,-20.979
-17.889,-20.916
-17.628,-20.528
-17.035,-20.607
-17.354,-20.653
-17.364,-20.661
-17.904,-20.869
-18.478,-21.76
-19.195,-21.335
-19.766,-21.911
-20.774,-21.114
-21.089,-20.957
-21.834,-20.581
-22.092,-21.354
-22.386,-21.055
-22.352,-20.428
-23.447,-20.716
-22.765,-20.262
-22.36,-20.221
-22.45,-20.438
-21.913,-20.181
-20.932,-19.536
-21.704,-18.683
-21.649,-18.877
-20.374,-17.595
-19.683,-17.728
-18.965,-17.862
-18.28,-17.842
-19.894,-18.443
-19.316,-18.278
-19.159,-18.509
-19.336,-19.134
-18.9,-19.833
-18.758,-20.533
-18.889,-21.534
-19.601,-22.778
-20.225,-23.391
-19.872,-23.509
-19.683,-23.293
-18.722,-24.308
-18.739,-23.673
-18.374,-24.852
-0,-0
-18.431,-23.34
-18.945,-22.278
-19.058,-21.561
-20.198,-20.268
-23.022,-19.46
-20.641,-19.216
-0,-0
-0,-0
-21.127,-20.216
-22.609,-19.733
-23.268,-19.219
-22.668,-18.951
-22.034,-18.554
NaN,NaN
-21.869,-17.722
-21.116,-17.795
-22.195,-17.731
-23.869,-17.661
-22.543,-19.303
-23.314,-19.691
-23.024,-19.992
-22.899,-19.828
-22.111,-19.916
-21.128,-20.183
-20.942,-20.681
-20.551,-21.043
-19.561,-21.267
-19.008,-21.066
-18.187,-20.326
-17.47,-19.947
-17.336,-20.066
-17.035,-20.47
-17.055,-20.708
-16.855,-21.07
-17.209,-21.688
-18.179,-21.796
-18.75,-21.776
-19.55,-21.272
-20.254,-21.737
-20.545,-20.828
-21.441,-21.144
-21.463,-21.795
-22.627,-20.822
-22.69,-20.158
-24.511,-20.587
-23.534,-20.296
-23.65,-20.357
-24.157,-20.269
-24.464,-20.628
-22.258,-19.983
-23.151,-19.036
-22.844,-19.27
-22.297,-17.8
-21.539,-18.001
-21.341,-17.858
-20.168,-18.214
-20.334,-18.461
-21.008,-18.984
-20.646,-18.828
-20.696,-18.823
-20.44,-19.308
-20.55,-20.048
-20.151,-20.706
-19.989,-21.579
-20.575,-22.74
-20.694,-23.811
-20.755,-24.384
-20.878,-23.817
-20.702,-24.073
-19.302,-25.643
-19.363,-24.148
-18.491,-26.446
-19.225,-26.627
-18.502,-26.237
-19.755,-23.916
-20.084,-24.12
-0,-0
-21.36,-21.262
-21.712,-21.245
-0,-0
-22.58,-23.119
-23.081,-22.469
-25.137,-21.346
-25.807,-20.676
-0,-0
-22.953,-19.664
-0,-0
-0,-0
-22.453,-18.347
-22.868,-17.799
-0,-0
-22.671,-19.195
-0,-0
-23.04,-20.359
-23.16,-19.609
-22.643,-19.42
-21.406,-19.321
-21.2,-19.81
-20.4,-19.503
-19.817,-19.089
-19.201,-19.142
-18.774,-18.9
-17.879,-18.983
-17.548,-19.26
-16.887,-19.223
-17.179,-19.829
-16.957,-20.543
-16.669,-20.451
-16.717,-20.987
-17.032,-21.776
-17.947,-21.57
-18.674,-22.337
-19.361,-21.573
-20.155,-21.844
-20.684,-21.311
-20.807,-21.597
-21.467,-21.571
-22.163,-21.663
-22.475,-21.064
-24.55,-20.86
-24.219,-21.01
-25.039,-20.399
-25.059,-20.048
-24.28,-21.368
-23.979,-21.371
-24.624,-20.437
-24.797,-19.546
-24.523,-18.45
-24.18,-18.505
-23.788,-18.103
-22.757,-18.317
-22.397,-18.652
-21.493,-18.765
-22.533,-20.006
-22.382,-20.356
-22.859,-20.482
-22.132,-20.003
-22.573,-20.936
-22.36,-21.71
-22.284,-22.477
-21.777,-23.202
-22.232,-24.101
-22.459,-24.524
-22.332,-25.049
-21.87,-24.725
-21.289,-25.38
-20.076,-25.541
-19.692,-25.076
-20.08,-26.375
-20.101,-27.553
-20.618,-27.061
-20.766,-26.675
-20.946,-25.555
-0,-0
-0,-0
-22.6,-23.281
-23.16,-23.793
-24.254,-25.52
-25.005,-24.105
-24.898,-21.848
-0,-0
-25.918,-23.052
-0,-0
-24.307,-20.943
-0,-0
-24.027,-20.244
-24.273,-19.165
-0,-0
-23.212,-19.169
-0,-0
-22.66,-20.193
-23.558,-20.036
-22.505,-19.73
-22.161,-19.481
-21.938,-19.339
-20.172,-18.643
-20.103,-18.75
-19.821,-18.958
-19.485,-19.401
-18.882,-19.304
-18.136,-19.065
-17.927,-19.078
-17.735,-19.1
-17.5,-19.237
-17.221,-19.34
-17.07,-19.656
-16.601,-20.518
-17.184,-21.198
-17.602,-22.095
-18.441,-21.766
-19.218,-22.564
-19.918,-22.427
-19.868,-22.076
-21.002,-22.128
-21.04,-23.1
-21.672,-22.077
-22.265,-22.305
-23.842,-22.409
-23.861,-21.181
-25.039,-21.668
-27.415,-21.205
-25.698,-21.45
-25.859,-22.769
-26.117,-22.869
-25.699,-21.227
-26.352,-20.591
-25.43,-19.66
-24.989,-19.77
-25.034,-18.809
-24.434,-18.382
-23.722,-19.202
-23.146,-19.479
-22.811,-19.797
-23.644,-21.633
-23.532,-22.295
-23.585,-22.462
-23.549,-22.605
-23.11,-22.607
-23.028,-23.28
-22.997,-24.34
-22.77,-25.42
-23.028,-25.225
-23.649,-25.364
-23.646,-25.161
-23.196,-25.177
-21.875,-24.945
-20.76,-26.459
-20.764,-24.735
-20.572,-25.375
-21.407,-25.523
-20.728,-28.549
-22.313,-27.223
-21.112,-30.298
-22.444,-28.544
-0,-0
-0,-0
-0,-0
NaN,NaN
-25.23,-26.661
-26.37,-25.562
-24.13,-25.66
-0,-0
-28.301,-25.839
NaN,NaN
-26.097,-25.173
-26.275,-24.211
-25.623,-23.153
-24.953,-20.814
-24.35,-20.344
-24.011,-20.381
-23.398,-20.641
-22.437,-21.188
-23.506,-21.038
-22.529,-20.327
-22.423,-20.007
-21.479,-19.553
-21.058,-19.476
-21.506,-19.14
NaN,NaN
-21.839,-20.952
-20.666,-20.752
-19.751,-20.126
-19.106,-19.685
-18.874,-19.482
-18.428,-19.25
-18.498,-19.458
-18.146,-19.454
-17.809,-19.668
-17.372,-20.19
-17.104,-20.466
-17.673,-21.555
-18.622,-22.006
-19.381,-21.924
-19.925,-21.651
-20.618,-22.895
-20.91,-22.904
-21.299,-23.471
-21.798,-23.488
-22.261,-23.774
-22.028,-22.71
-24.46,-23.618
-24.235,-22.465
-25.45,-23.034
-25.192,-23.672
-26.113,-22.72
-26.399,-23.764
-25.738,-22.95
-26.226,-23.332
-26.494,-21.664
-26.134,-21.757
-25.738,-22.803
-25.059,-21.492
-24.899,-22.257
-24.464,-20.611
-23.801,-21.253
-23.25,-21.621
-23.241,-21.332
-23.775,-23.993
-23.533,-23.734
-23.101,-23.914
-23.214,-23.885
-23.534,-23.934
-23.609,-24.419
-23.529,-24.768
-23.532,-25.561
-23.127,-26.089
-22.529,-27.052
-22.868,-26.302
-22.668,-25.6
-21.859,-25.437
-21.515,-25.053
-20.611,-26.556
-20.832,-24.796
-21.188,-24.87
-21.952,-25.417
-21.962,-27.274
-22.501,-28.107
-0,-0
-22.998,-29.402
-0,-0
-0,-0
-0,-0
-27.524,-29.099
-26.862,-28.638
-0,-0
NaN,NaN
-0,-0
-29.218,-30.058
-26.971,-29.727
-26.673,-28.796
-26.357,-27.42
-25.48,-25.872
-24.916,-24.754
-24.707,-23.337
-24.324,-22.968
-23.352,-22.471
-23.37,-22.665
-23.451,-22.381
-22.851,-21.65
-22.454,-21.964
-0,-0
-21.403,-20.048
-21.113,-19.211
-21.122,-20.476
-21.622,-20.372
-21.53,-20.915
-21.007,-20.909
-20.388,-20.604
-19.809,-20.372
-19.166,-19.976
-18.829,-19.758
-18.982,-19.636
-18.855,-20.08
-19.147,-20.016
-18.922,-20.308
-17.877,-20.325
-18.146,-20.691
-18.613,-21.479
-19.899,-21.63
-20.743,-22.369
-21.544,-21.552
-21.599,-22.517
-22.053,-23.082
-22.083,-23.905
-22.869,-24.347
-23.391,-24.43
-24.107,-24.11
-24.279,-24.134
-24.951,-24.087
-25.352,-25.178
-24.757,-24.126
-25.925,-24.239
-25.739,-22.919
-26.026,-22.952
-26.013,-24.053
-26.568,-23.939
-26.069,-23.574
-26.159,-24.268
-25.623,-23.12
-24.985,-22.916
-24.284,-22.481
-23.835,-22.231
-23.532,-22.859
-23.489,-22.973
-23.367,-23.529
-23.425,-24.923
-22.836,-25.646
-22.316,-25.774
-22.189,-25.591
-22.035,-26.767
-23.137,-26.853
-23.55,-24.179
-23.01,-26.276
-23.06,-26.814
-23.11,-27.188
-22.096,-27.345
-21.467,-26.981
-21.155,-26.736
-20.925,-25.195
-20.998,-25.229
-20.541,-25.891
-20.446,-25.006
-21.919,-24.911
-21.816,-24.225
-23.081,-25.307
-23.063,-28.734
-0,-0
-0,-0
-0,-0
-0,-0
-27.499,-28.706
-26.956,-28.502
-0,-0
-0,-0
-26.369,-26.982
-27.488,-27.456
-27.223,-28.786
-27.534,-27.822
-27.094,-28.118
-26.855,-27.998
-26.223,-27.277
-26.124,-27.475
-25.354,-25.428
-25.634,-24.069
-23.794,-24.482
-23.266,-24.015
-23.345,-24.211
-22.832,-23.576
-22.536,-23.841
-21.887,-22.254
-22.215,-21.757
-21.76,-21.988
-21.335,-21.915
-21.255,-21.249
-21.31,-21.2
-21.583,-21.234
-21.382,-21.4
-20.972,-21.517
-20.372,-21.166
-19.823,-20.73
-19.465,-20.339
-19.514,-20.453
-19.977,-20.573
-19.929,-20.744
-19.61,-20.761
-19.357,-20.761
-19.514,-20.655
-19.57,-20.829
-20.536,-21.223
-21.752,-21.104
-22.372,-22.338
-23.637,-21.515
-23.298,-22.19
-23.264,-23.021
-23.652,-24.239
-23.718,-24.438
-23.806,-24.362
-25.4,-24.648
-24.938,-23.156
-25.742,-25.071
-25.767,-22.034
-25.094,-23.783
-25.739,-22.672
-25.345,-22.984
-0,-0
-25.746,-23.623
-25.85,-24.125
-26.458,-24.464
-25.985,-25.318
-25.855,-24.148
-24.475,-26.165
-23.669,-23.906
-22.96,-23.511
-22.449,-23.709
-22.642,-23.856
-22.889,-24.064
-23.291,-24.67
-21.958,-26.817
-22.212,-27.202
-21.531,-27.84
-21.472,-28.367
-21.189,-28.395
-21.492,-28.576
-21.534,-28.864
-20.982,-29.29
-21.527,-28.722
-22.055,-27.524
-22.116,-27.108
-21.515,-27.203
-20.948,-26.536
-20.639,-26.7
-20.333,-25.641
-20.881,-25.38
-20.813,-24.673
-20.556,-24.994
-21.474,-24.888
-22.447,-23.696
-23.282,-25.404
-23.948,-27.464
-24.996,-28.24
-0,-0
-27.454,-29.434
-0,-0
-27.618,-27.708
-28.307,-28.723
-0,-0
NaN,NaN
-26.929,-25.434
-26.657,-25.864
-27.196,-25.736
-27.946,-27.363
-27.22,-28.307
-0,-0
-0,-0
-26.403,-29.016
-25.544,-27.255
-0,-0
-24.079,-27.451
-0,-0
-23.445,-25.499
-22.964,-23.632
-22.464,-24.729
-22.232,-24.035
-22.437,-23.87
-22.648,-22.959
-21.404,-22.928
-21.383,-22.2
-21.294,-21.959
-21.305,-22.053
-21.677,-22.613
-21.954,-22.364
-21.164,-22.157
-20.909,-21.781
-20.552,-21.006
-19.78,-20.693
-19.994,-20.484
-20.771,-20.489
-20.681,-21.359
-20.87,-21.036
-20.256,-21.866
-20.106,-21.729
-20.664,-21.527
-21.484,-21.894
-22.456,-21.512
-23.558,-20.952
-23.756,-21.25
-24.198,-22.072
-24.348,-22.461
-24.724,-23.21
-25.56,-24.074
-25.602,-24.322
-26.097,-24.29
-27.636,-25.007
-27.264,-24.848
-27.285,-25.318
-27.07,-22.481
-27.165,-24.331
-25.696,-22.091
-25.846,-22.309
-25.507,-23.926
-25.151,-23.625
-26.023,-23.604
NaN,NaN
-25.66,-23.843
-26.186,-24.517
-24.797,-26.263
-23.514,-23.635
-22.701,-24.325
-22.383,-25.027
-22.124,-24.893
-22.459,-25.202
-22.544,-25.466
-22.18,-26.173
-21.814,-26.974
-21.532,-27.698
-20.695,-28.219
-20.673,-28.829
-20.725,-29.786
-19.795,-29.849
-20.403,-30.353
-21.118,-29.734
-21.116,-29.809
-21.126,-29.44
-21.251,-29.263
-20.646,-29.394
-21.177,-28.039
-20.93,-26.656
-21.044,-26.747
-20.838,-26.116
-21.13,-26.763
-21.551,-24.66
-21.601,-25.313
-22.21,-24.947
-23.42,-23.965
-24.49,-24.993
-25.526,-25.578
-26.162,-28.513
-0,-0
-26.893,-29.346
-27.432,-28.014
-27.575,-26.919
-0,-0
-0,-0
-27.674,-25.126
-27.431,-25.38
-26.776,-24.818
-26.453,-24.842
-27.174,-25.958
-0,-0
-27.642,-25.36
-0,-0
-26.282,-28.098
-25.62,-27.66
-25.359,-29.077
-25.311,-27.942
-0,-0
-23.703,-28.571
-0,-0
-23.073,-26.294
-22.113,-24.79
-22.85,-25.009
-22.708,-24.084
-21.864,-24.355
-21.83,-23.287
-21.584,-23.107
-21.419,-23.267
-21.588,-23.263
-21.67,-23.15
-22.338,-25.342
-22.903,-24.338
-23.074,-24.307
-23.09,-23.459
-22.434,-22.787
-22.543,-22.584
-23.273,-22.449
-22.954,-22.108
-22.86,-22.113
-22.58,-21.402
-20.741,-22.284
-21.508,-22.051
-22.424,-22.22
-23.169,-22.789
-24.569,-21.759
-24.749,-21.542
-25.649,-21.018
-25.291,-21.941
-25.774,-22.671
-27.055,-23.938
-26.883,-23.774
-26.972,-23.691
-28.785,-24.285
-28.546,-24.719
-28.183,-25.011
-29.648,-23.077
-28.055,-22.723
-28.102,-22.886
-28.163,-22.742
-26.573,-22.616
-25.839,-23.218
-24.807,-24.12
-26.986,-22.332
-0,-0
-26.336,-23.717
-25.858,-24.04
-25.459,-25.452
-24.036,-23.389
-23.854,-24.649
-22.767,-24.662
-22.063,-25
-22.08,-25.226
-22.184,-25.922
-22.198,-25.988
-22.224,-26.163
-22.002,-27.478
-21.841,-29.007
-21.773,-30.53
-21.547,-32.284
-0,-0
NaN,NaN
-0,-0
-20.907,-28.494
-21.668,-30.654
NaN,NaN
-21.181,-30.888
-21.163,-29.989
-21.292,-29.99
-21.876,-28.403
-21.959,-27.569
-21.571,-27.105
-21.957,-26.489
-22.319,-27.136
-22.265,-24.86
-23.108,-25.026
-23.848,-25.226
-25.199,-25.137
-27.072,-24.707
-27.53,-25.236
-27.926,-28.595
-29.815,-29.338
-28.225,-29.016
-28.976,-28.564
-0,-0
-0,-0
-29.33,-26.259
-28.686,-26.341
-27.933,-25.741
-27.181,-24.864
-0,-0
-26.614,-26.708
-0,-0
-28.076,-24.766
NaN,NaN
NaN,NaN
-25.361,-27.993
-25.696,-28.243
-24.945,-29.117
-0,-0
-24.866,-31.22
-24.405,-24.149
-23.676,-27.403
-0,-0
-23.371,-26.571
-0,-0
-22.588,-26.39
-22.691,-25.028
-22.263,-24.973
-22.051,-24.332
-21.7,-24.158
-23.036,-26.703
-22.702,-26.726
-22.635,-26.172
-23.074,-25.41
-23.16,-25.298
-23.622,-24.788
-23.478,-24.507
-23.631,-23.832
-24.086,-23.245
-23.585,-23.115
-24.136,-23.36
-23.099,-23.944
-23.205,-24.097
-0,-0
-23.966,-22.666
-23.985,-22.837
-24.633,-23.33
-25.913,-22.246
-26.52,-22.467
-27.27,-21.128
-27.095,-22.288
-27.928,-22.812
-28.981,-23.555
-28.69,-24.263
-29.21,-24.087
-30.541,-24.55
-30.811,-25.017
NaN,NaN
NaN,NaN
-31.185,-23.837
-30.192,-22.5
-27.717,-23.55
-26.85,-24.263
-26.794,-22.964
-0,-0
-26.509,-22.329
-26.831,-23.435
-26.636,-23.197
-26.228,-24.674
-26.05,-25.264
-24.801,-23.374
-25.054,-23.614
-23.3,-24.936
-22.41,-24.958
-21.901,-25.191
-22.651,-26.874
-22.028,-26.652
-21.955,-26.265
-21.577,-26
-23.137,-28.697
-22.673,-29.649
-22.074,-31.078
NaN,NaN
-0,-0
-0,-0
-0,-0
-0,-0
-21.694,-29.391
-0,-0
-0,-0
-0,-0
-21.874,-30.618
-22.453,-30.191
-23.804,-29.519
-24.48,-29.82
-22.676,-27.587
-23.55,-26.56
-23.899,-26.158
-24.5,-25.486
-25.825,-25.226
-26.222,-26.078
-27.562,-26.172
-28.562,-24.978
-0,-0
-29.314,-28.731
-30.556,-29.933
-28.83,-28.174
-28.741,-26.73
-0,-0
NaN,NaN
-29.788,-27.41
-29.252,-28.23
-28.929,-26.751
-0,-0
-27.204,-25.334
-26.087,-24.503
-27.158,-26.094
-27.76,-27.514
-27.172,-26.642
-26.857,-27.836
-26.241,-27.786
-25.979,-28.962
-24.316,-29.924
-0,-0
-0,-0
-24.928,-26.732
-24.584,-29.3
-0,-0
-23.972,-27.602
-0,-0
-23.679,-28.933
-23.569,-28.187
-23.234,-27.921
-23.022,-25.899
-23.1,-27.097
-22.974,-27.553
-22.898,-27.464
-22.661,-26.794
-23.963,-28.079
-24.755,-29.116
-25.126,-27.369
-25.151,-27.356
-25.002,-26.058
-24.784,-25.077
-24.945,-24.606
-25.685,-24.556
-25.615,-24.724
-25.966,-25.274
-25.398,-24.551
-26.027,-24.827
-26.599,-22.972
-26.129,-22.838
-25.715,-23.577
-26.243,-23.698
-27.506,-22.858
-28.22,-22.415
-30.175,-22.401
-29.154,-22.704
-29.82,-23.569
-31.303,-23.35
-29.45,-24.495
-29.858,-24.216
-0,-0
-32.379,-24.79
-0,-0
-0,-0
-31.359,-25.377
-29.784,-20.504
-28.819,-23.631
-27.963,-23.83
-27.663,-22.814
-0,-0
-26.796,-23.352
-27.314,-24.237
-26.583,-22.334
-27.392,-24.178
-26.185,-25.312
-25.019,-24.024
-24.771,-25.827
-24.087,-26.215
-23.634,-26.332
-22.782,-26.419
-22.999,-27.293
-22.209,-26.947
-21.868,-26.864
-23.04,-28.821
-23.306,-28.657
-23.706,-29.007
-23.651,-30.637
NaN,NaN
-0,-0
-0,-0
-0,-0
-0,-0
-0,-0
-0,-0
-0,-0
-0,-0
-0,-0
-0,-0
-0,-0
-24.158,-29.832
-25.323,-30.86
-26.118,-29.436
-25.105,-28.091
-24.814,-26.606
-26.099,-25.905
-27.773,-26.51
-27.237,-25.472
-28.413,-26.786
-28.616,-28.3
-0,-0
-0,-0
-0,-0
-0,-0
-0,-0
-0,-0
NaN,NaN
-0,-0
-0,-0
-0,-0
-0,-0
-0,-0
-28.06,-25.601
-28.696,-26.399
-27.747,-27.245
-27.825,-27.123
-28.031,-27.414
-27.35,-28.191
-27.166,-28.759
-26.044,-30.639
-0,-0
-0,-0
-0,-0
-26.029,-27.307
-25.371,-31.216
-0,-0
-25.138,-28.722
-0,-0
-24.817,-29.539
-24.338,-29.846
-23.98,-29.877
-0,-0
-0,-0
-24.119,-28.862
-23.595,-27.883
-23.652,-28.778
-0,-0
-25.834,-31.894
-26.396,-28.95
-26.108,-29.229
-26.053,-27.917
-25.392,-27.176
-25.508,-26.096
-26.078,-25.764
-26.313,-25.543
-27.056,-25.775
-26.572,-25.696
-26.888,-26.051
-27.427,-25.355
-27.297,-24.697
-28.416,-23.78
-30.382,-23.464
-27.451,-24.927
-28.255,-24.113
-29.495,-23.459
-30.792,-22.787
NaN,NaN
-31.921,-23.689
-0,-0
-0,-0
-0,-0
-0,-0
-0,-0
-0,-0
-0,-0
-0,-0
-33.266,-23.801
NaN,NaN
NaN,NaN
-28.255,-24.875
-28.823,-24.246
-28.136,-24.395
-26.816,-23.582
-29.309,-22.498
-26.786,-22.335
-27.857,-24.418
-25.684,-24.81
-25.404,-24.29
-25.208,-25.883
-25.125,-26.523
-24.35,-25.949
-24.581,-27.57
-23.943,-28.146
-22.732,-27.299
-24.115,-29.53
-23.808,-29.292
-23.33,-29.392
-23.302,-28.433
-24.853,-31.107
-24.578,-30.804
-24.278,-30.414
-0,-0
-0,-0
-0,-0
-0,-0
-0,-0
-0,-0
-0,-0
NaN,NaN
-0,-0
-0,-0
-28.893,-28.719
-0,-0
-27.44,-29.556
-26.336,-30.4
-27.829,-29.404
-28.849,-29.129
-0,-0
-29.564,-26.098
-29.125,-27.093
-0,-0
-0,-0
-0,-0
-0,-0
-0,-0
-0,-0
-0,-0
-0,-0
-0,-0
-0,-0
-0,-0
-0,-0
-0,-0
-0,-0
-0,-0
-0,-0
-30.439,-27.068
-28.145,-28.727
-29.653,-28.645
-28.196,-28.477
NaN,NaN
-28.887,-28.237
-26.809,-30.863
-0,-0
-0,-0
-0,-0
-0,-0
-25.625,-31.802
-0,-0
-0,-0
-0,-0
-26.719,-30.359
-26.764,-29.245
-0,-0
-0,-0
-0,-0
-0,-0
-24.165,-28.801
-0,-0
-0,-0
-26.015,-32.692
-25.734,-33.403
-26.217,-31.1
-26.321,-30.064
-25.844,-28.194
-26.198,-25.793
-25.974,-26.262
-26.153,-24.984
-27.637,-25.569
-27.317,-25.135
-27.466,-25.389
-27.634,-26.031
-28.39,-26.101
-29.708,-25.9
-30.754,-25.401
-30.398,-24.85
-30.628,-24.573
-31.636,-24.802
-32.519,-22.823
-31.267,-24.136
-0,-0
-0,-0
NaN,NaN
-0,-0
-0,-0
-0,-0
-0,-0
-0,-0
-0,-0
-0,-0
-33.587,-28.609
-0,-0
-31.365,-26.053
-28.885,-22.086
-0,-0
-28.61,-25.543
-28.634,-25.846
-27.591,-24.132
-29.017,-24.039
-26.793,-23.257
-27.375,-24.236
-26.184,-24.461
-26.345,-23.612
-26.123,-24.744
-26.004,-26.449
-25.241,-26.392
-25.414,-28.14
-24.21,-28.669
-25.438,-28.296
-24.806,-28.853
-24.476,-28.41
-25.079,-29.142
-24.592,-30.393
-24.277,-30.92
-28.955,-29.273
NaN,NaN
-0,-0
-0,-0
-0,-0
-0,-0
-0,-0
-0,-0
-0,-0
-0,-0
-0,-0
-0,-0
-0,-0
-0,-0
-0,-0
-0,-0
-29.62,-30.27
-0,-0
-29.295,-30.31
-30.879,-29.97
-0,-0
-31.506,-26.701
-0,-0
-0,-0
-0,-0
-0,-0
-0,-0
-31.006,-28.915
-0,-0
-0,-0
-0,-0
-0,-0
-0,-0
-0,-0
-0,-0
-0,-0
-0,-0
-0,-0
-0,-0
NaN,NaN
-29.876,-28.206
-29.774,-27.253
-0,-0
-29.155,-27.286
-29.334,-27.486
-28.431,-27.539
-27.819,-27.826
-27.239,-27.778
-27.42,-27.943
-27.591,-28.768
-27.051,-30.233
-27.887,-28.657
-28.587,-29.03
NaN,NaN
-29.416,-29.129
-29.193,-29.411
-27.429,-29.548
-0,-0
-0,-0
-0,-0
-0,-0
-0,-0
-27.372,-32.833
-26.695,-33.094
-26.186,-33.134
-0,-0
-28.974,-29.366
-29.987,-28.157
-28.758,-28.913
-28.202,-28.841
-27.62,-28.465
-27.452,-28.012
-27.991,-27.776
-28.331,-27.792
-27.811,-28.69
-28.17,-28.697
-29.615,-28.649
-29.973,-27.747
-31.384,-25.833
-31.021,-25.095
-30.894,-25.589
-30.991,-25.671
-30.551,-25.617
-32.347,-25.061
-32.462,-24.881
-0,-0
-0,-0
-29.541,-26.393
-32.093,-27.567
-0,-0
-0,-0
-0,-0
-0,-0
-0,-0
-0,-0
-33.479,-28.749
-0,-0
-0,-0
-28.965,-23.619
-0,-0
-30.218,-27.608
-28.741,-26.919
-28.6,-26.42
-29.319,-24.143
-27.339,-24.337
-27.971,-24.987
-27.429,-24.36
-27.31,-23.14
-26.52,-24.481
-26.24,-25.692
-26.677,-24.784
-26.346,-27.032
-25.772,-27.384
-26.336,-27.561
-26.804,-27.415
-26.182,-27.373
-25.981,-27.988
-25.864,-28.906
-26.33,-28.561
-27.165,-28.735
-28.542,-28.731
-29.487,-28.582
-29.623,-28.762
-31.003,-27.804
-0,-0
-0,-0
-0,-0
-0,-0
-0,-0
-0,-0
-0,-0
-0,-0
-0,-0
-0,-0
-0,-0
-0,-0
-0,-0
-0,-0
-0,-0
-29.505,-30.608
-30.747,-30.344
-31.88,-28.461
-0,-0
-0,-0
-0,-0
-29.844,-30.483
-0,-0
NaN,NaN
-30.042,-29.695
-30.269,-29.719
-28.661,-29.189
-0,-0
-0,-0
-0,-0
-0,-0
-0,-0
-0,-0
-0,-0
-0,-0
-0,-0
-0,-0
-31.735,-28.162
-29.807,-28.783
-30.456,-27.898
-29.438,-27.791
-29.587,-27.487
-29.748,-27.177
-28.132,-27.845
-25.247,-26.814
-27.117,-26.846
-28.633,-27.443
-27.557,-29.145
-28.223,-29.02
-28.179,-28.07
-29.914,-28.488
-30.546,-27.18
-30.977,-27.393
-29.982,-28.457
-0,-0
-26.744,-28.918
NaN,NaN
-27.229,-30.926
-28.853,-31.834
-28.39,-32.819
-0,-0
-0,-0
-29.404,-27.382
-29.485,-28.327
-29.055,-28.236
-29.937,-27.553
-28.738,-27.379
-27.931,-27.452
-26.947,-27.811
-26.823,-28.124
-27.366,-27.858
-27.823,-28.288
-27.404,-28.803
-27.087,-29.963
-27.562,-29.679
-28.745,-29.871
-28.725,-30.648
-0,-0
-30.023,-27.711
-32.539,-25.547
-31.224,-26.914
-30.365,-26.617
-30.097,-27.356
-30.139,-27.065
-30.807,-28.762
-28.74,-29.735
-31.023,-29.365
-30.684,-28.689
-30.726,-28.439
NaN,NaN
-33.919,-27.922
-0,-0
-0,-0
-0,-0
-0,-0
-0,-0
-0,-0
NaN,NaN
-0,-0
-0,-0
-30.833,-27.982
NaN,NaN
-28.352,-25.619
-28.036,-24.587
-29.406,-26.112
-28.041,-23.923
-28.191,-23.333
-27.87,-23.557
-28.261,-24.232
-28.435,-23.664
-27.247,-25.831
-28.018,-25.893
-27.076,-26.824
-27.664,-26.803
-27.426,-26.883
-27.154,-26.838
-27.134,-26.709
-27.112,-27.377
-27.599,-28.189
-27.999,-28.569
-30.07,-28.818
-30.631,-28.727
-31.222,-28.969
-31.529,-29.134
-32.135,-27.889
-0,-0
-0,-0
-0,-0
-0,-0
-0,-0
-0,-0
-0,-0
-0,-0
-0,-0
-0,-0
-0,-0
-0,-0
-0,-0
-0,-0
-0,-0
-31.889,-32.981
-29.277,-30.401
-31.744,-29.697
NaN,NaN
-0,-0
-0,-0
-30.046,-30.428
-0,-0
-0,-0
-28.253,-29.83
-0,-0
-28.441,-28.46
-29.441,-27.901
-0,-0
-0,-0
-0,-0
-0,-0
-0,-0
-0,-0
-0,-0
-0,-0
-32.086,-28.797
-31.958,-28.488
-30.66,-29.349
NaN,NaN
-0,-0
-0,-0
-31.643,-25.848
-30.029,-27.365
-26.535,-26.177
-28.586,-26.881
-30.469,-27.048
-29.588,-26.849
-28.726,-28.229
-29.146,-27.519
-0,-0
-31.096,-25.555
-31.732,-25.808
-31.519,-26.602
-33.572,-26.74
NaN,NaN
-31.033,-27.262
-28.62,-28.827
-30.216,-29.637
-29.359,-31.37
-0,-0
NaN,NaN
-29.114,-28.172
-30.097,-28.127
-29.179,-27.245
-29.479,-27.677
-29.999,-27.629
-29.185,-28.255
-28.137,-28.212
-27.489,-28.584
-27.212,-28.76
-27.43,-28.705
-27.453,-28.576
-26.819,-28.593
-26.318,-28.691
-26.61,-29.256
-27.501,-29.436
-27.995,-29.646
-28.846,-30.402
-28.928,-29.874
-27.867,-28.859
-30.522,-26.539
-28.941,-26.978
-30.32,-27.575
-28.992,-28.194
-28.633,-29.716
-28.186,-30.332
-28.361,-29.521
-29.692,-29.495
-30.114,-30.289
-29.551,-28.586
-31.921,-27.772
-31.755,-28.941
-0,-0
-0,-0
-0,-0
-0,-0
-0,-0
NaN,NaN
-0,-0
-0,-0
-0,-0
-0,-0
-28.588,-26.735
-29.669,-25.675
-30.571,-24.588
-30.169,-26.674
-29.164,-23.936
-30.032,-23.684
-29.371,-23.724
-30.306,-24.262
-29.941,-24.054
-28.227,-24.983
-29.362,-25.189
-28.708,-25.537
-28.658,-25.825
-29.035,-26.014
-28.748,-25.443
-29.297,-25.711
-29.167,-26.008
-28.946,-26.82
-29.228,-28.05
-29.622,-28.57
-29.311,-28.47
-30.593,-28.147
-30.692,-27.837
-31.983,-29.56
-32.255,-29.833
-32.113,-28.083
-31.938,-28.933
-31.327,-28.737
-0,-0
-0,-0
-0,-0
-0,-0
-0,-0
-0,-0
-0,-0
-0,-0
-0,-0
-0,-0
-0,-0
-0,-0
-0,-0
-30.947,-32.367
-0,-0
NaN,NaN
-31.344,-30.105
-0,-0
NaN,NaN
-28.271,-30.205
-0,-0
-0,-0
-27.273,-29.792
-0,-0
-28.1,-28.685
-28.303,-27.808
-0,-0
-0,-0
-0,-0
-0,-0
-0,-0
-0,-0
-0,-0
-32.311,-29.509
-31.783,-29.483
-0,-0
-0,-0
-0,-0
-0,-0
-0,-0
-30.865,-26.413
-26.667,-25.961
-29.698,-28.206
NaN,NaN
-30.08,-25.969
-28.948,-28.087
-29.471,-27.586
-0,-0
-31.199,-25.626
-32.016,-24.399
-32.77,-25.666
-0,-0
-0,-0
-31.206,-27.083
-31.535,-26.744
-31.182,-27.685
-31.223,-30.778
-28.965,-28.468
-28.328,-28.582
-29.443,-28.385
-29.116,-28.602
-28.814,-28.511
-28.746,-28.113
-28.409,-28.288
-28.914,-27.841
-28.706,-28.206
-27.369,-28.844
-27.163,-29.817
-27.106,-29.876
-27.013,-30.123
-26.898,-30.649
-25.809,-29.721
-25.765,-29.864
-26.153,-29.75
-26.723,-29.086
-26.635,-29.074
-27.479,-29.534
-28.357,-29.565
-27.441,-28.171
-27.3,-28.766
-28.914,-27.131
-27.842,-29.19
-27.857,-28.378
-27.611,-29.537
-25.521,-31.617
-27.727,-29.544
-0,-0
-29.631,-30.228
-29.195,-28.461
-0,-0
-30.747,-28.753
-0,-0
-30.643,-27.774
-0,-0
-0,-0
-0,-0
-0,-0
-0,-0
-0,-0
-0,-0
-0,-0
-31.587,-26.368
-32.111,-24.585
-30.469,-26.273
-29.366,-24.198
-31.099,-23.761
-30.865,-23.66
-31.771,-23.33
-30.542,-23.539
-31.796,-24.673
-30.954,-24.931
-30.776,-24.643
-30.516,-24.78
-30.591,-25.198
-29.895,-25.15
-29.911,-25.581
-29.711,-26.048
-29.371,-26.314
-29.159,-27.458
-29.8,-28.552
-0,-0
-0,-0
-0,-0
-0,-0
-0,-0
-0,-0
-31.831,-30.059
NaN,NaN
-32.084,-29.237
NaN,NaN
-0,-0
-0,-0
-0,-0
-0,-0
-0,-0
-0,-0
-0,-0
-0,-0
-0,-0
-0,-0
-0,-0
-0,-0
-0,-0
NaN,NaN
-0,-0
-0,-0
-28.277,-30.426
-27.592,-29.676
-0,-0
-27.593,-28.276
-26.839,-29.194
-0,-0
-27.9,-28.353
-0,-0
-0,-0
-0,-0
-0,-0
-0,-0
-0,-0
-0,-0
-0,-0
-0,-0
-0,-0
-0,-0
-0,-0
-0,-0
-32.061,-29.069
-0,-0
-31.996,-24.225
-30.6,-27.739
-32.463,-29.096
-31.604,-28.608
-31.974,-27.448
-32.13,-28.516
-32.686,-28.477
-31.096,-25.008
-31.555,-24.284
-0,-0
-0,-0
-0,-0
-31.474,-25.53
-30.43,-24.189
-33.2,-28.137
-32.89,-28.887
-30.114,-27.787
-29.838,-28.397
-29.001,-29.261
-28.963,-29.644
-28.467,-28.789
-28.095,-28.022
-28.542,-27.804
-27.047,-27.814
-28.382,-27.355
-28.983,-28.979
-27.291,-29.379
-27.852,-28.989
-0,-0
-0,-0
-0,-0
-0,-0
-0,-0
-0,-0
-0,-0
-0,-0
-26.4,-29.627
-26.664,-30.536
-26.905,-28.587
-27.223,-29.105
-26.967,-29.773
-25.853,-29.736
-0,-0
-26.487,-29.932
-26.75,-31.462
-26.455,-30.391
-0,-0
-27.199,-28.931
-27.161,-28.217
-0,-0
-28.726,-29.116
-0,-0
-28.95,-27.603
-29.956,-29.128
-0,-0
-0,-0
-0,-0
-0,-0
-0,-0
-0,-0
-0,-0
-0,-0
-32.312,-25.814
-30.486,-24.38
-32.177,-24.306
-30.418,-23.479
-32.027,-22.897
-31.326,-24.365
-32.488,-24.708
-32.566,-25.526
-31.531,-24.187
-31.081,-25.015
-30.764,-25.25
-30.845,-25.55
NaN,NaN
-0,-0
-0,-0
-0,-0
-0,-0
-0,-0
-0,-0
-0,-0
-0,-0
-0,-0
-0,-0
-0,-0
-0,-0
-0,-0
-0,-0
-0,-0
-0,-0
-0,-0
-0,-0
-0,-0
-0,-0
-0,-0
-0,-0
-0,-0
-0,-0
-0,-0
-0,-0
NaN,NaN
-0,-0
-0,-0
-0,-0
-0,-0
-29.389,-29.726
-27.718,-29.922
-28.394,-29.91
-0,-0
-27.004,-28.474
-26.188,-28.729
-27.585,-28.328
-27.902,-27.944
-30.653,-29.65
-0,-0
-0,-0
-0,-0
-0,-0
-0,-0
-0,-0
-0,-0
-0,-0
-0,-0
-0,-0
-31.665,-29.698
-0,-0
-0,-0
NaN,NaN
-26.928,-26.427
-0,-0
-31.567,-29.843
-31.894,-27.104
-32.092,-29.015
-31.967,-28.327
-31.923,-27.295
-32.567,-27.353
-32.363,-26.812
-0,-0
-0,-0
-31.9,-24.861
-31.938,-25.114
-0,-0
-32.631,-25.666
-31.525,-28.907
-29.946,-28.995
-29.173,-29.703
-28.794,-28.801
-27.133,-26.774
-28.681,-27.631
-28.932,-27.115
-28.576,-27.207
-27.726,-28.108
-27.495,-27.433
-26.968,-28.984
-26.61,-30.064
-25.914,-30.979
-0,-0
-25.161,-30.491
-0,-0
-0,-0
-0,-0
-0,-0
-0,-0
-0,-0
-0,-0
-26.516,-28.924
-25.407,-31.305
-26.414,-30.68
-26.24,-30.332
-25.239,-29.917
-0,-0
-25.748,-29.904
-26.367,-31.011
-26.407,-30.965
-26.772,-28.879
-0,-0
NaN,NaN
-0,-0
-27.521,-28.751
-0,-0
-29.031,-27.265
-30.062,-28.856
-0,-0
-0,-0
-0,-0
-0,-0
-0,-0
-0,-0
-0,-0
-32.312,-25.839
-31.627,-24.795
NaN,NaN
-30.717,-23.835
-32.368,-23.093
-0,-0
-32.759,-24.177
NaN,NaN
-31.782,-24.48
-30.625,-25.006
-0,-0
-0,-0
-0,-0
-0,-0
-0,-0
-0,-0
-0,-0
-0,-0
-0,-0
-0,-0
-0,-0
-0,-0
-0,-0
-0,-0
-0,-0
-0,-0
-0,-0
-0,-0
-0,-0
-32.169,-30.613
NaN,NaN
-0,-0
-0,-0
-0,-0
-0,-0
-0,-0
-0,-0
-0,-0
-0,-0
-0,-0
-0,-0
-0,-0
-0,-0
-0,-0
-0,-0
-0,-0
-27.918,-29.718
-0,-0
-0,-0
-26.44,-29.309
-28.055,-28.262
-28.238,-28.096
-0,-0
-0,-0
-0,-0
-0,-0
-0,-0
-0,-0
-0,-0
-0,-0
-0,-0
-0,-0
-0,-0
-0,-0
-0,-0
-0,-0
-0,-0
-0,-0
-0,-0
-0,-0
-0,-0
-0,-0
-0,-0
-0,-0
-32.154,-27.043
-32.722,-26.847
-32.336,-26.382
-31.8,-25.786
-0,-0
NaN,NaN
-0,-0
-31.114,-27.027
-30.511,-28.758
-29.084,-29.153
-28.562,-29.246
-0,-0
-26.351,-26.03
-26.794,-26.811
-27.114,-27.795
-27.55,-28.038
-28.008,-27.553
-26.081,-29.324
-26.238,-29.954
-0,-0
-0,-0
-0,-0
NaN,NaN
-0,-0
NaN,NaN
-0,-0
-0,-0
-0,-0
-0,-0
-0,-0
-25.263,-29.357
-0,-0
-25.574,-32.101
-25.188,-30.544
-25.114,-30.326
-22.918,-31.437
-0,-0
-26.984,-31.236
-26.737,-29.887
NaN,NaN
-0,-0
-0,-0
NaN,NaN
-27.72,-28.743
-0,-0
-28.039,-27.12
-29.723,-28.393
-0,-0
-0,-0
-0,-0
-0,-0
-0,-0
-0,-0
-0,-0
-0,-0
NaN,NaN
-30.947,-24.45
-32.128,-23.1
-0,-0
-0,-0
-0,-0
-0,-0
-0,-0
-0,-0
-0,-0
-0,-0
-0,-0
-0,-0
-0,-0
-0,-0
-0,-0
-0,-0
-0,-0
-0,-0
-0,-0
-0,-0
-0,-0
-0,-0
-0,-0
-0,-0
-0,-0
-0,-0
-0,-0
-0,-0
NaN,NaN
-31.155,-30.83
-0,-0
-0,-0
-0,-0
-0,-0
-0,-0
NaN,NaN
-31.756,-33.342
-0,-0
-0,-0
NaN,NaN
-0,-0
-0,-0
-0,-0
-0,-0
-0,-0
-27.368,-30.005
-0,-0
-28.756,-29.032
-26.672,-29.151
-27.897,-28.023
-28.735,-28.882
-0,-0
-0,-0
-0,-0
-0,-0
-0,-0
-0,-0
-0,-0
-0,-0
-0,-0
-0,-0
-0,-0
-0,-0
-0,-0
-0,-0
-0,-0
-0,-0
-0,-0
-0,-0
-0,-0
-0,-0
-0,-0
-0,-0
-0,-0
-31.181,-27.85
-31.438,-25.459
-31.199,-27.156
-31.348,-27.556
-31.089,-26.391
-31.151,-26.692
-30.864,-28.788
-29.732,-29.234
-29.109,-30.608
-28.939,-30.266
-27.902,-28.035
-27.215,-27.396
-26.915,-27.068
-27.663,-29.548
-25.947,-30.818
-25.664,-31.52
-25.331,-32.251
-0,-0
-0,-0
-0,-0
-0,-0
-0,-0
-0,-0
NaN,NaN
-0,-0
-0,-0
-0,-0
-0,-0
-24.906,-29.259
-0,-0
-25.149,-32.542
-24.971,-29.123
-26.291,-31.005
-24.927,-30.522
-0,-0
-0,-0
-26.463,-29.332
-27.322,-29.823
-0,-0
-0,-0
-27.628,-29.997
-28.294,-28.536
-27.686,-29.22
-0,-0
-30.444,-28.434
-0,-0
-0,-0
-0,-0
-0,-0
-0,-0
-0,-0
-0,-0
-0,-0
-0,-0
-0,-0
-0,-0
-0,-0
-0,-0
-0,-0
-0,-0
-0,-0
-0,-0
-0,-0
-0,-0
-0,-0
-0,-0
-0,-0
-0,-0
-0,-0
-0,-0
-0,-0
-0,-0
-0,-0
-0,-0
-0,-0
-0,-0
-0,-0
-0,-0
-0,-0
-0,-0
-0,-0
-0,-0
-0,-0
-31.121,-30.983
-0,-0
-0,-0
-0,-0
-0,-0
-0,-0
-0,-0
-0,-0
-29.435,-31.917
NaN,NaN
-0,-0
-0,-0
-0,-0
-0,-0
-0,-0
-0,-0
-28.611,-29.561
-0,-0
NaN,NaN
-27.963,-29.357
-0,-0
-28.349,-29.051
-0,-0
-0,-0
-0,-0
-0,-0
-0,-0
-0,-0
-0,-0
-0,-0
-0,-0
-0,-0
-0,-0
-0,-0
-0,-0
-0,-0
-0,-0
-0,-0
-0,-0
-0,-0
-32.984,-26.88
-0,-0
-32.708,-26.907
-32.665,-26.717
-29.496,-27.733
-31.566,-25.655
-0,-0
-30.625,-27.462
-30.521,-26.993
-30.978,-27.722
-31.371,-28.665
-0,-0
-0,-0
-29.748,-29.341
-28.908,-29.444
-29.212,-29.012
-27.364,-29.941
-26.207,-28.508
-26.576,-31.145
NaN,NaN
-0,-0
-0,-0
-0,-0
-0,-0
-0,-0
-0,-0
-0,-0
-0,-0
-0,-0
-0,-0
-0,-0
-0,-0
-0,-0
-25.308,-29.909
-0,-0
-26.916,-32.386
NaN,NaN
-24.724,-30.642
-26.794,-29.999
-0,-0
-0,-0
-26.736,-29.356
-27.991,-29.559
-27.95,-28.642
-0,-0
-28.342,-29.731
-28.831,-28.133
-28.854,-28.747
-29.666,-26.76
-31.698,-28.501
-0,-0
-0,-0
-0,-0
-0,-0
-0,-0
-0,-0
-0,-0
-0,-0
-0,-0
-0,-0
-0,-0
-0,-0
-0,-0
-0,-0
-0,-0
-0,-0
-0,-0
-0,-0
-0,-0
-0,-0
-0,-0
-0,-0
-0,-0
-0,-0
-0,-0
-0,-0
-0,-0
-0,-0
-0,-0
-0,-0
-0,-0
-0,-0
-0,-0
-0,-0
-0,-0
-0,-0
-0,-0
-0,-0
-0,-0
NaN,NaN
-30.04,-30.7
-0,-0
-0,-0
-0,-0
-0,-0
-29.691,-31.979
-0,-0
NaN,NaN
-29.347,-30.555
-0,-0
-0,-0
-0,-0
-0,-0
-0,-0
-0,-0
-28.921,-29.569
-0,-0
-0,-0
-28.201,-29.044
-28.255,-28.186
-0,-0
-0,-0
-0,-0
-0,-0
-0,-0
-0,-0
-0,-0
-0,-0
-0,-0
-0,-0
-0,-0
-0,-0
-0,-0
-0,-0
-0,-0
-0,-0
-0,-0
-0,-0
-0,-0
-30.888,-26.317
-31.267,-27.329
-31.051,-26.774
-30.864,-26.805
-31.233,-26.583
-0,-0
-0,-0
-30.789,-27.257
-31.224,-28.866
-30.873,-28.169
-29.493,-28.173
NaN,NaN
-29.771,-29.119
-29.408,-29.557
-28.959,-29.855
-27.585,-30.109
-0,-0
NaN,NaN
-0,-0
-0,-0
-0,-0
-0,-0
NaN,NaN
NaN,NaN
-0,-0
-0,-0
-0,-0
-0,-0
-0,-0
-0,-0
NaN,NaN
-0,-0
-25.091,-29.045
-0,-0
-25.988,-31.653
-26.405,-30.675
-27.645,-30.058
-24.695,-30.524
-26.77,-30.358
-26.619,-29.033
NaN,NaN
-0,-0
-28.177,-29.238
-28.278,-28.642
-28.505,-28.453
-28.864,-28.796
-0,-0
-29.704,-28.825
-29.837,-26.637
-0,-0
-0,-0
-0,-0
-0,-0
-0,-0
NaN,NaN
-0,-0
NaN,NaN
-0,-0
-0,-0
-0,-0
-0,-0
-0,-0
-0,-0
-0,-0
-0,-0
-0,-0
-0,-0
-0,-0
-0,-0
-0,-0
-0,-0
-0,-0
-0,-0
-0,-0
-0,-0
-0,-0
-0,-0
-0,-0
-0,-0
-0,-0
-0,-0
-0,-0
-0,-0
-0,-0
-0,-0
-0,-0
-0,-0
-0,-0
NaN,NaN
-29.194,-29.972
-27.801,-30.301
-0,-0
-0,-0
-0,-0
-27.812,-30.305
-27.663,-30.366
-29.753,-29.053
-0,-0
-0,-0
-0,-0
-0,-0
-0,-0
-0,-0
-27.482,-29.177
-0,-0
-0,-0
-27.252,-28.42
-0,-0
-27.813,-28.747
-29.236,-27.814
-28.942,-29.348
-0,-0
-0,-0
-0,-0
-0,-0
-0,-0
-0,-0
-0,-0
-0,-0
-0,-0
-0,-0
NaN,NaN
-0,-0
-0,-0
-0,-0
-0,-0
-0,-0
-0,-0
-0,-0
-0,-0
-30.313,-26.626
-30.146,-26.846
-30.175,-26.421
-30.285,-26.777
-30.105,-27.855
-30.621,-27.881
-0,-0
-0,-0
-28.644,-28.212
-29.725,-29.766
-28.804,-30.297
-29.233,-29.721
-29.331,-30.233
-29.92,-30.526
-0,-0
-25.825,-30.642
-0,-0
-25.079,-30.988
-24.704,-31.408
-0,-0
-0,-0
-0,-0
-0,-0
-0,-0
-0,-0
-0,-0
NaN,NaN
-28.567,-29.541
-27.796,-30.571
-26.24,-29.905
-26.854,-29.655
-26.36,-31.182
-25.791,-29.687
-0,-0
-25.975,-30.102
-28.018,-29.563
-0,-0
-28.116,-28.87
-0,-0
-0,-0
-28.471,-28.63
-28.913,-27.998
-28.742,-27.86
-29.176,-28.334
NaN,NaN
-0,-0
NaN,NaN
-0,-0
-0,-0
-0,-0
-0,-0
-0,-0
-0,-0
-0,-0
-0,-0
-0,-0
-0,-0
-14.676,-15.634
-0,-0
-0,-0
-0,-0
-0,-0
-0,-0
-0,-0
-0,-0
-0,-0
-0,-0
-0,-0
-0,-0
-0,-0
-0,-0
-0,-0
-0,-0
-0,-0
-0,-0
-0,-0
-0,-0
-0,-0
-0,-0
-0,-0
-0,-0
-0,-0
-0,-0
-0,-0
-0,-0
-0,-0
-0,-0
-0,-0
-27.689,-29.218
-28.223,-30.205
-28.608,-28.301
-27.633,-29.013
-27.705,-28.759
-27.6,-28.707
-26.842,-30.495
-28.618,-28.224
-0,-0
-0,-0
-0,-0
-0,-0
NaN,NaN
-0,-0
-27.87,-27.869
-29.2,-28.601
NaN,NaN
-27.867,-27.533
NaN,NaN
-28.625,-27.656
-0,-0
-0,-0
-0,-0
-0,-0
-0,-0
-0,-0
-0,-0
-0,-0
-0,-0
-0,-0
-0,-0
-0,-0
-0,-0
-0,-0
NaN,NaN
-30.06,-30.802
-29.547,-29.589
-30.178,-28.804
-29.267,-29.96
-0,-0
-30.137,-27.735
-0,-0
-29.948,-27.314
-29.806,-27.369
-29.105,-27.56
-29.267,-26.975
NaN,NaN
-28.574,-28.827
-28.907,-29.181
-28.814,-28.667
-29.012,-29.901
-0,-0
-0,-0
-0,-0
-0,-0
-0,-0
-0,-0
-0,-0
-0,-0
-0,-0
-0,-0
-0,-0
-0,-0
-0,-0
-0,-0
-0,-0
-0,-0
-28.192,-29.217
-28.249,-28.628
-27.265,-28.326
-26.237,-29.33
-25.948,-29.477
-25.885,-30.164
-28.146,-28.854
-26.175,-28.634
-27.394,-29.042
-28.583,-28.602
-0,-0
-28.132,-28.455
-29.037,-29.021
-27.646,-29.114
-29.07,-27.851
-29.41,-27.219
-29.896,-28.296
-30.142,-28.353
-31.223,-29.235
-0,-0
-0,-0
-0,-0
-0,-0
-0,-0
-0,-0
-0,-0
-0,-0
-0,-0
-0,-0
-0,-0
-0,-0
-0,-0
-0,-0
-0,-0
-0,-0
-0,-0
-0,-0
-0,-0
-0,-0
-0,-0
-0,-0
-0,-0
-0,-0
-0,-0
-0,-0
-0,-0
-0,-0
-0,-0
-0,-0
-0,-0
-0,-0
-0,-0
-0,-0
-0,-0
-0,-0
-0,-0
-0,-0
-0,-0
-0,-0
-0,-0
-0,-0
-27.629,-28.879
-27.589,-29.107
-26.696,-28.448
-27.75,-28.76
-27.358,-28.626
-27.317,-28.251
-28.291,-27.163
-0,-0
-0,-0
-27.258,-28.198
-0,-0
-27.524,-27.533
-27.076,-28.845
-0,-0
-27.983,-27.44
-28.169,-28.341
-0,-0
-28.785,-26.938
-0,-0
-0,-0
-0,-0
-0,-0
-0,-0
-0,-0
-0,-0
-0,-0
-0,-0
-0,-0
-0,-0
-31.8,-29.58
-32.595,-29.754
-32.937,-28.157
-33.931,-28.574
-34.038,-28.555
-33.386,-27.892
-31.027,-28.078
-30.121,-27.751
-30.23,-28.97
-29.686,-30.173
-29.075,-28.426
-30.425,-26.664
-0,-0
-29.123,-27.268
-28.808,-28.761
-28.888,-27.728
-27.655,-26.875
-27.986,-27.145
-28.458,-29.288
-28.631,-29.865
-0,-0
-0,-0
-0,-0
-0,-0
-0,-0
-0,-0
-0,-0
-0,-0
-0,-0
-0,-0
-0,-0
-0,-0
-0,-0
-0,-0
-0,-0
-0,-0
-0,-0
-0,-0
-0,-0
-0,-0
-25.7,-28.564
-26.063,-28.605
-25.976,-29.032
-27.076,-28.279
-26.388,-28.446
-26.658,-27.744
-26.964,-28.681
-29.116,-28.656
-29.037,-27.086
-28.517,-27.239
-29.472,-27.665
-0,-0
-29.17,-26.866
-30.098,-27.348
-31.297,-27.363
-31.756,-27.402
-0,-0
-0,-0
-0,-0
-0,-0
-0,-0
-0,-0
-0,-0
-0,-0
-0,-0
-0,-0
-0,-0
-0,-0
-0,-0
-0,-0
-0,-0
-0,-0
-0,-0
-0,-0
-0,-0
-0,-0
-0,-0
-0,-0
-0,-0
-0,-0
-0,-0
-0,-0
-0,-0
-0,-0
-0,-0
-0,-0
-0,-0
-0,-0
-0,-0
-0,-0
-0,-0
-0,-0
-0,-0
-0,-0
-0,-0
-0,-0
-0,-0
-0,-0
-0,-0
-0,-0
-27.251,-28.714
-27.365,-28.547
-27.167,-28.265
-27.573,-28.306
-27.242,-28.021
-28.097,-27.97
-28.459,-27.51
-0,-0
-0,-0
-27.237,-27.31
-0,-0
-27.943,-27.172
-27.842,-28.376
NaN,NaN
-28.481,-27.346
-28.096,-28.766
-0,-0
-0,-0
-0,-0
-0,-0
-0,-0
-0,-0
-0,-0
-0,-0
-0,-0
NaN,NaN
-0,-0
-31.66,-28.985
-31.689,-29.067
-32.674,-29.643
-32.458,-29.247
-33.585,-28.103
-29.149,-28.172
-34.013,-28.462
-30.909,-28.223
-29.632,-27.429
-32.036,-27.593
-30.644,-27.599
-28.718,-28.339
-28.586,-28.267
-26.979,-29.576
-28.137,-27.967
-27.579,-28.624
-0,-0
-27.807,-27.806
-27.122,-27.655
-26.405,-27.907
NaN,NaN
-0,-0
-0,-0
-0,-0
-0,-0
-0,-0
-0,-0
-0,-0
-0,-0
-0,-0
-0,-0
-0,-0
-0,-0
-0,-0
-0,-0
-0,-0
-0,-0
-0,-0
-0,-0
-0,-0
-0,-0
-0,-0
-25.488,-27.354
-0,-0
-26.365,-27.485
-27.657,-27.692
-26.987,-26.7
-28.177,-27.992
-0,-0
-29.627,-27.492
-29.526,-26.527
-0,-0
-29.596,-27.036
-0,-0
-29.82,-26.862
-0,-0
-0,-0
-0,-0
-0,-0
-0,-0
-0,-0
-0,-0
-0,-0
NaN,NaN
-0,-0
-0,-0
-0,-0
-0,-0
-0,-0
-0,-0
-0,-0
-0,-0
-0,-0
-0,-0
-0,-0
-0,-0
-0,-0
-0,-0
-0,-0
-0,-0
-0,-0
-0,-0
-0,-0
-0,-0
-0,-0
-0,-0
-0,-0
-0,-0
-0,-0
-0,-0
-0,-0
-0,-0
-0,-0
-0,-0
-0,-0
-0,-0
-0,-0
-0,-0
-0,-0
-0,-0
-0,-0
-27.207,-28.143
-27.803,-27.824
-27.3,-27.529
-27.45,-27.755
-28.036,-27.635
-27.695,-26.862
-0,-0
-0,-0
-0,-0
-27.735,-26.596
-0,-0
-28.236,-26.048
-28.254,-28.049
NaN,NaN
-28.161,-26.753
-0,-0
-0,-0
-0,-0
-0,-0
-0,-0
-0,-0
-27.664,-27.667
-0,-0
-30.517,-30.398
NaN,NaN
-31.547,-29.784
-0,-0
NaN,NaN
-0,-0
-28.621,-28.411
-28.832,-29.279
-28.385,-28.748
-27.431,-28.919
-27.911,-29.062
-28.266,-28.043
-26.654,-29.208
-0,-0
-28.295,-28.241
-28.068,-27.447
-26.839,-28.562
-26.589,-28.913
-25.972,-29.254
-0,-0
-25.026,-28.698
-25.892,-28.886
-26.333,-29.225
-25.288,-26.939
-0,-0
-0,-0
-0,-0
-0,-0
-0,-0
-0,-0
-0,-0
-0,-0
-0,-0
-0,-0
-0,-0
-0,-0
-0,-0
-0,-0
-0,-0
-0,-0
-0,-0
-0,-0
-0,-0
-0,-0
-0,-0
-26.982,-26.275
-26.076,-27.207
-26.042,-26.826
-28.705,-26.056
-27.47,-26.679
-28.053,-27.042
-28.245,-28.033
-30.149,-26.026
-29.518,-28.562
-0,-0
-0,-0
-0,-0
-0,-0
-0,-0
-0,-0
NaN,NaN
-0,-0
-0,-0
-0,-0
-0,-0
-0,-0
-0,-0
-0,-0
-0,-0
-0,-0
-0,-0
-0,-0
-0,-0
-0,-0
-0,-0
-0,-0
-0,-0
-0,-0
-0,-0
-0,-0
-0,-0
-0,-0
-0,-0
-0,-0
-0,-0
-0,-0
-0,-0
-0,-0
-0,-0
-0,-0
-0,-0
-0,-0
-0,-0
-0,-0
-0,-0
-0,-0
-0,-0
-0,-0
-0,-0
-0,-0
-0,-0
-0,-0
-0,-0
-0,-0
-0,-0
-0,-0
-27.855,-27.456
-27.639,-27.092
-28.035,-27.497
-28.15,-27.79
-28.016,-27.108
-28.55,-27.286
-0,-0
-0,-0
-0,-0
-28.247,-26.479
-0,-0
-28.284,-26.363
-28.531,-27.628
-0,-0
-0,-0
-0,-0
-0,-0
-0,-0
-0,-0
NaN,NaN
-0,-0
-30.113,-28.354
-30.037,-29.324
NaN,NaN
-0,-0
-0,-0
-17.966,-26.169
NaN,NaN
-28.099,-28.628
-28.606,-28.793
-28.127,-28.985
-28.127,-28.303
-28.12,-28.964
-28.317,-28.577
-26.765,-28.733
-25.872,-29.783
-27.272,-28.75
-27.308,-27.365
-0,-0
-25.912,-29.408
-25.214,-29.53
-25.081,-28.633
-25.209,-28.643
-25.177,-29.236
-26.205,-29.104
-0,-0
-0,-0
-0,-0
-0,-0
-0,-0
-0,-0
-0,-0
-0,-0
-0,-0
-0,-0
-0,-0
-0,-0
-0,-0
-0,-0
-0,-0
-0,-0
-0,-0
-0,-0
-0,-0
-0,-0
-0,-0
-0,-0
-0,-0
-27.002,-26.614
-0,-0
-27.484,-26.145
-0,-0
-28.854,-25.532
-28.787,-26.522
-29.767,-27.214
-30.265,-25.689
-29.406,-27.917
-0,-0
-0,-0
-0,-0
-0,-0
-0,-0
-0,-0
-0,-0
-0,-0
-0,-0
-0,-0
-0,-0
-0,-0
-0,-0
-0,-0
-0,-0
-0,-0
-0,-0
-0,-0
-0,-0
-0,-0
-0,-0
-0,-0
-0,-0
-0,-0
-0,-0
-0,-0
-0,-0
-0,-0
-0,-0
-0,-0
-0,-0
-0,-0
-0,-0
-0,-0
-0,-0
-0,-0
-0,-0
-0,-0
-0,-0
-0,-0
-0,-0
-0,-0
-0,-0
-0,-0
-0,-0
-0,-0
-0,-0
-0,-0
-0,-0
-0,-0
-0,-0
-28.025,-26.965
-28.333,-27.101
-28.762,-27.418
-28.405,-27.278
-29.008,-26.612
-0,-0
-0,-0
NaN,NaN
-0,-0
-28.771,-26.592
-28.515,-26.428
-0,-0
-0,-0
-0,-0
-0,-0
-0,-0
-0,-0
-0,-0
-0,-0
-29.424,-28.267
-30.166,-28.25
-0,-0
-0,-0
-0,-0
-0,-0
-0,-0
-0,-0
-0,-0
-0,-0
-0,-0
-28.1,-28.274
-28.222,-29.279
-28.643,-28.591
-26.855,-27.935
-27.762,-29.334
-27.288,-28.999
-25.476,-28.023
-24.938,-29.416
-24.621,-29.258
-24.891,-29.804
-23.895,-29.121
-23.966,-29.397
-24.794,-28.968
-24.506,-28.387
-0,-0
-0,-0
-0,-0
-0,-0
-0,-0
-0,-0
-0,-0
-0,-0
-0,-0
-0,-0
-0,-0
-0,-0
-0,-0
-0,-0
-0,-0
-0,-0
-0,-0
-0,-0
-0,-0
-0,-0
-0,-0
-0,-0
-0,-0
-27.993,-26.249
-27.161,-26.296
-27.92,-25.433
-30.043,-25.443
-29.611,-24.889
-30.294,-25.955
-0,-0
-30.973,-25.1
-0,-0
-0,-0
-0,-0
-0,-0
-26.234,-20.366
-0,-0
-0,-0
-0,-0
-0,-0
-0,-0
-0,-0
-0,-0
-0,-0
-0,-0
-0,-0
-0,-0
-0,-0
-0,-0
-0,-0
-0,-0
-0,-0
-0,-0
-0,-0
-0,-0
-0,-0
-0,-0
-0,-0
-0,-0
-0,-0
-0,-0
-0,-0
-0,-0
-0,-0
-0,-0
-0,-0
-0,-0
-0,-0
-0,-0
-0,-0
-0,-0
-0,-0
-0,-0
-0,-0
-0,-0
-0,-0
-0,-0
-0,-0
-0,-0
-0,-0
-0,-0
-0,-0
-0,-0
-0,-0
-0,-0
-28.571,-26.856
-28.954,-27.182
-27.954,-27.434
-28.33,-27.503
-29.521,-27.702
-0,-0
-0,-0
-0,-0
-0,-0
-28.708,-26.371
-0,-0
-0,-0
-0,-0
-0,-0
-0,-0
-0,-0
-0,-0
-29.12,-28.648
-29.221,-27.624
-0,-0
-0,-0
-0,-0
-0,-0
-0,-0
-0,-0
-0,-0
-0,-0
-0,-0
-0,-0
-0,-0
-0,-0
-0,-0
-27.279,-27.601
-0,-0
-0,-0
-26.015,-28.056
-25.976,-28.993
-24.951,-29.121
-24.491,-30.367
-0,-0
NaN,NaN
-24.922,-29.381
-24.718,-29.204
-24.5,-27.987
-0,-0
-0,-0
-0,-0
-0,-0
-0,-0
-0,-0
-0,-0
-0,-0
-0,-0
-0,-0
-0,-0
-0,-0
-0,-0
-0,-0
-0,-0
-0,-0
-0,-0
-0,-0
-0,-0
-0,-0
-0,-0
-0,-0
-0,-0
-29.063,-25.881
-0,-0
-29.28,-25.968
-0,-0
-29.261,-25.34
-0,-0
-0,-0
-0,-0
-0,-0
-0,-0
-0,-0
-0,-0
-0,-0
-0,-0
-24.742,-21.725
-0,-0
-0,-0
-0,-0
-0,-0
-0,-0
-0,-0
NaN,NaN
-0,-0
-0,-0
-0,-0
-0,-0
-0,-0
-0,-0
-0,-0
-0,-0
-0,-0
-0,-0
-0,-0
-0,-0
-0,-0
-0,-0
-0,-0
-0,-0
-0,-0
-0,-0
-0,-0
-0,-0
-0,-0
-0,-0
-0,-0
-0,-0
-0,-0
-0,-0
-0,-0
-0,-0
-0,-0
-0,-0
-0,-0
-0,-0
-0,-0
-0,-0
-0,-0
-0,-0
-0,-0
-0,-0
-0,-0
-27.991,-26.806
-28.322,-27.387
-27.577,-27.079
-28.386,-27.251
-0,-0
-0,-0
NaN,NaN
-23.686,-24.55
-0,-0
-0,-0
-0,-0
-0,-0
-0,-0
NaN,NaN
-0,-0
-0,-0
NaN,NaN
-29.714,-28.062
-0,-0
-0,-0
-0,-0
-0,-0
-0,-0
-0,-0
-0,-0
-0,-0
-0,-0
-0,-0
-0,-0
-0,-0
-0,-0
NaN,NaN
-0,-0
-0,-0
-27.104,-28.928
-0,-0
-25.318,-29.562
-0,-0
-24.214,-28.967
-26.039,-29.377
-24.815,-29.513
-0,-0
-24.918,-29.008
-0,-0
-0,-0
-0,-0
-0,-0
-0,-0
-0,-0
-0,-0
-0,-0
-0,-0
-0,-0
-0,-0
-0,-0
-0,-0
-0,-0
-0,-0
-0,-0
-0,-0
-0,-0
-0,-0
-0,-0
NaN,NaN
-0,-0
-0,-0
-29.866,-26.926
-28.859,-26.364
-29.784,-25.98
-30.321,-26.754
-31.528,-25.557
-0,-0
-0,-0
-0,-0
-0,-0
-0,-0
-0,-0
-0,-0
-0,-0
-0,-0
-0,-0
-16.381,-15.12
-0,-0
-0,-0
-0,-0
-0,-0
-0,-0
-0,-0
NaN,NaN
-0,-0
-0,-0
-0,-0
-0,-0
-0,-0
-0,-0
-0,-0
-0,-0
-0,-0
-0,-0
-0,-0
-0,-0
-0,-0
-0,-0
-0,-0
-0,-0
-0,-0
-0,-0
-0,-0
-0,-0
-0,-0
-0,-0
-0,-0
-0,-0
-0,-0
-0,-0
-0,-0
-0,-0
-0,-0
-0,-0
-0,-0
-0,-0
-0,-0
-0,-0
-0,-0
-0,-0
-0,-0
-0,-0
-0,-0
-0,-0
-27.63,-26.446
-0,-0
-27.357,-27.932
-28.514,-27
-0,-0
-0,-0
-0,-0
-0,-0
-0,-0
-0,-0
-0,-0
-0,-0
-0,-0
NaN,NaN
-0,-0
-0,-0
-0,-0
-0,-0
-0,-0
-0,-0
-0,-0
-0,-0
-0,-0
-0,-0
-0,-0
-0,-0
-0,-0
-0,-0
-0,-0
-0,-0
-0,-0
-0,-0
-0,-0
-26.233,-28.258
-0,-0
-26.094,-28.328
-0,-0
-26.794,-28.387
-26.336,-29.049
-24.656,-28.663
-0,-0
-0,-0
-0,-0
-0,-0
-0,-0
-0,-0
-0,-0
-0,-0
-0,-0
-0,-0
-0,-0
-0,-0
-11.496,-17.653
-0,-0
-0,-0
-0,-0
-0,-0
-0,-0
-0,-0
-29.531,-26.216
-0,-0
-29.001,-25.949
-28.835,-26.77
-28.451,-26.181
-28.483,-27.306
-29.285,-27.1
-29.624,-26.34
-30.381,-26.996
-30.2,-26.166
NaN,NaN
-0,-0
-0,-0
-0,-0
-0,-0
-0,-0
-0,-0
-0,-0
-0,-0
-0,-0
-30.686,-23.58
-0,-0
-0,-0
-0,-0
-0,-0
-0,-0
-0,-0
-0,-0
-35.19,-13.884
-0,-0
-0,-0
-0,-0
-0,-0
-0,-0
-0,-0
-0,-0
-0,-0
-0,-0
-0,-0
-0,-0
-0,-0
-0,-0
-0,-0
-0,-0
-0,-0
-0,-0
-0,-0
-0,-0
-0,-0
-0,-0
-0,-0
-0,-0
-0,-0
-0,-0
-0,-0
-0,-0
-0,-0
-0,-0
-0,-0
-0,-0
-0,-0
-0,-0
-0,-0
-0,-0
-0,-0
-0,-0
-0,-0
-0,-0
-0,-0
NaN,NaN
-27.275,-27.151
-26.441,-27.541
-27.782,-26.822
-0,-0
-0,-0
-0,-0
-0,-0
-0,-0
-0,-0
-0,-0
-0,-0
-0,-0
-26.091,-7.5181
-0,-0
-0,-0
-0,-0
-0,-0
-0,-0
-0,-0
-0,-0
-0,-0
-0,-0
-0,-0
-0,-0
-0,-0
-0,-0
-0,-0
-0,-0
-0,-0
-0,-0
-0,-0
-25.802,-28.251
-0,-0
-25.965,-26.973
-25.779,-29.055
-26.98,-27.894
-26.677,-29.115
-0,-0
-0,-0
-0,-0
-0,-0
-0,-0
-0,-0
-0,-0
-0,-0
-0,-0
-0,-0
-0,-0
-0,-0
-0,-0
-0,-0
-0,-0
-0,-0
-0,-0
-0,-0
-0,-0
-0,-0
-0,-0
-0,-0
-29.426,-27.157
-28.771,-26.04
-28.841,-26.832
-29.031,-27.405
-29.843,-27.082
-30.213,-27.352
-30.535,-26.423
-29.983,-26.978
-0,-0
-31.145,-28.266
-0,-0
-0,-0
-0,-0
-0,-0
-0,-0
-0,-0
-0,-0
-0,-0
-0,-0
-0,-0
-0,-0
-0,-0
-0,-0
-0,-0
-0,-0
-0,-0
NaN,NaN
-0,-0
-0,-0
-0,-0
-0,-0
-0,-0
-0,-0
-0,-0
-0,-0
-0,-0
-0,-0
-0,-0
-0,-0
-0,-0
-0,-0
-0,-0
-0,-0
-0,-0
-0,-0
-0,-0
-0,-0
-0,-0
-0,-0
-0,-0
-0,-0
-0,-0
-0,-0
-0,-0
-0,-0
-0,-0
-0,-0
-0,-0
-0,-0
-0,-0
-0,-0
-0,-0
-0,-0
-0,-0
-0,-0
-0,-0
-0,-0
-0,-0
-0,-0
-0,-0
-27.29,-28.042
-26.801,-26.217
-0,-0
-0,-0
-0,-0
-0,-0
-21.127,-9.8715
-0,-0
-0,-0
-0,-0
-0,-0
-0,-0
-0,-0
-0,-0
-0,-0
-32.209,-26.844
-0,-0
-0,-0
-0,-0
-0,-0
-0,-0
-0,-0
-0,-0
-0,-0
-0,-0
-0,-0
-0,-0
-0,-0
-0,-0
-0,-0
-26.389,-28.475
-0,-0
-26.086,-27.225
-26.933,-28.864
-0,-0
-27.045,-28.969
-0,-0
-0,-0
-0,-0
-0,-0
-0,-0
-0,-0
-0,-0
-0,-0
-0,-0
-0,-0
-0,-0
-0,-0
-0,-0
-0,-0
-0,-0
-0,-0
-0,-0
-0,-0
-0,-0
-0,-0
-0,-0
-0,-0
-0,-0
-0,-0
-0,-0
-0,-0
-0,-0
-0,-0
-30.715,-28.174
-30.557,-26.537
NaN,NaN
-0,-0
-0,-0
-0,-0
-0,-0
-0,-0
-0,-0
-0,-0
-0,-0
-0,-0
-0,-0
-0,-0
-0,-0
-0,-0
-0,-0
-0,-0
-0,-0
-0,-0
-0,-0
-27.567,-6.6483
-0,-0
-0,-0
-0,-0
-0,-0
-0,-0
-0,-0
-0,-0
-0,-0
-0,-0
-0,-0
-0,-0
-0,-0
-0,-0
-0,-0
-0,-0
-0,-0
-0,-0
-0,-0
-0,-0
-0,-0
-0,-0
-0,-0
-0,-0
-0,-0
-0,-0
-0,-0
-0,-0
-0,-0
-0,-0
-0,-0
-0,-0
-0,-0
-0,-0
-0,-0
-0,-0
-0,-0
-0,-0
-0,-0
-0,-0
-0,-0
-0,-0
-28.402,-26.499
-0,-0
-27.871,-25.747
-0,-0
NaN,NaN
-0,-0
-0,-0
-0,-0
-0,-0
-0,-0
-0,-0
-0,-0
-0,-0
-0,-0
-0,-0
-0,-0
-0,-0
-0,-0
-0,-0
-0,-0
-0,-0
-0,-0
-0,-0
-0,-0
-0,-0
-0,-0
-0,-0
-0,-0
-0,-0
-0,-0
-0,-0
-0,-0
-25.355,-26.809
-26.672,-27.867
-25.666,-27.383
-25.846,-28.328
-0,-0
-0,-0
-0,-0
-0,-0
-0,-0
-0,-0
-0,-0
-0,-0
-0,-0
-0,-0
-0,-0
-0,-0
-0,-0
-0,-0
-0,-0
-0,-0
-0,-0
-0,-0
-0,-0
-0,-0
-0,-0
-0,-0
-0,-0
-0,-0
-0,-0
-0,-0
-0,-0
-0,-0
-0,-0
-0,-0
-0,-0
-0,-0
-0,-0
-0,-0
-0,-0
-0,-0
-0,-0
-0,-0
-0,-0
-0,-0
-0,-0
-0,-0
-0,-0
-0,-0
-0,-0
-0,-0
-0,-0
-0,-0
-0,-0
-25.253,-12.484
-0,-0
-0,-0
-0,-0
-0,-0
-0,-0
-0,-0
-0,-0
-0,-0
-0,-0
-0,-0
-0,-0
-0,-0
-0,-0
-0,-0
-0,-0
-0,-0
-0,-0
-0,-0
-0,-0
-0,-0
-0,-0
-0,-0
-0,-0
-0,-0
-0,-0
-0,-0
-0,-0
-0,-0
-0,-0
-0,-0
-0,-0
-0,-0
-0,-0
-0,-0
-0,-0
-0,-0
-0,-0
-0,-0
-0,-0
-0,-0
-0,-0
-0,-0
-0,-0
-28.179,-26.061
-0,-0
-0,-0
-0,-0
-32.426,-17.805
-0,-0
-0,-0
-0,-0
-0,-0
-0,-0
-0,-0
-0,-0
-0,-0
-0,-0
-0,-0
-28.903,-23.661
-0,-0
-0,-0
-0,-0
-0,-0
-0,-0
-0,-0
-0,-0
-0,-0
-0,-0
-0,-0
-0,-0
-0,-0
-0,-0
-0,-0
-0,-0
-23.665,-25.608
-24.874,-27.42
-0,-0
-25.769,-27.632
-0,-0
-0,-0
-0,-0
-0,-0
-0,-0
-0,-0
-0,-0
-0,-0
-0,-0
-0,-0
-0,-0
-0,-0
-0,-0
-0,-0
-0,-0
-0,-0
-0,-0
-0,-0
-0,-0
-0,-0
-0,-0
-0,-0
-0,-0
-0,-0
-0,-0
-0,-0
-0,-0
-0,-0
-0,-0
-0,-0
-0,-0
-0,-0
-0,-0
-0,-0
-0,-0
-0,-0
-0,-0
-0,-0
-0,-0
-0,-0
-0,-0
-0,-0
-0,-0
-0,-0
-0,-0
-0,-0
-0,-0
-0,-0
-0,-0
NaN,NaN
-0,-0
-0,-0
-0,-0
-0,-0
-0,-0
-0,-0
-0,-0
-0,-0
-0,-0
-0,-0
-0,-0
-0,-0
-0,-0
-0,-0
-0,-0
-0,-0
-0,-0
-0,-0
-0,-0
-0,-0
-0,-0
-0,-0
-0,-0
-0,-0
-0,-0
-0,-0
-0,-0
-0,-0
-0,-0
-0,-0
-0,-0
-0,-0
-0,-0
-0,-0
-0,-0
-0,-0
-0,-0
-0,-0
-0,-0
-0,-0
-0,-0
-0,-0
-25.824,-17.364
-0,-0
-0,-0
-0,-0
-27.949,-22.649
-0,-0
-0,-0
-0,-0
-0,-0
-0,-0
-0,-0
-0,-0
-0,-0
-0,-0
-0,-0
-0,-0
-25.322,-20.667
-0,-0
-0,-0
-0,-0
-0,-0
-0,-0
NaN,NaN
-0,-0
-0,-0
-0,-0
-0,-0
-0,-0
-0,-0
-0,-0
-0,-0
-22.125,-26.202
-23.94,-27.001
-0,-0
NaN,NaN
-0,-0
-0,-0
-0,-0
-0,-0
-0,-0
-0,-0
-0,-0
-0,-0
-0,-0
-0,-0
-0,-0
-0,-0
-0,-0
-0,-0
-0,-0
-0,-0
-0,-0
-0,-0
-0,-0
-0,-0
-0,-0
-0,-0
-0,-0
-0,-0
NaN,NaN
-26.674,-23.241
-27.337,-25.082
-28.057,-25.097
-27.732,-24.16
-27.641,-24.38
-27.038,-24.385
-0,-0
-0,-0
-0,-0
-0,-0
-0,-0
-0,-0
-0,-0
-0,-0
-0,-0
-0,-0
-0,-0
-0,-0
-0,-0
-0,-0
-27.727,-16.679
-0,-0
-0,-0
-0,-0
-0,-0
-0,-0
-0,-0
-0,-0
-0,-0
-0,-0
-0,-0
-0,-0
-0,-0
-0,-0
-0,-0
-0,-0
-0,-0
-0,-0
-0,-0
-0,-0
-0,-0
-0,-0
-0,-0
-0,-0
-0,-0
-0,-0
-0,-0
-0,-0
-0,-0
-0,-0
-0,-0
-0,-0
-0,-0
-0,-0
-0,-0
-0,-0
-0,-0
-0,-0
-0,-0
-0,-0
-0,-0
-0,-0
-0,-0
-0,-0
-0,-0
-0,-0
-0,-0
-0,-0
-0,-0
-0,-0
-0,-0
-0,-0
-0,-0
-0,-0
-0,-0
NaN,NaN
-0,-0
-0,-0
-0,-0
-0,-0
-0,-0
-0,-0
-0,-0
-29.274,-17.839
-0,-0
-0,-0
-0,-0
-0,-0
-0,-0
-0,-0
-0,-0
-0,-0
-0,-0
-0,-0
-0,-0
-0,-0
-0,-0
-0,-0
-0,-0
-0,-0
-20.956,-26.229
-0,-0
-22.528,-27.775
-0,-0
-0,-0
-0,-0
-0,-0
-0,-0
-0,-0
-0,-0
-0,-0
-0,-0
-0,-0
-0,-0
-0,-0
-0,-0
-0,-0
-0,-0
-0,-0
-0,-0
-0,-0
-0,-0
-0,-0
-0,-0
-0,-0
-0,-0
-0,-0
-0,-0
-0,-0
-0,-0
-0,-0
-27.491,-24.805
-28.452,-24.715
-27.269,-23.948
NaN,NaN
-0,-0
-0,-0
-0,-0
-0,-0
-0,-0
-0,-0
-0,-0
-0,-0
-0,-0
-0,-0
-0,-0
-0,-0
-0,-0
-0,-0
-32.095,-23.786
-0,-0
-0,-0
-0,-0
-0,-0
-0,-0
-0,-0
-0,-0
-0,-0
-0,-0
-0,-0
-0,-0
-0,-0
-0,-0
-0,-0
-0,-0
-0,-0
-0,-0
-0,-0
-0,-0
-0,-0
-0,-0
-0,-0
-0,-0
-0,-0
-0,-0
-0,-0
-0,-0
-0,-0
-0,-0
-0,-0
-0,-0
-0,-0
-0,-0
-0,-0
-0,-0
-0,-0
-0,-0
-0,-0
-0,-0
-0,-0
-0,-0
-0,-0
-0,-0
-0,-0
-0,-0
-0,-0
-0,-0
-0,-0
-0,-0
-0,-0
-37.335,-30.954
NaN,NaN
-0,-0
-0,-0
-24.129,-6.295
-0,-0
-0,-0
-0,-0
-0,-0
NaN,NaN
-0,-0
-0,-0
-0,-0
-0,-0
-0,-0
-0,-0
-0,-0
-0,-0
-0,-0
-0,-0
-0,-0
-0,-0
-0,-0
-0,-0
-0,-0
-0,-0
-0,-0
-19.038,-25.5
-0,-0
NaN,NaN
-0,-0
-0,-0
-0,-0
-0,-0
-0,-0
-0,-0
-0,-0
-16.156,-32.836
-0,-0
-0,-0
-0,-0
-0,-0
-0,-0
-0,-0
-0,-0
-0,-0
-0,-0
-0,-0
-0,-0
-0,-0
-0,-0
-0,-0
-0,-0
-0,-0
-0,-0
-0,-0
-0,-0
-0,-0
-0,-0
-0,-0
-0,-0
-0,-0
-0,-0
-0,-0
-0,-0
-0,-0
-0,-0
-0,-0
-0,-0
-0,-0
-0,-0
-0,-0
-0,-0
-0,-0
-0,-0
-0,-0
-0,-0
-0,-0
-0,-0
-0,-0
NaN,NaN
-0,-0
-0,-0
-0,-0
-0,-0
-0,-0
-0,-0
-0,-0
-0,-0
-0,-0
-0,-0
-0,-0
-0,-0
-0,-0
-0,-0
-0,-0
-0,-0
-0,-0
-0,-0
-0,-0
-0,-0
-0,-0
-0,-0
-0,-0
-0,-0
-0,-0
-0,-0
-0,-0
-0,-0
-0,-0
-0,-0
-0,-0
-0,-0
-0,-0
-0,-0
-0,-0
-0,-0
-0,-0
-0,-0
-0,-0
-0,-0
-0,-0
-0,-0
-0,-0
-0,-0
-0,-0
-0,-0
-0,-0
-0,-0
-0,-0
-0,-0
-0,-0
-40.633,0.99564
NaN,NaN
-0,-0
-0,-0
-0,-0
-0,-0
-0,-0
-0,-0
-0,-0
-0,-0
-0,-0
-0,-0
-0,-0
-0,-0
-0,-0
-0,-0
-0,-0
-0,-0
-0,-0
-0,-0
-0,-0
-0,-0
-0,-0
NaN,NaN
-0,-0
-0,-0
-0,-0
-0,-0
-0,-0
-0,-0
-0,-0
-0,-0
-0,-0
NaN,NaN
-0,-0
-0,-0
-0,-0
-0,-0
-0,-0
-0,-0
-0,-0
-0,-0
-0,-0
-0,-0
-0,-0
-0,-0
-0,-0
-0,-0
-0,-0
-0,-0
-0,-0
-0,-0
-0,-0
-0,-0
-0,-0
-0,-0
-0,-0
-0,-0
-0,-0
-0,-0
-0,-0
-0,-0
-0,-0
-0,-0
-0,-0
-0,-0
-0,-0
-0,-0
-0,-0
-0,-0
-0,-0
-0,-0
-0,-0
-0,-0
-0,-0
-0,-0
NaN,NaN
-0,-0
-0,-0
-0,-0
-0,-0
-0,-0
-0,-0
-0,-0
-0,-0
-0,-0
-0,-0
-0,-0
-0,-0
-0,-0
-0,-0
-0,-0
-0,-0
-0,-0
-0,-0
-0,-0
-0,-0
-0,-0
-0,-0
-0,-0
-0,-0
-0,-0
-0,-0
-0,-0
-0,-0
-0,-0
-0,-0
-0,-0
-0,-0
-0,-0
-0,-0
-0,-0
-0,-0
-0,-0
-0,-0
-0,-0
-0,-0
-0,-0
-0,-0
-0,-0
-0,-0
-0,-0
-0,-0
-0,-0
-0,-0
-0,-0
-0,-0
-0,-0
-0,-0
-0,-0
-0,-0
-0,-0
-0,-0
-0,-0
-0,-0
-0,-0
-0,-0
-0,-0
-0,-0
-0,-0
-0,-0
-0,-0
-0,-0
-0,-0
-0,-0
-0,-0
-0,-0
-0,-0
-0,-0
-0,-0
-0,-0
-0,-0
-0,-0
-0,-0
-0,-0
-0,-0
-0,-0
-0,-0
-0,-0
-0,-0
-0,-0
-0,-0
-0,-0
-0,-0
-0,-0
-0,-0
-0,-0
-0,-0
-0,-0
-0,-0
-0,-0
-0,-0
-0,-0
-0,-0
-0,-0
-0,-0
-0,-0
-0,-0
-0,-0
-0,-0
-0,-0
-0,-0
-0,-0
-0,-0
-0,-0
-0,-0
-0,-0
-0,-0
-0,-0
-0,-0
-0,-0
-0,-0
-0,-0
-0,-0
-0,-0
-0,-0
-0,-0
-0,-0
-0,-0
-0,-0
-0,-0
-0,-0
-0,-0
NaN,NaN
-0,-0
-0,-0
-0,-0
-0,-0
-0,-0
-0,-0
-0,-0
-0,-0
-0,-0
-0,-0
-0,-0
-0,-0
-0,-0
-0,-0
-0,-0
-0,-0
-0,-0
-0,-0
-0,-0
-0,-0
-0,-0
-0,-0
-0,-0
-0,-0
-0,-0
-0,-0
-0,-0
-0,-0
-0,-0
-0,-0
-0,-0
-0,-0
-0,-0
-0,-0
-0,-0
-0,-0
-0,-0
-0,-0
-0,-0
-0,-0
-0,-0
-0,-0
-0,-0
-0,-0
-0,-0
-0,-0
-0,-0
-0,-0
-0,-0
-0,-0
-0,-0
-0,-0
-0,-0
-0,-0
-0,-0
-0,-0
-0,-0
-0,-0
-0,-0
-0,-0
-0,-0
-0,-0
-0,-0
-0,-0
-0,-0
-0,-0
-0,-0
-0,-0
-0,-0
-0,-0
-0,-0
-0,-0
-0,-0
-0,-0
NaN,NaN
-0,-0
-0,-0
-0,-0
-0,-0
-0,-0
-0,-0
-0,-0
-0,-0
-0,-0
-0,-0
-0,-0
-0,-0
-0,-0
-0,-0
-0,-0
-0,-0
-0,-0
NaN,NaN
-0,-0
-0,-0
-0,-0
-0,-0
-0,-0
-0,-0
-0,-0
-0,-0
-0,-0
-0,-0
-0,-0
-0,-0
-0,-0
-0,-0
-0,-0
-0,-0
-0,-0
-0,-0
-0,-0
-0,-0
-0,-0
-0,-0
-0,-0
-0,-0
-0,-0
-0,-0
-0,-0
-0,-0
-0,-0
-0,-0
-0,-0
-0,-0
-0,-0
-0,-0
-0,-0
-0,-0
NaN,NaN
-0,-0
-0,-0
-0,-0
-0,-0
-0,-0
-0,-0
-0,-0
-0,-0
-0,-0
-0,-0
-0,-0
-0,-0
-0,-0
-0,-0
-0,-0
-0,-0
-0,-0
-0,-0
-0,-0
-0,-0
-0,-0
-0,-0
-0,-0
-0,-0
-0,-0
-0,-0
-0,-0
-0,-0
-0,-0
-0,-0
-0,-0
-0,-0
-0,-0
-0,-0
-0,-0
-0,-0
-0,-0
-0,-0
-0,-0
-0,-0
-0,-0
-0,-0
-0,-0
-0,-0
-0,-0
-0,-0
-0,-0
-0,-0
-0,-0
-0,-0
-49.975,-4.9005
-0,-0
-0,-0
-0,-0
-0,-0
-0,-0
NaN,NaN
-0,-0
-0,-0
-0,-0
-0,-0
-0,-0
-0,-0
-0,-0
-0,-0
-0,-0
-0,-0
-0,-0
-0,-0
-0,-0
-0,-0
-0,-0
-0,-0
-0,-0
-0,-0
-0,-0
-0,-0
-0,-0
-0,-0
-0,-0
-15.184,-38.061
-0,-0
-0,-0
-0,-0
-0,-0
-0,-0
-0,-0
-0,-0
-0,-0
-0,-0
-0,-0
-0,-0
-0,-0
-0,-0
-0,-0
-0,-0
-0,-0
-0,-0
-0,-0
-0,-0
-0,-0
-0,-0
-0,-0
-0,-0
-0,-0
-0,-0
-0,-0
-0,-0
-0,-0
-0,-0
-0,-0
-0,-0
-0,-0
-0,-0
-0,-0
-0,-0
-0,-0
-0,-0
-0,-0
-0,-0
-0,-0
-0,-0
-0,-0
-0,-0
-0,-0
-40.459,-6.8298
-0,-0
-0,-0
-0,-0
-0,-0
-0,-0
-0,-0
-0,-0
-0,-0
-0,-0
-0,-0
-0,-0
-0,-0
-0,-0
-0,-0
-0,-0
-0,-0
-0,-0
-0,-0
-0,-0
-0,-0
-0,-0
-0,-0
-0,-0
-0,-0
-0,-0
-0,-0
-0,-0
-0,-0
-0,-0
-0,-0
-0,-0
-0,-0
-0,-0
-0,-0
-0,-0
-0,-0
-0,-0
-0,-0
-0,-0
-0,-0
-0,-0
-0,-0
-0,-0
-0,-0
-0,-0
-0,-0
-0,-0
-0,-0
-0,-0
-0,-0
-0,-0
-0,-0
-0,-0
NaN,NaN
-0,-0
-0,-0
-0,-0
-0,-0
-0,-0
-0,-0
-0,-0
-0,-0
-0,-0
-0,-0
-0,-0
-0,-0
-0,-0
-0,-0
-0,-0
-0,-0
-0,-0
-0,-0
-0,-0
-0,-0
-16.321,-18.95
-0,-0
NaN,NaN
-0,-0
-0,-0
-0,-0
-0,-0
-0,-0
NaN,NaN
-0,-0
-0,-0
-0,-0
-0,-0
-0,-0
-0,-0
-0,-0
-0,-0
-0,-0
-0,-0
-0,-0
-0,-0
-0,-0
-0,-0
-0,-0
-0,-0
-0,-0
-0,-0
-0,-0
-0,-0
-0,-0
-0,-0
-0,-0
-0,-0
-0,-0
-0,-0
-0,-0
-0,-0
-0,-0
-0,-0
-0,-0
-0,-0
-0,-0
-0,-0
-0,-0
-0,-0
-0,-0
-0,-0
-0,-0
-0,-0
-0,-0
-0,-0
-0,-0
-0,-0
NaN,NaN
-0,-0
-0,-0
-0,-0
-0,-0
-0,-0
-0,-0
-0,-0
-0,-0
-0,-0
-0,-0
-0,-0
-0,-0
-0,-0
-0,-0
-0,-0
-0,-0
-0,-0
-0,-0
-0,-0
-0,-0
-0,-0
-0,-0
-0,-0
-0,-0
-0,-0
-0,-0
-0,-0
-0,-0
-0,-0
-0,-0
-0,-0
-0,-0
-0,-0
-0,-0
-0,-0
-0,-0
-0,-0
-0,-0
-0,-0
-0,-0
-0,-0
-0,-0
-0,-0
-0,-0
-0,-0
-0,-0
-0,-0
-0,-0
-0,-0
-0,-0
-0,-0
-0,-0
-0,-0
NaN,NaN
-0,-0
-0,-0
-0,-0
-0,-0
-0,-0
-0,-0
-0,-0
-0,-0
-0,-0
-0,-0
-0,-0
-0,-0
-0,-0
-0,-0
-0,-0
NaN,NaN
-0,-0
-0,-0
-0,-0
-0,-0
-0,-0
NaN,NaN
-0,-0
-0,-0
-0,-0
-0,-0
-0,-0
-0,-0
-0,-0
-0,-0
-0,-0
-0,-0
-0,-0
-0,-0
-0,-0
-0,-0
-0,-0
-0,-0
-0,-0
-0,-0
-0,-0
-0,-0
-0,-0
-0,-0
-0,-0
-0,-0
-0,-0
-0,-0
-0,-0
-0,-0
-0,-0
-0,-0
-0,-0
-0,-0
-0,-0
-0,-0
-0,-0
-0,-0
-0,-0
-0,-0
-0,-0
-0,-0
-0,-0
-0,-0
-0,-0
-0,-0
-0,-0
-0,-0
-0,-0
-0,-0
-0,-0
-0,-0
-35.642,-0.78284
-0,-0
-0,-0
-0,-0
-0,-0
-0,-0
-0,-0
-0,-0
-0,-0
-0,-0
-0,-0
-0,-0
-0,-0
-0,-0
-0,-0
-0,-0
-0,-0
-0,-0
-0,-0
-0,-0
-0,-0
-0,-0
-0,-0
-0,-0
-0,-0
-0,-0
-0,-0
-0,-0
-0,-0
-0,-0
-0,-0
-0,-0
-0,-0
-0,-0
-0,-0
-0,-0
-0,-0
-0,-0
-0,-0
-0,-0
-0,-0
-0,-0
-0,-0
-0,-0
-0,-0
-0,-0
-0,-0
-0,-0
-0,-0
-0,-0
-0,-0
-0,-0
-0,-0
-0,-0
-0,-0
-0,-0
NaN,NaN
-48.255,-31.748
-0,-0
-0,-0
-0,-0
-0,-0
-0,-0
-0,-0
-0,-0
-0,-0
-0,-0
-0,-0
-0,-0
-0,-0
-0,-0
-0,-0
-0,-0
-0,-0
-0,-0
-0,-0
-0,-0
-0,-0
-0,-0
-0,-0
-0,-0
-0,-0
-0,-0
-0,-0
-0,-0
-0,-0
-0,-0
-0,-0
-0,-0
-0,-0
-0,-0
-0,-0
-0,-0
-0,-0
-0,-0
-0,-0
-0,-0
-0,-0
-0,-0
-0,-0
-0,-0
-0,-0
-0,-0
-0,-0
-0,-0
-0,-0
-0,-0
-0,-0
-0,-0
-0,-0
-0,-0
-0,-0
-0,-0
-0,-0
-0,-0
-0,-0
-47.139,-11.981
-0,-0
-0,-0
-0,-0
-0,-0
-0,-0
-0,-0
-0,-0
-0,-0
-0,-0
-0,-0
-0,-0
-32.937,-16.32
-0,-0
-22.912,-15.133
-0,-0
-0,-0
-0,-0
-0,-0
-0,-0
-0,-0
-0,-0
-0,-0
-0,-0
-0,-0
-0,-0
-0,-0
-0,-0
-0,-0
-0,-0
-0,-0
-0,-0
-0,-0
-0,-0
-0,-0
-0,-0
-0,-0
-0,-0
-0,-0
-0,-0
-0,-0
-0,-0
-0,-0
-0,-0
-0,-0
-0,-0
-0,-0
-0,-0
-0,-0
-0,-0
-0,-0
-0,-0
-0,-0
-0,-0
-0,-0
-0,-0
-0,-0
-0,-0
-0,-0
-0,-0
-0,-0
-0,-0
-0,-0
-0,-0
-0,-0
-0,-0
-0,-0
-0,-0
-0,-0
-0,-0
-0,-0
-0,-0
-0,-0
-0,-0
-0,-0
-0,-0
-0,-0
-0,-0
-0,-0
-0,-0
-0,-0
-0,-0
-0,-0
-0,-0
-0,-0
-0,-0
-0,-0
-0,-0
-0,-0
-0,-0
-0,-0
-0,-0
-0,-0
-0,-0
-0,-0
-0,-0
-0,-0
-0,-0
-0,-0
-0,-0
-0,-0
-0,-0
-0,-0
-0,-0
-0,-0
-0,-0
-0,-0
-0,-0
-0,-0
-0,-0
-0,-0
-0,-0
-0,-0
-0,-0
-0,-0
-0,-0
-0,-0
-0,-0
-0,-0
-0,-0
-0,-0
-0,-0
-0,-0
-0,-0
-0,-0
-0,-0
-0,-0
-0,-0
-0,-0
-0,-0
-0,-0
-0,-0
-0,-0
-0,-0
-0,-0
-0,-0
-0,-0
-0,-0
NaN,NaN
-0,-0
-0,-0
-0,-0
-0,-0
-0,-0
-0,-0
-0,-0
-0,-0
-0,-0
-0,-0
-0,-0
-0,-0
-0,-0
-0,-0
-0,-0
-0,-0
-0,-0
-0,-0
-0,-0
-0,-0
-0,-0
-0,-0
-0,-0
-0,-0
-0,-0
-0,-0
-0,-0
-0,-0
-0,-0
-0,-0
-0,-0
-0,-0
-0,-0
-0,-0
-0,-0
-0,-0
-0,-0
-0,-0
-0,-0
-0,-0
-0,-0
-0,-0
-0,-0
-0,-0
-0,-0
-0,-0
-0,-0
-0,-0
-0,-0
-0,-0
-0,-0
-0,-0
-0,-0
-0,-0
-0,-0
-0,-0
-0,-0
-0,-0
-0,-0
-0,-0
-0,-0
-0,-0
-0,-0
-0,-0
-0,-0
-0,-0
-0,-0
-0,-0
-0,-0
-0,-0
-0,-0
-0,-0
-0,-0
-0,-0
-0,-0
-0,-0
-0,-0
-0,-0
-0,-0
-0,-0
-0,-0
-0,-0
-0,-0
-0,-0
-0,-0
-0,-0
-0,-0
-0,-0
-0,-0
-0,-0
-0,-0
-0,-0
-0,-0
-0,-0
-0,-0
-0,-0
-0,-0
-0,-0
-0,-0
-0,-0
-0,-0
-0,-0
-0,-0
-0,-0
-0,-0
-0,-0
-0,-0
-0,-0
-0,-0
-0,-0
-0,-0
-0,-0
-0,-0
-0,-0
-0,-0
-0,-0
-0,-0
-0,-0
-0,-0
-0,-0
-0,-0
-0,-0
-0,-0
-0,-0
-0,-0
-0,-0
-0,-0
-0,-0
-0,-0
-0,-0
-0,-0
-0,-0
-0,-0
-0,-0
-0,-0
-0,-0
-0,-0
-0,-0
-0,-0
-0,-0
-0,-0
-0,-0
-0,-0
-0,-0
-0,-0
-0,-0
-0,-0
-0,-0
-0,-0
-0,-0
-0,-0
-0,-0
-0,-0
-0,-0
-0,-0
-0,-0
-0,-0
-0,-0
-0,-0
-0,-0
-0,-0
-0,-0
-0,-0
-0,-0
-0,-0
-0,-0
-0,-0
-0,-0
-0,-0
-0,-0
-0,-0
-0,-0
-0,-0
-0,-0
-0,-0
-0,-0
-0,-0
-0,-0
-0,-0
-0,-0
-0,-0
-0,-0
-0,-0
-0,-0
-0,-0
-0,-0
-0,-0
-0,-0
-0,-0
-0,-0
-0,-0
-0,-0
-0,-0
-0,-0
-0,-0
-0,-0
-0,-0
-0,-0
-0,-0
-0,-0
-0,-0
-0,-0
-0,-0
-0,-0
-0,-0
-0,-0
-0,-0
-0,-0
-0,-0
-0,-0
-0,-0
-0,-0
-0,-0
-0,-0
-0,-0
-0,-0
-0,-0
-0,-0
-0,-0
-0,-0
-0,-0
-0,-0
-0,-0
-0,-0
-0,-0
-0,-0
-0,-0
-0,-0
-0,-0
-0,-0
-0,-0
-0,-0
-0,-0
-0,-0
-0,-0
-0,-0
-0,-0
-0,-0
-0,-0
-0,-0
-0,-0
-0,-0
-0,-0
-0,-0
-0,-0
-0,-0
-0,-0
-0,-0
-0,-0
-0,-0
-0,-0
-0,-0
-0,-0
-0,-0
-0,-0
-0,-0
-0,-0
-0,-0
-0,-0
-0,-0
-0,-0
-0,-0
-0,-0
-0,-0
-0,-0
-0,-0
-0,-0
-0,-0
-0,-0
-0,-0
-0,-0
-0,-0
-0,-0
-0,-0
-0,-0
-0,-0
-0,-0
-0,-0
-0,-0
-0,-0
-0,-0
-0,-0
-0,-0
-0,-0
-0,-0
-0,-0
-0,-0
-0,-0
-0,-0
-0,-0
-0,-0
-0,-0
-0,-0
-0,-0
-0,-0
-0,-0
-0,-0
-0,-0
-0,-0
-0,-0
-0,-0
-0,-0
-0,-0
-0,-0
-0,-0
-0,-0
-0,-0
-0,-0
-0,-0
-0,-0
-0,-0
-0,-0
-0,-0
-0,-0
-0,-0
-0,-0
-0,-0
-0,-0
-0,-0
-0,-0
-0,-0
-0,-0
-0,-0
-0,-0
-0,-0
-0,-0
-0,-0
-0,-0
-0,-0
-0,-0
-0,-0
-0,-0
-0,-0
-0,-0
-0,-0
-0,-0
-0,-0
-0,-0
-0,-0
-0,-0
-0,-0
-0,-0
-0,-0
-0,-0
-0,-0
-0,-0
-0,-0
-0,-0
-0,-0
-0,-0
-0,-0
-0,-0
-0,-0
-0,-0
-0,-0
-0,-0
-0,-0
-0,-0
-0,-0
-0,-0
-0,-0
-0,-0
-0,-0
-0,-0
-0,-0
-0,-0
-0,-0
-0,-0
-0,-0
-0,-0
-0,-0
-0,-0
-0,-0
-0,-0
-0,-0
-0,-0
-0,-0
-0,-0
-0,-0
-0,-0
-0,-0
-0,-0
-0,-0
-0,-0
-0,-0
-0,-0
-0,-0
-0,-0
-0,-0
-0,-0
-0,-0
-0,-0
-0,-0
-0,-0
-0,-0
-0,-0
-0,-0
-0,-0
-0,-0
-0,-0
-0,-0
-0,-0
-0,-0
-0,-0
-0,-0
-0,-0
-0,-0
-0,-0
-0,-0
-0,-0
-0,-0
-0,-0
-0,-0
-0,-0
-0,-0
-0,-0
-0,-0
-0,-0
-0,-0
-0,-0
-0,-0
-0,-0
-0,-0
-0,-0
-0,-0
-0,-0
-0,-0
-0,-0
-0,-0
-0,-0
-0,-0
-0,-0
-0,-0
-0,-0
-0,-0
-0,-0
-0,-0
-0,-0
-0,-0
-0,-0
-0,-0
-0,-0
-0,-0
-0,-0
-0,-0
-0,-0
-0,-0
-0,-0
-0,-0
-0,-0
-0,-0
-0,-0
-0,-0
-0,-0
-0,-0
-0,-0
-0,-0
-0,-0
-0,-0
-0,-0
-0,-0
-0,-0
-0,-0
-0,-0
-0,-0
-0,-0
-0,-0
-0,-0
-0,-0
-0,-0
-0,-0
-0,-0
-0,-0
-0,-0
-0,-0
-0,-0
-0,-0
-0,-0
-0,-0
-0,-0
-0,-0
-0,-0
-0,-0
-0,-0
-0,-0
-0,-0
-0,-0
-0,-0
-0,-0
-0,-0
-0,-0
-0,-0
-0,-0
-0,-0
-0,-0
-0,-0
-0,-0
-0,-0
-0,-0
-0,-0
-0,-0
-0,-0
-0,-0
-0,-0
-0,-0
-0,-0
-0,-0
-0,-0
-0,-0
-0,-0
-0,-0
-0,-0
-0,-0
-0,-0
-0,-0
-0,-0
-0,-0
-0,-0
-0,-0
-0,-0
-0,-0
-0,-0
-0,-0
-0,-0
-0,-0
-0,-0
-0,-0
-0,-0
-0,-0
-0,-0
-0,-0
-0,-0
-0,-0
-0,-0
-0,-0
-0,-0
-0,-0
-0,-0
-0,-0
-0,-0
-0,-0
-0,-0
-0,-0
-0,-0
-0,-0
-0,-0
-0,-0
-0,-0
-0,-0
-0,-0
-0,-0
-0,-0
-0,-0
-0,-0
-0,-0
-0,-0
-0,-0
-0,-0
-0,-0
-0,-0
-0,-0
-0,-0
-0,-0
-0,-0
-0,-0
-0,-0
-0,-0
-0,-0
-0,-0
-0,-0
-0,-0
-0,-0
-0,-0
-0,-0
-0,-0
-0,-0
-0,-0
-0,-0
-0,-0
-0,-0
-0,-0
-0,-0
-0,-0
-0,-0
-0,-0
-0,-0
-0,-0
-0,-0
-0,-0
-0,-0
-0,-0
-0,-0
-0,-0
-0,-0
-0,-0
-0,-0
-0,-0
-0,-0
-0,-0
-0,-0
-0,-0
-0,-0
-0,-0
-0,-0
-0,-0
-0,-0
-0,-0
-0,-0
-0,-0
-0,-0
-0,-0
-0,-0
-0,-0
-0,-0
-0,-0
-0,-0
-0,-0
-0,-0
-0,-0
-0,-0
-0,-0
-0,-0
-0,-0
-0,-0
-0,-0
-0,-0
-0,-0
-0,-0
-0,-0
-0,-0
-0,-0
-0,-0
-0,-0
-0,-0
-0,-0
-0,-0
-0,-0
-0,-0
-0,-0
-0,-0
-0,-0
-0,-0
-0,-0
-0,-0
-0,-0
-0,-0
-0,-0
-0,-0
-0,-0
-0,-0
-0,-0
-0,-0
-0,-0
-0,-0
-0,-0
-0,-0
-0,-0
-0,-0
-0,-0
-0,-0
-0,-0
-0,-0
-0,-0
-0,-0
-0,-0
-0,-0
-0,-0
-0,-0
-0,-0
-0,-0
-0,-0
-0,-0
-0,-0
-0,-0
-0,-0
-0,-0
-0,-0
-0,-0
-0,-0
-0,-0
-0,-0
-0,-0
-0,-0
-0,-0
-0,-0
-0,-0
-0,-0
-0,-0
-0,-0
-0,-0
-0,-0
-0,-0
-0,-0
-0,-0
-0,-0
-0,-0
-0,-0
-0,-0
-0,-0
-0,-0
-0,-0
-0,-0
-0,-0
-0,-0
-0,-0
-0,-0
-0,-0
-0,-0
-0,-0
-0,-0
-0,-0
-0,-0
-0,-0
-0,-0
-0,-0
-0,-0
-0,-0
-0,-0
-0,-0
-0,-0
-0,-0
-0,-0
-0,-0
-0,-0
-0,-0
-0,-0
-0,-0
-0,-0
-0,-0
-0,-0
-0,-0
-0,-0
-0,-0
-0,-0
-0,-0
-0,-0
-0,-0
-0,-0
-0,-0
-0,-0
-0,-0
-0,-0
-0,-0
-0,-0
-0,-0
-0,-0
-0,-0
-0,-0
-0,-0
-0,-0
-0,-0
-0,-0
-0,-0
-0,-0
-0,-0
-0,-0
-0,-0
-0,-0
-0,-0
-0,-0
-0,-0
-0,-0
-0,-0
-0,-0
-0,-0
-0,-0
-0,-0
-0,-0
-0,-0
-0,-0
-0,-0
-0,-0
-0,-0
-0,-0
-0,-0
-0,-0
-0,-0
-0,-0
-0,-0
-0,-0
-0,-0
-0,-0
-0,-0
-0,-0
-0,-0
-0,-0
-0,-0
-0,-0
-0,-0
-0,-0
-0,-0
-0,-0
-0,-0
-0,-0
-0,-0
-0,-0
-0,-0
-0,-0
-0,-0
-0,-0
-0,-0
-0,-0
-0,-0
-0,-0
-0,-0
-0,-0
-0,-0
-0,-0
-0,-0
-0,-0
-0,-0
-0,-0
-0,-0
-0,-0
-0,-0
-0,-0
-0,-0
-0,-0
-0,-0
-0,-0
-0,-0
-0,-0
-0,-0
-0,-0
-0,-0
-0,-0
-0,-0
-0,-0
-0,-0
-0,-0
-0,-0
-0,-0
-0,-0
-0,-0
-0,-0
-0,-0
-0,-0
-0,-0
-0,-0
-0,-0
-0,-0
-0,-0
-0,-0
-0,-0
-0,-0
-0,-0
-0,-0
-0,-0
-0,-0
-0,-0
-0,-0
-0,-0
-0,-0
-0,-0
-0,-0
-0,-0
-0,-0
-0,-0
-0,-0
-0,-0
-0,-0
-0,-0
-0,-0
-0,-0
-0,-0
-0,-0
-0,-0
-0,-0
-0,-0
-0,-0
-0,-0
-0,-0
-0,-0
-0,-0
-0,-0
-0,-0
-0,-0
-0,-0
-0,-0
-0,-0
-0,-0
-0,-0
-0,-0
-0,-0
-0,-0
-0,-0
-0,-0
-0,-0
-0,-0
-0,-0
-0,-0
-0,-0
-0,-0
-0,-0
-0,-0
-0,-0
-0,-0
-0,-0
-0,-0
-0,-0
-0,-0
-0,-0
-0,-0
-0,-0
-0,-0
-0,-0
-0,-0
-0,-0
-0,-0
-0,-0
-0,-0
-0,-0
-0,-0
-0,-0
-0,-0
-0,-0
-0,-0
-0,-0
-0,-0
-0,-0
-0,-0
-0,-0
-0,-0
-0,-0
-0,-0
-0,-0
-0,-0
-0,-0
-0,-0
-0,-0
-0,-0
-0,-0
-0,-0
-0,-0
-0,-0
-0,-0
-0,-0
-0,-0
-0,-0
-0,-0
-0,-0
-0,-0
-0,-0
-0,-0
-0,-0
-0,-0
-0,-0
-0,-0
-0,-0
-0,-0
-0,-0
-0,-0
-0,-0
-0,-0
-0,-0
-0,-0
-0,-0
-0,-0
-0,-0
-0,-0
-0,-0
-0,-0
-0,-0
-0,-0
-0,-0
-0,-0
-0,-0
-0,-0
-0,-0
-0,-0
-0,-0
-0,-0
-0,-0
-0,-0
-0,-0
-0,-0
-0,-0
-0,-0
-0,-0
-0,-0
-0,-0
-0,-0
-0,-0
-0,-0
-0,-0
-0,-0
-0,-0
-0,-0
-0,-0
-0,-0
-0,-0
-0,-0
-0,-0
-0,-0
-0,-0
-0,-0
-0,-0
-0,-0
-0,-0
-0,-0
-0,-0
-0,-0
-0,-0
-0,-0
-0,-0
-0,-0
-0,-0
-0,-0
-0,-0
-0,-0
-0,-0
-0,-0
-0,-0
-0,-0
-0,-0
-0,-0
-0,-0
-0,-0
-0,-0
-0,-0
-0,-0
-0,-0
-0,-0
-0,-0
-0,-0
-0,-0
-0,-0
-0,-0
-0,-0
-0,-0
-0,-0
-0,-0
-0,-0
-0,-0
-0,-0
-0,-0
-0,-0
-0,-0
-0,-0
-0,-0
-0,-0
-0,-0
-0,-0
-0,-0
-0,-0
-0,-0
-0,-0
-0,-0
-0,-0
-0,-0
-0,-0
-0,-0
-0,-0
-0,-0
-0,-0
-0,-0
-0,-0
-0,-0
-0,-0
-0,-0
-0,-0
-0,-0
-0,-0
-0,-0
-0,-0
-0,-0
-0,-0
-0,-0
-0,-0
-0,-0
-0,-0
-0,-0
-0,-0
-0,-0
-0,-0
-0,-0
-0,-0
-0,-0
-0,-0
-0,-0
-0,-0
-0,-0
-0,-0
-0,-0
-0,-0
-0,-0
-0,-0
-0,-0
-0,-0
-0,-0
-0,-0
-0,-0
-0,-0
-0,-0
-0,-0
-0,-0
-0,-0
-0,-0
-0,-0
-0,-0
-0,-0
-0,-0
-0,-0
-0,-0
-0,-0
-0,-0
-0,-0
-0,-0
-0,-0
-0,-0
-0,-0
-0,-0
-0,-0
-0,-0
-0,-0
-0,-0
-0,-0
-0,-0
-0,-0
-0,-0
-0,-0
-0,-0
-0,-0
-0,-0
-0,-0
-0,-0
-0,-0
-0,-0
-0,-0
-0,-0
-0,-0
-0,-0
-0,-0
-0,-0
-0,-0
-0,-0
-0,-0
-0,-0
-0,-0
-0,-0
-0,-0
-0,-0
-0,-0
-0,-0
-0,-0
-0,-0
-0,-0
-0,-0
-0,-0
-0,-0
-0,-0
-0,-0
-0,-0
-0,-0
-0,-0
-0,-0
-0,-0
-0,-0
-0,-0
-0,-0
-0,-0
-0,-0
-0,-0
-0,-0
-0,-0
-0,-0
-0,-0
-0,-0
-0,-0
-0,-0
-0,-0
-0,-0
-0,-0
-0,-0
-0,-0
-0,-0
-0,-0
-0,-0
-0,-0
-0,-0
-0,-0
-0,-0
-0,-0
-0,-0
-0,-0
-0,-0
-0,-0
-0,-0
-0,-0
-0,-0
-0,-0
-0,-0
-0,-0
-0,-0
-0,-0
-0,-0
-0,-0
-0,-0
-0,-0
-0,-0
-0,-0
-0,-0
-0,-0
-0,-0
-0,-0
-0,-0
-0,-0
-0,-0
-0,-0
-0,-0
-0,-0
-0,-0
-0,-0
-0,-0
-0,-0
-0,-0
-0,-0
-0,-0
-0,-0
-0,-0
-0,-0
-0,-0
-0,-0
-0,-0
-0,-0
-0,-0
-0,-0
-0,-0
-0,-0
-0,-0
-0,-0
-0,-0
-0,-0
-0,-0
-0,-0
-0,-0
-0,-0
-0,-0
-0,-0
-0,-0
-0,-0
-0,-0
-0,-0
-0,-0
-0,-0
-0,-0
-0,-0
-0,-0
-0,-0
-0,-0
-0,-0
-0,-0
-0,-0
-0,-0
-0,-0
-0,-0
-0,-0
-0,-0
-0,-0
-0,-0
-0,-0
-0,-0
-0,-0
-0,-0
-0,-0
-0,-0
-0,-0
-0,-0
-0,-0
-0,-0
-0,-0
-0,-0
-0,-0
-0,-0
-0,-0
-0,-0
-0,-0
-0,-0
-0,-0
-0,-0
-0,-0
-0,-0
-0,-0
-0,-0
-0,-0
-0,-0
-0,-0
-0,-0
-0,-0
-0,-0
-0,-0
-0,-0
-0,-0
-0,-0
-0,-0
-0,-0
-0,-0
-0,-0
-0,-0
-0,-0
-0,-0
-0,-0
-0,-0
-0,-0
-0,-0
-0,-0
-0,-0
-0,-0
-0,-0
-0,-0
-0,-0
-0,-0
-0,-0
-0,-0
-0,-0
-0,-0
-0,-0
-0,-0
-0,-0
-0,-0
-0,-0
-0,-0
-0,-0
-0,-0
-0,-0
-0,-0
-0,-0
-0,-0
-0,-0
-0,-0
-0,-0
-0,-0
-0,-0
-0,-0
-0,-0
-0,-0
-0,-0
-0,-0
-0,-0
-0,-0
-0,-0
-0,-0
-0,-0
-0,-0
-0,-0
-0,-0
-0,-0
-0,-0
-0,-0
-0,-0
-0,-0
-0,-0
-0,-0
-0,-0
-0,-0
-0,-0
-0,-0
-0,-0
-0,-0
-0,-0
-0,-0
-0,-0
-0,-0
-0,-0
-0,-0
-0,-0
-0,-0
-0,-0
-0,-0
-0,-0
-0,-0
-0,-0
-0,-0
-0,-0
-0,-0
-0,-0
-0,-0
-0,-0
-0,-0
-0,-0
-0,-0
-0,-0
-0,-0
-0,-0
-0,-0
-0,-0
-0,-0
-0,-0
-0,-0
-0,-0
-0,-0
-0,-0
-0,-0
-0,-0
-0,-0
-0,-0
-0,-0
-0,-0
-0,-0
-0,-0
-0,-0
-0,-0
-0,-0
-0,-0
-0,-0
-0,-0
-0,-0
-0,-0
-0,-0
-0,-0
-0,-0
-0,-0
-0,-0
-0,-0
-0,-0
-0,-0
-0,-0
-0,-0
-0,-0
-0,-0
-0,-0
-0,-0
-0,-0
-0,-0
-0,-0
-0,-0
-0,-0
-0,-0
-0,-0
-0,-0
-0,-0
-0,-0
-0,-0
-0,-0
-0,-0
-0,-0
-0,-0
-0,-0
-0,-0
-0,-0
-0,-0
-0,-0
-0,-0
-0,-0
-0,-0
-0,-0
-0,-0
-0,-0
-0,-0
-0,-0
-0,-0
-0,-0
-0,-0
-0,-0
-0,-0
-0,-0
-0,-0
-0,-0
-0,-0
-0,-0
-0,-0
-0,-0
-0,-0
-0,-0
-0,-0
-0,-0
-0,-0
-0,-0
-0,-0
-0,-0
-0,-0
-0,-0
-0,-0
-0,-0
-0,-0
-0,-0
-0,-0
-0,-0
-0,-0
-0,-0
-0,-0
-0,-0
-0,-0
-0,-0
-0,-0
-0,-0
-0,-0
-0,-0
-0,-0
-0,-0
-0,-0
-0,-0
-0,-0
-0,-0
-0,-0
-0,-0
-0,-0
-0,-0
-0,-0
-0,-0
-0,-0
-0,-0
-0,-0
-0,-0
-0,-0
-0,-0
-0,-0
-0,-0
-0,-0
-0,-0
-0,-0
-0,-0
-0,-0
-0,-0
-0,-0
-0,-0
-0,-0
-0,-0
-0,-0
-0,-0
-0,-0
-0,-0
-0,-0
-0,-0
-0,-0
-0,-0
-0,-0
-0,-0
-0,-0
-0,-0
-0,-0
-0,-0
-0,-0
-0,-0
-0,-0
-0,-0
-0,-0
-0,-0
-0,-0
-0,-0
-0,-0
-0,-0
-0,-0
-0,-0
-0,-0
-0,-0
-0,-0
-0,-0
-0,-0
-0,-0
-0,-0
-0,-0
-0,-0
-0,-0
-0,-0
-0,-0
-0,-0
-0,-0
-0,-0
-0,-0
-0,-0
-0,-0
-0,-0
-0,-0
-0,-0
-0,-0
-0,-0
-0,-0
-0,-0
-0,-0
-0,-0
-0,-0
-0,-0
-0,-0
-0,-0
-0,-0
-0,-0
-0,-0
-0,-0
-0,-0
-0,-0
-0,-0
-0,-0
-0,-0
-0,-0
-0,-0
-0,-0
-0,-0
-0,-0
-0,-0
-0,-0
-0,-0
-0,-0
-0,-0
-0,-0
-0,-0
-0,-0
-0,-0
-0,-0
-0,-0
-0,-0
-0,-0
-0,-0
-0,-0
-0,-0
-0,-0
-0,-0
-0,-0
-0,-0
-0,-0
-0,-0
-0,-0
-0,-0
-0,-0
-0,-0
-0,-0
-0,-0
-0,-0
-0,-0
-0,-0
-0,-0
-0,-0
-0,-0
-0,-0
-0,-0
-0,-0
-0,-0
-0,-0
-0,-0
-0,-0
-0,-0
-0,-0
-0,-0
-0,-0
-0,-0
-0,-0
-0,-0
-0,-0
-0,-0
-0,-0
-0,-0
-0,-0
-0,-0
-0,-0
-0,-0
-0,-0
-0,-0
-0,-0
-0,-0
-0,-0
-0,-0
-0,-0
-0,-0
-0,-0
-0,-0
-0,-0
-0,-0
-0,-0
-0,-0
-0,-0
-0,-0
-0,-0
-0,-0
-0,-0
-0,-0
-0,-0
-0,-0
-0,-0
-0,-0
-0,-0
-0,-0
-0,-0
-0,-0
-0,-0
-0,-0
-0,-0
-0,-0
-0,-0
-0,-0
-0,-0
-0,-0
-0,-0
-0,-0
-0,-0
-0,-0
-0,-0
-0,-0
-0,-0
-0,-0
-0,-0
-0,-0
-0,-0
-0,-0
-0,-0
-0,-0
-0,-0
-0,-0
-0,-0
-0,-0
-0,-0
-0,-0
-0,-0
-0,-0
-0,-0
-0,-0
-0,-0
-0,-0
-0,-0
-0,-0
-0,-0
-0,-0
-0,-0
-0,-0
-0,-0
-0,-0
-0,-0
-0,-0
-0,-0
-0,-0
-0,-0
-0,-0
-0,-0
-0,-0
-0,-0
-0,-0
-0,-0
-0,-0
-0,-0
-0,-0
-0,-0
-0,-0
-0,-0
-0,-0
-0,-0
-0,-0
-0,-0
-0,-0
-0,-0
-0,-0
-0,-0
-0,-0
-0,-0
-0,-0
-0,-0
-0,-0
-0,-0
-0,-0
-0,-0
-0,-0
-0,-0
-0,-0
-0,-0
-0,-0
-0,-0
-0,-0
-0,-0
-0,-0
-0,-0
-0,-0
-0,-0
-0,-0
-0,-0
-0,-0
-0,-0
-0,-0
-0,-0
-0,-0
-0,-0
-0,-0
-0,-0
-0,-0
-0,-0
-0,-0
-0,-0
-0,-0
-0,-0
-0,-0
-0,-0
-0,-0
-0,-0
-0,-0
-0,-0
-0,-0
-0,-0
-0,-0
-0,-0
-0,-0
-0,-0
-0,-0
-0,-0
-0,-0
-0,-0
-0,-0
-0,-0
-0,-0
-0,-0
-0,-0
-0,-0
-0,-0
-0,-0
-0,-0
-0,-0
-0,-0
-0,-0
-0,-0
-0,-0
-0,-0
-0,-0
-0,-0
-0,-0
-0,-0
-0,-0
-0,-0
-0,-0
-0,-0
-0,-0
-0,-0
-0,-0
-0,-0
-0,-0
-0,-0
-0,-0
-0,-0
-0,-0
-0,-0
-0,-0
-0,-0
-0,-0
-0,-0
-0,-0
-0,-0
-0,-0
-0,-0
-0,-0
-0,-0
-0,-0
-0,-0
-0,-0
-0,-0
-0,-0
-0,-0
-0,-0
-0,-0
-0,-0
-0,-0
-0,-0
-0,-0
-0,-0
-0,-0
-0,-0
-0,-0
-0,-0
-0,-0
-0,-0
-0,-0
-0,-0
-0,-0
-0,-0
-0,-0
-0,-0
-0,-0
-0,-0
-0,-0
-0,-0
-0,-0
-0,-0
-0,-0
-0,-0
-0,-0
-0,-0
-0,-0
-0,-0
-0,-0
-0,-0
-0,-0
-0,-0
-0,-0
-0,-0
-0,-0
-0,-0
-0,-0
-0,-0
-0,-0
-0,-0
-0,-0
-0,-0
-0,-0
-0,-0
-0,-0
-0,-0
-0,-0
-0,-0
-0,-0
-0,-0
-0,-0
-0,-0
-0,-0
-0,-0
-0,-0
-0,-0
-0,-0
-0,-0
-0,-0
-0,-0
-0,-0
-0,-0
-0,-0
-0,-0
-0,-0
-0,-0
-0,-0
-0,-0
-0,-0
-0,-0
-0,-0
-0,-0
-0,-0
-0,-0
-0,-0
-0,-0
-0,-0
-0,-0
-0,-0
-0,-0
-0,-0
-0,-0
-0,-0
-0,-0
-0,-0
-0,-0
-0,-0
-0,-0
-0,-0
-0,-0
-0,-0
-0,-0
-0,-0
-0,-0
-0,-0
-0,-0
-0,-0
-0,-0
-0,-0
-0,-0
-0,-0
-0,-0
-0,-0
-0,-0
-0,-0
-0,-0
-0,-0
-0,-0
-0,-0
-0,-0
-0,-0
-0,-0
-0,-0
-0,-0
-0,-0
-0,-0
-0,-0
-0,-0
-0,-0
-0,-0
-0,-0
-0,-0
-0,-0
-0,-0
-0,-0
-0,-0
-0,-0
-0,-0
-0,-0
-0,-0
-0,-0
-0,-0
-0,-0
-0,-0
-0,-0
-0,-0
-0,-0
-0,-0
-0,-0
-0,-0
-0,-0
-0,-0
-0,-0
-0,-0
-0,-0
-0,-0
-0,-0
-0,-0
-0,-0
-0,-0
-0,-0
-0,-0
-0,-0
-0,-0
-0,-0
-0,-0
-0,-0
-0,-0
-0,-0
-0,-0
-0,-0
-0,-0
-0,-0
-0,-0
-0,-0
-0,-0
-0,-0
-0,-0
-0,-0
-0,-0
-0,-0
-0,-0
-0,-0
-0,-0
-0,-0
-0,-0
-0,-0
-0,-0
-0,-0
-0,-0
-0,-0
-0,-0
-0,-0
-0,-0
-0,-0
-0,-0
-0,-0
-0,-0
-0,-0
-0,-0
-0,-0
-0,-0
-0,-0
-0,-0
-0,-0
-0,-0
-0,-0
-0,-0
-0,-0
-0,-0
-0,-0
-0,-0
-0,-0
-0,-0
-0,-0
-0,-0
-0,-0
-0,-0
-0,-0
-0,-0
-0,-0
-0,-0
-0,-0
-0,-0
-0,-0
-0,-0
-0,-0
-0,-0
-0,-0
-0,-0
-0,-0
-0,-0
-0,-0
-0,-0
-0,-0
-0,-0
-0,-0
-0,-0
-0,-0
-0,-0
-0,-0
-0,-0
-0,-0
-0,-0
-0,-0
-0,-0
-0,-0
-0,-0
-0,-0
-0,-0
-0,-0
-0,-0
-0,-0
-0,-0
-0,-0
-0,-0
-0,-0
-0,-0
-0,-0
-0,-0
-0,-0
-0,-0
-0,-0
-0,-0
-0,-0
-0,-0
-0,-0
-0,-0
-0,-0
-0,-0
-0,-0
-0,-0
-0,-0
-0,-0
-0,-0
-0,-0
-0,-0
-0,-0
-0,-0
-0,-0
-0,-0
-0,-0
-0,-0
-0,-0
-0,-0
-0,-0
-0,-0
-0,-0
-0,-0
-0,-0
-0,-0
-0,-0
-0,-0
-0,-0
-0,-0
-0,-0
-0,-0
-0,-0
-0,-0
-0,-0
-0,-0
-0,-0
-0,-0
-0,-0
-0,-0
-0,-0
-0,-0
-0,-0
-0,-0
-0,-0
-0,-0
-0,-0
-0,-0
-0,-0
-0,-0
-0,-0
-0,-0
-0,-0
-0,-0
-0,-0
-0,-0
-0,-0
-0,-0
-0,-0
-0,-0
-0,-0
-0,-0
-0,-0
-0,-0
-0,-0
-0,-0
-0,-0
-0,-0
-0,-0
-0,-0
-0,-0
-0,-0
-0,-0
-0,-0
-0,-0
-0,-0
-0,-0
-0,-0
-0,-0
-0,-0
-0,-0
-0,-0
-0,-0
-0,-0
-0,-0
-0,-0
-0,-0
-0,-0
-0,-0
-0,-0
-0,-0
-0,-0
-0,-0
-0,-0
-0,-0
-0,-0
-0,-0
-0,-0
-0,-0
-0,-0
-0,-0
-0,-0
-0,-0
-0,-0
-0,-0
-0,-0
-0,-0
-0,-0
-0,-0
-0,-0
-0,-0
-0,-0
-0,-0
-0,-0
-0,-0
-0,-0
-0,-0
-0,-0
-0,-0
-0,-0
-0,-0
-0,-0
-0,-0
-0,-0
-0,-0
-0,-0
-0,-0
-0,-0
-0,-0
-0,-0
-0,-0
-0,-0
-0,-0
-0,-0
-0,-0
-0,-0
-0,-0
-0,-0
-0,-0
-0,-0
-0,-0
-0,-0
-0,-0
-0,-0
-0,-0
-0,-0
-0,-0
-0,-0
-0,-0
-0,-0
-0,-0
-0,-0
-0,-0
-0,-0
-0,-0
-0,-0
-0,-0
-0,-0
-0,-0
-0,-0
-0,-0
-0,-0
-0,-0
-0,-0
-0,-0
-0,-0
-0,-0
-0,-0
-0,-0
-0,-0
-0,-0
-0,-0
-0,-0
-0,-0
-0,-0
-0,-0
-0,-0
-0,-0
-0,-0
-0,-0
-0,-0
-0,-0
-0,-0
-0,-0
-0,-0
-0,-0
-0,-0
-0,-0
-0,-0
-0,-0
-0,-0
-0,-0
-0,-0
-0,-0
-0,-0
-0,-0
-0,-0
-0,-0
-0,-0
-0,-0
-0,-0
-0,-0
-0,-0
-0,-0
-0,-0
-0,-0
-0,-0
-0,-0
-0,-0
-0,-0
-0,-0
-0,-0
-0,-0
-0,-0
-0,-0
-0,-0
-0,-0
-0,-0
-0,-0
-0,-0
-0,-0
-0,-0
-0,-0
-0,-0
-0,-0
-0,-0
-0,-0
-0,-0
-0,-0
-0,-0
-0,-0
-0,-0
-0,-0
-0,-0
-0,-0
-0,-0
-0,-0
-0,-0
-0,-0
-0,-0
-0,-0
-0,-0
-0,-0
-0,-0
-0,-0
-0,-0
-0,-0
-0,-0
-0,-0
-0,-0
-0,-0
-0,-0
-0,-0
-0,-0
-0,-0
-0,-0
-0,-0
-0,-0
-0,-0
-0,-0
-0,-0
-0,-0
-0,-0
-0,-0
-0,-0
-0,-0
-0,-0
-0,-0
-0,-0
-0,-0
-0,-0
-0,-0
-0,-0
-0,-0
-0,-0
-0,-0
-0,-0
-0,-0
-0,-0
-0,-0
-0,-0
-0,-0
-0,-0
-0,-0
-0,-0
-0,-0
-0,-0
-0,-0
-0,-0
-0,-0
-0,-0
-0,-0
-0,-0
-0,-0
-0,-0
-0,-0
-0,-0
-0,-0
-0,-0
-0,-0
-0,-0
-0,-0
-0,-0
-0,-0
-0,-0
-0,-0
-0,-0
-0,-0
-0,-0
-0,-0
-0,-0
-0,-0
-0,-0
-0,-0
-0,-0
-0,-0
-0,-0
-0,-0
-0,-0
-0,-0
-0,-0
-0,-0
-0,-0
-0,-0
-0,-0
-0,-0
-0,-0
-0,-0
-0,-0
-0,-0
-0,-0
-0,-0
-0,-0
-0,-0
-0,-0
-0,-0
-0,-0
-0,-0
-0,-0
-0,-0
-0,-0
-0,-0
-0,-0
-0,-0
-0,-0
-0,-0
-0,-0
-0,-0
-0,-0
-0,-0
-0,-0
-0,-0
-0,-0
-0,-0
-0,-0
-0,-0
-0,-0
-0,-0
-0,-0
-0,-0
-0,-0
-0,-0
-0,-0
-0,-0
-0,-0
-0,-0
-0,-0
-0,-0
-0,-0
-0,-0
-0,-0
-0,-0
-0,-0
-0,-0
-0,-0
-0,-0
-0,-0
-0,-0
-0,-0
-0,-0
-0,-0
-0,-0
-0,-0
-0,-0
-0,-0
-0,-0
-0,-0
-0,-0
-0,-0
-0,-0
-0,-0
-0,-0
-0,-0
-0,-0
-0,-0
-0,-0
-0,-0
-0,-0
-0,-0
-0,-0
-0,-0
-0,-0
-0,-0
-0,-0
-0,-0
-0,-0
-0,-0
-0,-0
-0,-0
-0,-0
-0,-0
-0,-0
-0,-0
-0,-0
-0,-0
-0,-0
-0,-0
-0,-0
-0,-0
-0,-0
-0,-0
-0,-0
-0,-0
-0,-0
-0,-0
-0,-0
-0,-0
-0,-0
-0,-0
-0,-0
-0,-0
-0,-0
-0,-0
-0,-0
-0,-0
-0,-0
-0,-0
-0,-0
-0,-0
-0,-0
-0,-0
-0,-0
-0,-0
-0,-0
-0,-0
-0,-0
-0,-0
-0,-0
-0,-0
-0,-0
-0,-0
-0,-0
-0,-0
-0,-0
-0,-0
-0,-0
-0,-0
-0,-0
-0,-0
-0,-0
-0,-0
-0,-0
-0,-0
-0,-0
-0,-0
-0,-0
-0,-0
-0,-0
-0,-0
-0,-0
-0,-0
-0,-0
-0,-0
-0,-0
-0,-0
-0,-0
-0,-0
-0,-0
-0,-0
-0,-0
-0,-0
-0,-0
-0,-0
-0,-0
-0,-0
-0,-0
-0,-0
-0,-0
-0,-0
-0,-0
-0,-0
-0,-0
-0,-0
-0,-0
-0,-0
-0,-0
-0,-0
-0,-0
-0,-0
-0,-0
-0,-0
-0,-0
-0,-0
-0,-0
-0,-0
-0,-0
-0,-0
-0,-0
-0,-0
-0,-0
-0,-0
-0,-0
-0,-0
-0,-0
-0,-0
-0,-0
-0,-0
-0,-0
-0,-0
-0,-0
-0,-0
-0,-0
-0,-0
-0,-0
-0,-0
-0,-0
-0,-0
-0,-0
-0,-0
-0,-0
-0,-0
-0,-0
-0,-0
-0,-0
-0,-0
-0,-0
-0,-0
-0,-0
-0,-0
-0,-0
-0,-0
-0,-0
-0,-0
-0,-0
-0,-0
-0,-0
-0,-0
-0,-0
-0,-0
-0,-0
-0,-0
-0,-0
-0,-0
-0,-0
-0,-0
-0,-0
-0,-0
-0,-0
-0,-0
-0,-0
-0,-0
-0,-0
-0,-0
-0,-0
-0,-0
-0,-0
-0,-0
-0,-0
-0,-0
-0,-0
-0,-0
-0,-0
-0,-0
-0,-0
-0,-0
-0,-0
-0,-0
-0,-0
-0,-0
-0,-0
-0,-0
-0,-0
-0,-0
-0,-0
-0,-0
-0,-0
-0,-0
-0,-0
-0,-0
-0,-0
-0,-0
-0,-0
-0,-0
-0,-0
-0,-0
-0,-0
-0,-0
-0,-0
-0,-0
-0,-0
-0,-0
-0,-0
-0,-0
-0,-0
-0,-0
-0,-0
-0,-0
-0,-0
-0,-0
-0,-0
-0,-0
-0,-0
-0,-0
-0,-0
-0,-0
-0,-0
-0,-0
-0,-0
-0,-0
-0,-0
-0,-0
-0,-0
-0,-0
-0,-0
-0,-0
-0,-0
-0,-0
-0,-0
-0,-0
-0,-0
-0,-0
-0,-0
-0,-0
-0,-0
-0,-0
-0,-0
-0,-0
-0,-0
-0,-0
-0,-0
-0,-0
-0,-0
-0,-0
-0,-0
-0,-0
-0,-0
-0,-0
-0,-0
-0,-0
-0,-0
-0,-0
-0,-0
-0,-0
-0,-0
-0,-0
-0,-0
-0,-0
-0,-0
-0,-0
-0,-0
-0,-0
-0,-0
-0,-0
-0,-0
-0,-0
-0,-0
-0,-0
-0,-0
-0,-0
-0,-0
-0,-0
-0,-0
-0,-0
-0,-0
-0,-0
-0,-0
-0,-0
-0,-0
-0,-0
-0,-0
-0,-0
-0,-0
-0,-0
-0,-0
-0,-0
-0,-0
-0,-0
-0,-0
-0,-0
-0,-0
-0,-0
-0,-0
-0,-0
-0,-0
-0,-0
-0,-0
-0,-0
-0,-0
-0,-0
-0,-0
-0,-0
-0,-0
-0,-0
-0,-0
-0,-0
-0,-0
-0,-0
-0,-0
-0,-0
-0,-0
-0,-0
-0,-0
-0,-0
-0,-0
-0,-0
-0,-0
-0,-0
-0,-0
-0,-0
-0,-0
-0,-0
-0,-0
-0,-0
-0,-0
-0,-0
-0,-0
-0,-0
-0,-0
-0,-0
-0,-0
-0,-0
-0,-0
-0,-0
-0,-0
-0,-0
-0,-0
-0,-0
-0,-0
-0,-0
-0,-0
-0,-0
-0,-0
-0,-0
-0,-0
-0,-0
-0,-0
-0,-0
-0,-0
-0,-0
-0,-0
-0,-0
-0,-0
-0,-0
-0,-0
-0,-0
-0,-0
-0,-0
-0,-0
-0,-0
-0,-0
-0,-0
-0,-0
-0,-0
-0,-0
-0,-0
-0,-0
-0,-0
-0,-0
-0,-0
-0,-0
-0,-0
-0,-0
-0,-0
-0,-0
-0,-0
-0,-0
-0,-0
-0,-0
-0,-0
-0,-0
-0,-0
-0,-0
-0,-0
-0,-0
-0,-0
-0,-0
-0,-0
-0,-0
-0,-0
-0,-0
-0,-0
-0,-0
-0,-0
-0,-0
-0,-0
-0,-0
-0,-0
-0,-0
-0,-0
-0,-0
-0,-0
-0,-0
-0,-0
-0,-0
-0,-0
-0,-0
-0,-0
-0,-0
-0,-0
-0,-0
-0,-0
-0,-0
-0,-0
-0,-0
-0,-0
-0,-0
-0,-0
-0,-0
-0,-0
-0,-0
-0,-0
-0,-0
-0,-0
-0,-0
-0,-0
-0,-0
-0,-0
-0,-0
-0,-0
-0,-0
-0,-0
-0,-0
-0,-0
-0,-0
-0,-0
-0,-0
-0,-0
-0,-0
-0,-0
-0,-0
-0,-0
-0,-0
-0,-0
-0,-0
-0,-0
-0,-0
-0,-0
-0,-0
-0,-0
-0,-0
-0,-0
-0,-0
-0,-0
-0,-0
-0,-0
-0,-0
-0,-0
-0,-0
-0,-0
-0,-0
-0,-0
-0,-0
-0,-0
-0,-0
-0,-0
-0,-0
-0,-0
-0,-0
-0,-0
-0,-0
-0,-0
-0,-0
-0,-0
-0,-0
-0,-0
-0,-0
-0,-0
-0,-0
-0,-0
-0,-0
-0,-0
-0,-0
-0,-0
-0,-0
-0,-0
-0,-0
-0,-0
-0,-0
-0,-0
-0,-0
-0,-0
-0,-0
-0,-0
-0,-0
-0,-0
-0,-0
-0,-0
-0,-0
-0,-0
-0,-0
-0,-0
-0,-0
-0,-0
-0,-0
-0,-0
-0,-0
-0,-0
-0,-0
-0,-0
-0,-0
-0,-0
-0,-0
-0,-0
-0,-0
-0,-0
-0,-0
-0,-0
-0,-0
-0,-0
-0,-0
-0,-0
-0,-0
-0,-0
-0,-0
-0,-0
-0,-0
-0,-0
-0,-0
-0,-0
-0,-0
-0,-0
-0,-0
-0,-0
-0,-0
-0,-0
-0,-0
-0,-0
-0,-0
-0,-0
-0,-0
-0,-0
-0,-0
-0,-0
-0,-0
-0,-0
-0,-0
-0,-0
-0,-0
-0,-0
-0,-0
-0,-0
-0,-0
-0,-0
-0,-0
-0,-0
-0,-0
-0,-0
-0,-0
-0,-0
-0,-0
-0,-0
-0,-0
-0,-0
-0,-0
-0,-0
-0,-0
-0,-0
-0,-0
-0,-0
-0,-0
-0,-0
-0,-0
-0,-0
-0,-0
-0,-0
-0,-0
-0,-0
-0,-0
-0,-0
-0,-0
-0,-0
-0,-0
-0,-0
-0,-0
-0,-0
-0,-0
-0,-0
-0,-0
-0,-0
-0,-0
-0,-0
-0,-0
-0,-0
-0,-0
-0,-0
-0,-0
-0,-0
-0,-0
-0,-0
-0,-0
-0,-0
-0,-0
-0,-0
-0,-0
-0,-0
-0,-0
-0,-0
-0,-0
-0,-0
-0,-0
-0,-0
-0,-0
-0,-0
-0,-0
-0,-0
-0,-0
-0,-0
-0,-0
-0,-0
-0,-0
-0,-0
-0,-0
-0,-0
-0,-0
-0,-0
-0,-0
-0,-0
-0,-0
-0,-0
-0,-0
-0,-0
-0,-0
-0,-0
-0,-0
-0,-0
-0,-0
-0,-0
-0,-0
-0,-0
-0,-0
-0,-0
-0,-0
-0,-0
-0,-0
-0,-0
-0,-0
-0,-0
-0,-0
-0,-0
-0,-0
-0,-0
-0,-0
-0,-0
-0,-0
-0,-0
-0,-0
-0,-0
-0,-0
-0,-0
-0,-0
-0,-0
-0,-0
-0,-0
-0,-0
-0,-0
-0,-0
-0,-0
-0,-0
-0,-0
-0,-0
-0,-0
-0,-0
-0,-0
-0,-0
-0,-0
-0,-0
-0,-0
-0,-0
-0,-0
-0,-0
-0,-0
-0,-0
-0,-0
-0,-0
-0,-0
-0,-0
-0,-0
-0,-0
-0,-0
-0,-0
-0,-0
-0,-0
-0,-0
-0,-0
-0,-0
-0,-0
-0,-0
-0,-0
-0,-0
-0,-0
-0,-0
-0,-0
-0,-0
-0,-0
-0,-0
-0,-0
-0,-0
-0,-0
-0,-0
-0,-0
-0,-0
-0,-0
-0,-0
-0,-0
-0,-0
-0,-0
-0,-0
-0,-0
-0,-0
-0,-0
-0,-0
-0,-0
-0,-0
-0,-0
-0,-0
-0,-0
-0,-0
-0,-0
-0,-0
-0,-0
-0,-0
-0,-0
-0,-0
-0,-0
-0,-0
-0,-0
-0,-0
-0,-0
-0,-0
-0,-0
-0,-0
-0,-0
-0,-0
-0,-0
-0,-0
-0,-0
-0,-0
-0,-0
-0,-0
-0,-0
-0,-0
-0,-0
-0,-0
-0,-0
-0,-0
-0,-0
-0,-0
-0,-0
-0,-0
-0,-0
-0,-0
-0,-0
-0,-0
-0,-0
-0,-0
-0,-0
-0,-0
-0,-0
-0,-0
-0,-0
-0,-0
-0,-0
-0,-0
-0,-0
-0,-0
-0,-0
-0,-0
-0,-0
-0,-0
-0,-0
-0,-0
-0,-0
-0,-0
-0,-0
-0,-0
-0,-0
-0,-0
-0,-0
-0,-0
-0,-0
-0,-0
-0,-0
-0,-0
-0,-0
-0,-0
-0,-0
-0,-0
-0,-0
-0,-0
-0,-0
-0,-0
-0,-0
-0,-0
-0,-0
-0,-0
-0,-0
-0,-0
-0,-0
-0,-0
-0,-0
-0,-0
-0,-0
-0,-0
-0,-0
-0,-0
-0,-0
-0,-0
-0,-0
-0,-0
-0,-0
-0,-0
-0,-0
-0,-0
-0,-0
-0,-0
-0,-0
-0,-0
-0,-0
-0,-0
-0,-0
-0,-0
-0,-0
-0,-0
-0,-0
-0,-0
-0,-0
-0,-0
-0,-0
-0,-0
-0,-0
-0,-0
-0,-0
-0,-0
-0,-0
-0,-0
-0,-0
-0,-0
-0,-0
-0,-0
-0,-0
-0,-0
-0,-0
-0,-0
-0,-0
-0,-0
-0,-0
-0,-0
-0,-0
-0,-0
-0,-0
-0,-0
-0,-0
-0,-0
-0,-0
-0,-0
-0,-0
-0,-0
-0,-0
-0,-0
-0,-0
-0,-0
-0,-0
-0,-0
-0,-0
-0,-0
-0,-0
-0,-0
-0,-0
-0,-0
-0,-0
-0,-0
-0,-0
-0,-0
-0,-0
-0,-0
-0,-0
-0,-0
-0,-0
-0,-0
-0,-0
-0,-0
-0,-0
-0,-0
-0,-0
-0,-0
-0,-0
-0,-0
-0,-0
-0,-0
-0,-0
-0,-0
-0,-0
-0,-0
-0,-0
-0,-0
-0,-0
-0,-0
-0,-0
-0,-0
-0,-0
-0,-0
-0,-0
-0,-0
-0,-0
-0,-0
-0,-0
-0,-0
-0,-0
-0,-0
-0,-0
-0,-0
-0,-0
-0,-0
-0,-0
-0,-0
-0,-0
-0,-0
-0,-0
-0,-0
-0,-0
-0,-0
-0,-0
-0,-0
-0,-0
-0,-0
-0,-0
-0,-0
-0,-0
-0,-0
-0,-0
-0,-0
-0,-0
-0,-0
-0,-0
-0,-0
-0,-0
-0,-0
-0,-0
-0,-0
-0,-0
-0,-0
-0,-0
-0,-0
-0,-0
-0,-0
-0,-0
-0,-0
-0,-0
-0,-0
-0,-0
-0,-0
-0,-0
-0,-0
-0,-0
-0,-0
-0,-0
-0,-0
-0,-0
-0,-0
-0,-0
-0,-0
-0,-0
-0,-0
-0,-0
-0,-0
-0,-0
-0,-0
-0,-0
-0,-0
-0,-0
-0,-0
-0,-0
-0,-0
-0,-0
-0,-0
-0,-0
-0,-0
-0,-0
-0,-0
-0,-0
-0,-0
-0,-0
-0,-0
-0,-0
-0,-0
-0,-0
-0,-0
-0,-0
-0,-0
-0,-0
-0,-0
-0,-0
-0,-0
-0,-0
-0,-0
-0,-0
-0,-0
-0,-0
-0,-0
-0,-0
-0,-0
-0,-0
-0,-0
-0,-0
-0,-0
-0,-0
-0,-0
-0,-0
-0,-0
-0,-0
-0,-0
-0,-0
-0,-0
-0,-0
-0,-0
-0,-0
-0,-0
-0,-0
-0,-0
-0,-0
-0,-0
-0,-0
-0,-0
-0,-0
-0,-0
-0,-0
-0,-0
-0,-0
-0,-0
-0,-0
-0,-0
-0,-0
-0,-0
-0,-0
-0,-0
-0,-0
-0,-0
-0,-0
-0,-0
-0,-0
-0,-0
-0,-0
-0,-0
-0,-0
-0,-0
-0,-0
-0,-0
-0,-0
-0,-0
-0,-0
-0,-0
-0,-0
-0,-0
-0,-0
-0,-0
-0,-0
-0,-0
-0,-0
-0,-0
-0,-0
-0,-0
-0,-0
-0,-0
-0,-0
-0,-0
-0,-0
-0,-0
-0,-0
-0,-0
-0,-0
-0,-0
-0,-0
-0,-0
-0,-0
-0,-0
-0,-0
-0,-0
-0,-0
-0,-0
-0,-0
-0,-0
-0,-0
-0,-0
-0,-0
-0,-0
-0,-0
-0,-0
-0,-0
-0,-0
-0,-0
-0,-0
-0,-0
-0,-0
-0,-0
-0,-0
-0,-0
-0,-0
-0,-0
-0,-0
-0,-0
-0,-0
-0,-0
-0,-0
-0,-0
-0,-0
-0,-0
-0,-0
-0,-0
-0,-0
-0,-0
-0,-0
-0,-0
-0,-0
-0,-0
-0,-0
-0,-0
-0,-0
-0,-0
-0,-0
-0,-0
-0,-0
-0,-0
-0,-0
-0,-0
-0,-0
-0,-0
-0,-0
-0,-0
-0,-0
-0,-0
-0,-0
-0,-0
-0,-0
-0,-0
-0,-0
-0,-0
-0,-0
-0,-0
-0,-0
-0,-0
-0,-0
-0,-0
-0,-0
-0,-0
-0,-0
-0,-0
-0,-0
-0,-0
-0,-0
-0,-0
-0,-0
-0,-0
-0,-0
-0,-0
-0,-0
-0,-0
-0,-0
-0,-0
-0,-0
-0,-0
-0,-0
-0,-0
-0,-0
-0,-0
-0,-0
-0,-0
-0,-0
-0,-0
-0,-0
-0,-0
-0,-0
-0,-0
-0,-0
-0,-0
-0,-0
-0,-0
-0,-0
-0,-0
-0,-0
-0,-0
-0,-0
-0,-0
-0,-0
-0,-0
-0,-0
-0,-0
-0,-0
-0,-0
-0,-0
-0,-0
-0,-0
-0,-0
-0,-0
-0,-0
-0,-0
-0,-0
-0,-0
-0,-0
-0,-0
-0,-0
-0,-0
-0,-0
-0,-0
-0,-0
-0,-0
-0,-0
-0,-0
-0,-0
-0,-0
-0,-0
-0,-0
-0,-0
-0,-0
-0,-0
-0,-0
-0,-0
-0,-0
-0,-0
-0,-0
-0,-0
-0,-0
-0,-0
-0,-0
-0,-0
-0,-0
-0,-0
-0,-0
-0,-0
-0,-0
-0,-0
-0,-0
-0,-0
-0,-0
-0,-0
-0,-0
-0,-0
-0,-0
-0,-0
-0,-0
-0,-0
-0,-0
-0,-0
-0,-0
-0,-0
-0,-0
-0,-0
-0,-0
-0,-0
-0,-0
-0,-0
-0,-0
-0,-0
-0,-0
-0,-0
-0,-0
-0,-0
-0,-0
-0,-0
-0,-0
-0,-0
-0,-0
-0,-0
-0,-0
-0,-0
-0,-0
-0,-0
-0,-0
-0,-0
-0,-0
-0,-0
-0,-0
-0,-0
-0,-0
-0,-0
-0,-0
-0,-0
-0,-0
-0,-0
-0,-0
-0,-0
-0,-0
-0,-0
-0,-0
-0,-0
-0,-0
-0,-0
-0,-0
-0,-0
-0,-0
-0,-0
-0,-0
-0,-0
-0,-0
-0,-0
-0,-0
-0,-0
-0,-0
-0,-0
-0,-0
-0,-0
-0,-0
-0,-0
-0,-0
-0,-0
-0,-0
-0,-0
-0,-0
-0,-0
-0,-0
-0,-0
-0,-0
-0,-0
-0,-0
-0,-0
-0,-0
-0,-0
-0,-0
-0,-0
-0,-0
-0,-0
-0,-0
-0,-0
-0,-0
-0,-0
-0,-0
-0,-0
-0,-0
-0,-0
-0,-0
-0,-0
-0,-0
-0,-0
-0,-0
-0,-0
-0,-0
-0,-0
-0,-0
-0,-0
-0,-0
-0,-0
-0,-0
-0,-0
-0,-0
-0,-0
-0,-0
-0,-0
-0,-0
-0,-0
-0,-0
-0,-0
-0,-0
-0,-0
-0,-0
-0,-0
-0,-0
-0,-0
-0,-0
-0,-0
-0,-0
-0,-0
-0,-0
-0,-0
-0,-0
-0,-0
-0,-0
-0,-0
-0,-0
-0,-0
-0,-0
-0,-0
-0,-0
-0,-0
-0,-0
-0,-0
-0,-0
-0,-0
-0,-0
-0,-0
-0,-0
-0,-0
-0,-0
-0,-0
-0,-0
-0,-0
-0,-0
-0,-0
-0,-0
-0,-0
-0,-0
-0,-0
-0,-0
-0,-0
-0,-0
-0,-0
-0,-0
-0,-0
-0,-0
-0,-0
-0,-0
-0,-0
-0,-0
-0,-0
-0,-0
-0,-0
-0,-0
-0,-0
-0,-0
-0,-0
-0,-0
-0,-0
-0,-0
-0,-0
-0,-0
-0,-0
-0,-0
-0,-0
-0,-0
-0,-0
-0,-0
-0,-0
-0,-0
-0,-0
-0,-0
-0,-0
-0,-0
-0,-0
-0,-0
-0,-0
-0,-0
-0,-0
-0,-0
-0,-0
-0,-0
-0,-0
-0,-0
-0,-0
-0,-0
-0,-0
-0,-0
-0,-0
-0,-0
-0,-0
-0,-0
-0,-0
-0,-0
-0,-0
-0,-0
-0,-0
-0,-0
-0,-0
-0,-0
-0,-0
-0,-0
-0,-0
-0,-0
-0,-0
-0,-0
-0,-0
-0,-0
-0,-0
-0,-0
-0,-0
-0,-0
-0,-0
-0,-0
-0,-0
-0,-0
-0,-0
-0,-0
-0,-0
-0,-0
-0,-0
-0,-0
-0,-0
-0,-0
-0,-0
-0,-0
-0,-0
-0,-0
-0,-0
-0,-0
-0,-0
-0,-0
-0,-0
-0,-0
-0,-0
-0,-0
-0,-0
-0,-0
-0,-0
-0,-0
-0,-0
-0,-0
-0,-0
-0,-0
-0,-0
-0,-0
-0,-0
-0,-0
-0,-0
-0,-0
-0,-0
-0,-0
-0,-0
-0,-0
-0,-0
-0,-0
-0,-0
-0,-0
-0,-0
-0,-0
-0,-0
-0,-0
-0,-0
-0,-0
-0,-0
-0,-0
-0,-0
-0,-0
-0,-0
-0,-0
-0,-0
-0,-0
-0,-0
-0,-0
-0,-0
-0,-0
-0,-0
-0,-0
-0,-0
-0,-0
-0,-0
-0,-0
-0,-0
-0,-0
-0,-0
-0,-0
-0,-0
-0,-0
-0,-0
-0,-0
-0,-0
-0,-0
-0,-0
-0,-0
-0,-0
-0,-0
-0,-0
-0,-0
-0,-0
-0,-0
-0,-0
-0,-0
-0,-0
-0,-0
-0,-0
-0,-0
-0,-0
-0,-0
-0,-0
-0,-0
-0,-0
-0,-0
-0,-0
-0,-0
-0,-0
-0,-0
-0,-0
-0,-0
-0,-0
-0,-0
-0,-0
-0,-0
-0,-0
-0,-0
-0,-0
-0,-0
-0,-0
-0,-0
-0,-0
-0,-0
-0,-0
-0,-0
-0,-0
-0,-0
-0,-0
-0,-0
-0,-0
-0,-0
-0,-0
-0,-0
-0,-0
-0,-0
-0,-0
-0,-0
-0,-0
-0,-0
-0,-0
-0,-0
-0,-0
-0,-0
-0,-0
-0,-0
-0,-0
-0,-0
-0,-0
-0,-0
-0,-0
-0,-0
-0,-0
-0,-0
-0,-0
-0,-0
-0,-0
-0,-0
-0,-0
-0,-0
-0,-0
-0,-0
-0,-0
-0,-0
-0,-0
-0,-0
-0,-0
-0,-0
-0,-0
-0,-0
-0,-0
-0,-0
-0,-0
-0,-0
-0,-0
-0,-0
-0,-0
-0,-0
-0,-0
-0,-0
-0,-0
-0,-0
-0,-0
-0,-0
-0,-0
-0,-0
-0,-0
-0,-0
-0,-0
-0,-0
-0,-0
-0,-0
-0,-0
-0,-0
-0,-0
-0,-0
-0,-0
-0,-0
-0,-0
-0,-0
-0,-0
-0,-0
-0,-0
-0,-0
-0,-0
-0,-0
-0,-0
-0,-0
-0,-0
-0,-0
-0,-0
-0,-0
-0,-0
-0,-0
-0,-0
-0,-0
-0,-0
-0,-0
-0,-0
-0,-0
-0,-0
-0,-0
-0,-0
-0,-0
-0,-0
-0,-0
-0,-0
-0,-0
-0,-0
-0,-0
-0,-0
-0,-0
-0,-0
-0,-0
-0,-0
-0,-0
-0,-0
-0,-0
-0,-0
-0,-0
-0,-0
-0,-0
-0,-0
-0,-0
-0,-0
-0,-0
-0,-0
-0,-0
-0,-0
-0,-0
-0,-0
-0,-0
-0,-0
-0,-0
-0,-0
-0,-0
-0,-0
-0,-0
-0,-0
-0,-0
-0,-0
-0,-0
-0,-0
-0,-0
-0,-0
-0,-0
-0,-0
-0,-0
-0,-0
-0,-0
-0,-0
-0,-0
-0,-0
-0,-0
-0,-0
-0,-0
-0,-0
-0,-0
-0,-0
-0,-0
-0,-0
-0,-0
-0,-0
-0,-0
-0,-0
-0,-0
-0,-0
-0,-0
-0,-0
-0,-0
-0,-0
-0,-0
-0,-0
-0,-0
-0,-0
-0,-0
-0,-0
-0,-0
-0,-0
-0,-0
-0,-0
-0,-0
-0,-0
-0,-0
-0,-0
-0,-0
-0,-0
-0,-0
-0,-0
-0,-0
-0,-0
-0,-0
-0,-0
-0,-0
-0,-0
-0,-0
-0,-0
-0,-0
-0,-0
-0,-0
-0,-0
-0,-0
-0,-0
-0,-0
-0,-0
-0,-0
-0,-0
-0,-0
-0,-0
-0,-0
-0,-0
-0,-0
-0,-0
-0,-0
-0,-0
-0,-0
-0,-0
-0,-0
-0,-0
-0,-0
-0,-0
-0,-0
-0,-0
-0,-0
-0,-0
-0,-0
-0,-0
-0,-0
-0,-0
-0,-0
-0,-0
-0,-0
-0,-0
-0,-0
-0,-0
-0,-0
-0,-0
-0,-0
-0,-0
-0,-0
-0,-0
-0,-0
-0,-0
-0,-0
-0,-0
-0,-0
-0,-0
-0,-0
-0,-0
-0,-0
-0,-0
-0,-0
-0,-0
-0,-0
-0,-0
-0,-0
-0,-0
-0,-0
-0,-0
-0,-0
-0,-0
-0,-0
-0,-0
-0,-0
-0,-0
-0,-0
-0,-0
-0,-0
-0,-0
-0,-0
-0,-0
-0,-0
-0,-0
-0,-0
-0,-0
-0,-0
-0,-0
-0,-0
-0,-0
-0,-0
-0,-0
-0,-0
-0,-0
-0,-0
-0,-0
-0,-0
-0,-0
-0,-0
-0,-0
-0,-0
-0,-0
-0,-0
-0,-0
-0,-0
-0,-0
-0,-0
-0,-0
-0,-0
-0,-0
-0,-0
-0,-0
-0,-0
-0,-0
-0,-0
-0,-0
-0,-0
-0,-0
-0,-0
-0,-0
-0,-0
-0,-0
-0,-0
-0,-0
-0,-0
-0,-0
-0,-0
-0,-0
-0,-0
-0,-0
-0,-0
-0,-0
-0,-0
-0,-0
-0,-0
-0,-0
-0,-0
-0,-0
-0,-0
-0,-0
-0,-0
-0,-0
-0,-0
-0,-0
-0,-0
-0,-0
-0,-0
-0,-0
-0,-0
-0,-0
-0,-0
-0,-0
-0,-0
-0,-0
-0,-0
-0,-0
-0,-0
-0,-0
-0,-0
-0,-0
-0,-0
-0,-0
-0,-0
-0,-0
-0,-0
-0,-0
-0,-0
-0,-0
-0,-0
-0,-0
-0,-0
-0,-0
-0,-0
-0,-0
-0,-0
-0,-0
-0,-0
-0,-0
-0,-0
-0,-0
-0,-0
-0,-0
-0,-0
-0,-0
-0,-0
-0,-0
-0,-0
-0,-0
-0,-0
-0,-0
-0,-0
-0,-0
-0,-0
-0,-0
-0,-0
-0,-0
-0,-0
-0,-0
-0,-0
-0,-0
-0,-0
-0,-0
-0,-0
-0,-0
-0,-0
-0,-0
-0,-0
-0,-0
-0,-0
-0,-0
-0,-0
-0,-0
-0,-0
-0,-0
-0,-0
-0,-0
-0,-0
-0,-0
-0,-0
-0,-0
-0,-0
-0,-0
-0,-0
-0,-0
-0,-0
-0,-0
-0,-0
-0,-0
-0,-0
-0,-0
-0,-0
-0,-0
-0,-0
-0,-0
-0,-0
-0,-0
-0,-0
-0,-0
-0,-0
-0,-0
-0,-0
-0,-0
-0,-0
-0,-0
-0,-0
-0,-0
-0,-0
-0,-0
-0,-0
-0,-0
-0,-0
-0,-0
-0,-0
-0,-0
-0,-0
-0,-0
-0,-0
-0,-0
-0,-0
-0,-0
-0,-0
-0,-0
-0,-0
-0,-0
-0,-0
-0,-0
-0,-0
-0,-0
-0,-0
-0,-0
-0,-0
-0,-0
-0,-0
-0,-0
-0,-0
-0,-0
-0,-0
-0,-0
-0,-0
-0,-0
-0,-0
-0,-0
-0,-0
-0,-0
-0,-0
-0,-0
-0,-0
-0,-0
-0,-0
-0,-0
-0,-0
-0,-0
-0,-0
-0,-0
-0,-0
-0,-0
-0,-0
-0,-0
-0,-0
-0,-0
-0,-0
-0,-0
-0,-0
-0,-0
-0,-0
-0,-0
-0,-0
-0,-0
-0,-0
-0,-0
-0,-0
-0,-0
-0,-0
-0,-0
-0,-0
-0,-0
-0,-0
-0,-0
-0,-0
-0,-0
-0,-0
-0,-0
-0,-0
-0,-0
-0,-0
-0,-0
-0,-0
-0,-0
-0,-0
-0,-0
-0,-0
-0,-0
-0,-0
-0,-0
-0,-0
-0,-0
-0,-0
-0,-0
-0,-0
-0,-0
-0,-0
-0,-0
-0,-0
-0,-0
-0,-0
-0,-0
-0,-0
-0,-0
-0,-0
-0,-0
-0,-0
-0,-0
-0,-0
-0,-0
-0,-0
-0,-0
-0,-0
-0,-0
-0,-0
-0,-0
-0,-0
-0,-0
-0,-0
-0,-0
-0,-0
-0,-0
-0,-0
-0,-0
-0,-0
-0,-0
-0,-0
-0,-0
-0,-0
-0,-0
-0,-0
-0,-0
-0,-0
-0,-0
-0,-0
-0,-0
-0,-0
-0,-0
-0,-0
-0,-0
-0,-0
-0,-0
-0,-0
-0,-0
-0,-0
-0,-0
-0,-0
-0,-0
-0,-0
-0,-0
-0,-0
-0,-0
-0,-0
-0,-0
-0,-0
-0,-0
-0,-0
-0,-0
-0,-0
-0,-0
-0,-0
-0,-0
-0,-0
-0,-0
-0,-0
-0,-0
-0,-0
-0,-0
-0,-0
-0,-0
-0,-0
-0,-0
-0,-0
-0,-0
-0,-0
-0,-0
-0,-0
-0,-0
-0,-0
-0,-0
-0,-0
-0,-0
-0,-0
-0,-0
-0,-0
-0,-0
-0,-0
-0,-0
-0,-0
-0,-0
-0,-0
-0,-0
-0,-0
-0,-0
-0,-0
-0,-0
-0,-0
-0,-0
-0,-0
-0,-0
-0,-0
-0,-0
-0,-0
-0,-0
-0,-0
-0,-0
-0,-0
-0,-0
-0,-0
-0,-0
-0,-0
-0,-0
-0,-0
-0,-0
-0,-0
-0,-0
-0,-0
-0,-0
-0,-0
-0,-0
-0,-0
-0,-0
-0,-0
-0,-0
-0,-0
-0,-0
-0,-0
-0,-0
-0,-0
-0,-0
-0,-0
-0,-0
-0,-0
-0,-0
-0,-0
-0,-0
-0,-0
-0,-0
-0,-0
-0,-0
-0,-0
-0,-0
-0,-0
-0,-0
-0,-0
-0,-0
-0,-0
-0,-0
-0,-0
-0,-0
-0,-0
-0,-0
-0,-0
-0,-0
-0,-0
-0,-0
-0,-0
-0,-0
-0,-0
-0,-0
-0,-0
-0,-0
-0,-0
-0,-0
-0,-0
-0,-0
-0,-0
-0,-0
-0,-0
-0,-0
-0,-0
-0,-0
-0,-0
-0,-0
-0,-0
-0,-0
-0,-0
-0,-0
-0,-0
-0,-0
-0,-0
-0,-0
-0,-0
-0,-0
-0,-0
-0,-0
-0,-0
-0,-0
-0,-0
-0,-0
-0,-0
-0,-0
-0,-0
-0,-0
-0,-0
-0,-0
-0,-0
-0,-0
-0,-0
-0,-0
-0,-0
-0,-0
-0,-0
-0,-0
-0,-0
-0,-0
-0,-0
-0,-0
-0,-0
-0,-0
-0,-0
-0,-0
-0,-0
-0,-0
-0,-0
-0,-0
-0,-0
-0,-0
-0,-0
-0,-0
-0,-0
-0,-0
-0,-0
-0,-0
-0,-0
-0,-0
-0,-0
-0,-0
-0,-0
-0,-0
-0,-0
-0,-0
-0,-0
-0,-0
-0,-0
-0,-0
-0,-0
-0,-0
-0,-0
-0,-0
-0,-0
-0,-0
-0,-0
-0,-0
-0,-0
-0,-0
-0,-0
-0,-0
-0,-0
-0,-0
-0,-0
-0,-0
-0,-0
-0,-0
-0,-0
-0,-0
-0,-0
-0,-0
-0,-0
-0,-0
-0,-0
-0,-0
-0,-0
-0,-0
-0,-0
-0,-0
-0,-0
-0,-0
-0,-0
-0,-0
-0,-0
-0,-0
-0,-0
-0,-0
-0,-0
-0,-0
-0,-0
-0,-0
-0,-0
-0,-0
-0,-0
-0,-0
-0,-0
-0,-0
-0,-0
-0,-0
-0,-0
-0,-0
-0,-0
-0,-0
-0,-0
-0,-0
-0,-0
-0,-0
-0,-0
-0,-0
-0,-0
-0,-0
-0,-0
-0,-0
-0,-0
-0,-0
-0,-0
-0,-0
-0,-0
-0,-0
-0,-0
-0,-0
-0,-0
-0,-0
-0,-0
-0,-0
-0,-0
-0,-0
-0,-0
-0,-0
-0,-0
-0,-0
-0,-0
-0,-0
-0,-0
-0,-0
-0,-0
-0,-0
-0,-0
-0,-0
-0,-0
-0,-0
-0,-0
-0,-0
-0,-0
-0,-0
-0,-0
-0,-0
-0,-0
-0,-0
-0,-0
-0,-0
-0,-0
-0,-0
-0,-0
-0,-0
-0,-0
-0,-0
-0,-0
-0,-0
-0,-0
-0,-0
-0,-0
-0,-0
-0,-0
-0,-0
-0,-0
-0,-0
-0,-0
-0,-0
-0,-0
-0,-0
-0,-0
-0,-0
-0,-0
-0,-0
-0,-0
-0,-0
-0,-0
-0,-0
-0,-0
-0,-0
-0,-0
-0,-0
-0,-0
-0,-0
-0,-0
-0,-0
-0,-0
-0,-0
-0,-0
-0,-0
-0,-0
-0,-0
-0,-0
-0,-0
-0,-0
-0,-0
-0,-0
-0,-0
-0,-0
-0,-0
-0,-0
-0,-0
-0,-0
-0,-0
-0,-0
-0,-0
-0,-0
-0,-0
-0,-0
-0,-0
-0,-0
-0,-0
-0,-0
-0,-0
-0,-0
-0,-0
-0,-0
-0,-0
-0,-0
-0,-0
-0,-0
-0,-0
-0,-0
-0,-0
-0,-0
-0,-0
-0,-0
-0,-0
-0,-0
-0,-0
-0,-0
-0,-0
-0,-0
-0,-0
-0,-0
-0,-0
-0,-0
-0,-0
-0,-0
-0,-0
-0,-0
-0,-0
-0,-0
-0,-0
-0,-0
-0,-0
-0,-0
-0,-0
-0,-0
-0,-0
-0,-0
-0,-0
-0,-0
-0,-0
-0,-0
-0,-0
-0,-0
-0,-0
-0,-0
-0,-0
-0,-0
-0,-0
-0,-0
-0,-0
-0,-0
-0,-0
-0,-0
-0,-0
-0,-0
-0,-0
-0,-0
-0,-0
-0,-0
-0,-0
-0,-0
-0,-0
-0,-0
-0,-0
-0,-0
-0,-0
-0,-0
-0,-0
-0,-0
-0,-0
-0,-0
-0,-0
-0,-0
-0,-0
-0,-0
-0,-0
-0,-0
-0,-0
-0,-0
-0,-0
-0,-0
-0,-0
-0,-0
-0,-0
-0,-0
-0,-0
-0,-0
-0,-0
-0,-0
-0,-0
-0,-0
-0,-0
-0,-0
-0,-0
-0,-0
-0,-0
-0,-0
-0,-0
-0,-0
-0,-0
-0,-0
-0,-0
-0,-0
-0,-0
-0,-0
-0,-0
-0,-0
-0,-0
-0,-0
-0,-0
-0,-0
-0,-0
-0,-0
-0,-0
-0,-0
-0,-0
-0,-0
-0,-0
-0,-0
-0,-0
-0,-0
-0,-0
-0,-0
-0,-0
-0,-0
-0,-0
-0,-0
-0,-0
-0,-0
-0,-0
-0,-0
-0,-0
-0,-0
-0,-0
-0,-0
-0,-0
-0,-0
-0,-0
-0,-0
-0,-0
-0,-0
-0,-0
-0,-0
-0,-0
-0,-0
-0,-0
-0,-0
-0,-0
-0,-0
-0,-0
-0,-0
-0,-0
-0,-0
-0,-0
-0,-0
-0,-0
-0,-0
-0,-0
-0,-0
-0,-0
-0,-0
-0,-0
-0,-0
-0,-0
-0,-0
-0,-0
-0,-0
-0,-0
-0,-0
-0,-0
-0,-0
-0,-0
-0,-0
-0,-0
-0,-0
-0,-0
-0,-0
-0,-0
-0,-0
-0,-0
-0,-0
-0,-0
-0,-0
-0,-0
-0,-0
-0,-0
-0,-0
-0,-0
-0,-0
-0,-0
-0,-0
-0,-0
-0,-0
-0,-0
-0,-0
-0,-0
-0,-0
-0,-0
-0,-0
-0,-0
-0,-0
-0,-0
-0,-0
-0,-0
-0,-0
-0,-0
-0,-0
-0,-0
-0,-0
-0,-0
-0,-0
-0,-0
-0,-0
-0,-0
-0,-0
-0,-0
-0,-0
-0,-0
-0,-0
-0,-0
-0,-0
-0,-0
-0,-0
-0,-0
-0,-0
-0,-0
-0,-0
-0,-0
-0,-0
-0,-0
-0,-0
-0,-0
-0,-0
-0,-0
-0,-0
-0,-0
-0,-0
-0,-0
-0,-0
-0,-0
-0,-0
-0,-0
-0,-0
-0,-0
-0,-0
-0,-0
-0,-0
-0,-0
-0,-0
-0,-0
-0,-0
-0,-0
-0,-0
-0,-0
-0,-0
-0,-0
-0,-0
-0,-0
-0,-0
-0,-0
-0,-0
-0,-0
-0,-0
-0,-0
-0,-0
-0,-0
-0,-0
-0,-0
-0,-0
-0,-0
-0,-0
-0,-0
-0,-0
-0,-0
-0,-0
-0,-0
-0,-0
-0,-0
-0,-0
-0,-0
-0,-0
-0,-0
-0,-0
-0,-0
-0,-0
-0,-0
-0,-0
-0,-0
-0,-0
-0,-0
-0,-0
-0,-0
-0,-0
-0,-0
-0,-0
-0,-0
-0,-0
-0,-0
-0,-0
-0,-0
-0,-0
-0,-0
-0,-0
-0,-0
-0,-0
-0,-0
-0,-0
-0,-0
-0,-0
-0,-0
-0,-0
-0,-0
-0,-0
-0,-0
-0,-0
-0,-0
-0,-0
-0,-0
-0,-0
-0,-0
-0,-0
-0,-0
-0,-0
-0,-0
-0,-0
-0,-0
-0,-0
-0,-0
-0,-0
-0,-0
-0,-0
-0,-0
-0,-0
-0,-0
-0,-0
-0,-0
-0,-0
-0,-0
-0,-0
-0,-0
-0,-0
-0,-0
-0,-0
-0,-0
-0,-0
-0,-0
-0,-0
-0,-0
-0,-0
-0,-0
-0,-0
-0,-0
-0,-0
-0,-0
-0,-0
-0,-0
-0,-0
-0,-0
-0,-0
-0,-0
-0,-0
-0,-0
-0,-0
-0,-0
-0,-0
-0,-0
-0,-0
-0,-0
-0,-0
-0,-0
-0,-0
-0,-0
-0,-0
-0,-0
-0,-0
-0,-0
-0,-0
-0,-0
-0,-0
-0,-0
-0,-0
-0,-0
-0,-0
-0,-0
-0,-0
-0,-0
-0,-0
-0,-0
-0,-0
-0,-0
-0,-0
-0,-0
-0,-0
-0,-0
-0,-0
-0,-0
-0,-0
-0,-0
-0,-0
-0,-0
-0,-0
-0,-0
-0,-0
-0,-0
-0,-0
-0,-0
-0,-0
-0,-0
-0,-0
-0,-0
-0,-0
-0,-0
-0,-0
-0,-0
-0,-0
-0,-0
-0,-0
-0,-0
-0,-0
-0,-0
-0,-0
-0,-0
-0,-0
-0,-0
-0,-0
-0,-0
-0,-0
-0,-0
-0,-0
-0,-0
-0,-0
-0,-0
-0,-0
-0,-0
-0,-0
-0,-0
-0,-0
-0,-0
-0,-0
-0,-0
-0,-0
-0,-0
-0,-0
-0,-0
-0,-0
-0,-0
-0,-0
-0,-0
-0,-0
-0,-0
-0,-0
-0,-0
-0,-0
-0,-0
-0,-0
-0,-0
-0,-0
-0,-0
-0,-0
-0,-0
-0,-0
-0,-0
-0,-0
-0,-0
-0,-0
-0,-0
-0,-0
-0,-0
-0,-0
-0,-0
-0,-0
-0,-0
-0,-0
-0,-0
-0,-0
-0,-0
-0,-0
-0,-0
-0,-0
-0,-0
-0,-0
-0,-0
-0,-0
-0,-0
-0,-0
-0,-0
-0,-0
-0,-0
-0,-0
-0,-0
-0,-0
-0,-0
-0,-0
-0,-0
-0,-0
-0,-0
-0,-0
-0,-0
-0,-0
-0,-0
-0,-0
-0,-0
-0,-0
-0,-0
-0,-0
-0,-0
-0,-0
-0,-0
-0,-0
-0,-0
-0,-0
-0,-0
-0,-0
-0,-0
-0,-0
-0,-0
-0,-0
-0,-0
-0,-0
-0,-0
-0,-0
-0,-0
-0,-0
-0,-0
-0,-0
-0,-0
-0,-0
-0,-0
-0,-0
-0,-0
-0,-0
-0,-0
-0,-0
-0,-0
-0,-0
-0,-0
-0,-0
-0,-0
-0,-0
-0,-0
-0,-0
-0,-0
-0,-0
-0,-0
-0,-0
-0,-0
-0,-0
-0,-0
-0,-0
-0,-0
-0,-0
-0,-0
-0,-0
-0,-0
-0,-0
-0,-0
-0,-0
-0,-0
-0,-0
-0,-0
-0,-0
-0,-0
-0,-0
-0,-0
-0,-0
-0,-0
-0,-0
-0,-0
-0,-0
-0,-0
-0,-0
-0,-0
-0,-0
-0,-0
-0,-0
-0,-0
-0,-0
-0,-0
-0,-0
-0,-0
-0,-0
-0,-0
-0,-0
-0,-0
-0,-0
-0,-0
-0,-0
-0,-0
-0,-0
-0,-0
-0,-0
-0,-0
-0,-0
-0,-0
-0,-0
-0,-0
-0,-0
-0,-0
-0,-0
-0,-0
-0,-0
-0,-0
-0,-0
-0,-0
-0,-0
-0,-0
-0,-0
-0,-0
-0,-0
-0,-0
-0,-0
-0,-0
-0,-0
-0,-0
-0,-0
-0,-0
-0,-0
-0,-0
-0,-0
-0,-0
-0,-0
-0,-0
-0,-0
-0,-0
-0,-0
-0,-0
-0,-0
-0,-0
-0,-0
-0,-0
-0,-0
-0,-0
-0,-0
-0,-0
-0,-0
-0,-0
-0,-0
-0,-0
-0,-0
-0,-0
-0,-0
-0,-0
-0,-0
-0,-0
-0,-0
-0,-0
-0,-0
-0,-0
-0,-0
-0,-0
-0,-0
-0,-0
-0,-0
-0,-0
-0,-0
-0,-0
-0,-0
-0,-0
-0,-0
-0,-0
-0,-0
-0,-0
-0,-0
-0,-0
-0,-0
-0,-0
-0,-0
-0,-0
-0,-0
-0,-0
-0,-0
-0,-0
-0,-0
-0,-0
-0,-0
-0,-0
-0,-0
-0,-0
-0,-0
-0,-0
-0,-0
-0,-0
-0,-0
-0,-0
-0,-0
-0,-0
-0,-0
-0,-0
-0,-0
-0,-0
-0,-0
-0,-0
-0,-0
-0,-0
-0,-0
-0,-0
-0,-0
-0,-0
-0,-0
-0,-0
-0,-0
-0,-0
-0,-0
-0,-0
-0,-0
-0,-0
-0,-0
-0,-0
-0,-0
-0,-0
-0,-0
-0,-0
-0,-0
-0,-0
-0,-0
-0,-0
-0,-0
-0,-0
-0,-0
-0,-0
-0,-0
-0,-0
-0,-0
-0,-0
-0,-0
-0,-0
-0,-0
-0,-0
-0,-0
-0,-0
-0,-0
-0,-0
-0,-0
-0,-0
-0,-0
-0,-0
-0,-0
-0,-0
-0,-0
-0,-0
-0,-0
-0,-0
-0,-0
-0,-0
-0,-0
-0,-0
-0,-0
-0,-0
-0,-0
-0,-0
-0,-0
-0,-0
-0,-0
-0,-0
-0,-0
-0,-0
-0,-0
-0,-0
-0,-0
-0,-0
-0,-0
-0,-0
-0,-0
-0,-0
-0,-0
-0,-0
-0,-0
-0,-0
-0,-0
-0,-0
-0,-0
-0,-0
-0,-0
-0,-0
-0,-0
-0,-0
-0,-0
-0,-0
-0,-0
-0,-0
-0,-0
-0,-0
-0,-0
-0,-0
-0,-0
-0,-0
-0,-0
-0,-0
-0,-0
-0,-0
-0,-0
-0,-0
-0,-0
-0,-0
-0,-0
-0,-0
-0,-0
-0,-0
-0,-0
-0,-0
-0,-0
-0,-0
-0,-0
-0,-0
-0,-0
-0,-0
-0,-0
-0,-0
-0,-0
-0,-0
-0,-0
-0,-0
-0,-0
-0,-0
-0,-0
-0,-0
-0,-0
-0,-0
-0,-0
-0,-0
-0,-0
-0,-0
-0,-0
-0,-0
-0,-0
-0,-0
-0,-0
-0,-0
-0,-0
-0,-0
-0,-0
-0,-0
-0,-0
-0,-0
-0,-0
-0,-0
-0,-0
-0,-0
-0,-0
-0,-0
-0,-0
-0,-0
-0,-0
-0,-0
-0,-0
-0,-0
-0,-0
-0,-0
-0,-0
-0,-0
-0,-0
-0,-0
-0,-0
-0,-0
-0,-0
-0,-0
-0,-0
-0,-0
-0,-0
-0,-0
-0,-0
-0,-0
-0,-0
-0,-0
-0,-0
-0,-0
-0,-0
-0,-0
-0,-0
-0,-0
-0,-0
-0,-0
-0,-0
-0,-0
-0,-0
-0,-0
-0,-0
-0,-0
-0,-0
-0,-0
-0,-0
-0,-0
-0,-0
-0,-0
-0,-0
-0,-0
-0,-0
-0,-0
-0,-0
-0,-0
-0,-0
-0,-0
-0,-0
-0,-0
-0,-0
-0,-0
-0,-0
-0,-0
-0,-0
-0,-0
-0,-0
-0,-0
-0,-0
-0,-0
-0,-0
-0,-0
-0,-0
-0,-0
-0,-0
-0,-0
-0,-0
-0,-0
-0,-0
-0,-0
-0,-0
-0,-0
-0,-0
-0,-0
-0,-0
-0,-0
-0,-0
-0,-0
-0,-0
-0,-0
-0,-0
-0,-0
-0,-0
-0,-0
-0,-0
-0,-0
-0,-0
-0,-0
-0,-0
-0,-0
-0,-0
-0,-0
-0,-0
-0,-0
-0,-0
-0,-0
-0,-0
-0,-0
-0,-0
-0,-0
-0,-0
-0,-0
-0,-0
-0,-0
-0,-0
-0,-0
-0,-0
-0,-0
-0,-0
-0,-0
-0,-0
-0,-0
-0,-0
-0,-0
-0,-0
-0,-0
-0,-0
-0,-0
-0,-0
-0,-0
-0,-0
-0,-0
-0,-0
-0,-0
-0,-0
-0,-0
-0,-0
-0,-0
-0,-0
-0,-0
-0,-0
-0,-0
-0,-0
-0,-0
-0,-0
-0,-0
-0,-0
-0,-0
-0,-0
-0,-0
-0,-0
-0,-0
-0,-0
-0,-0
-0,-0
-0,-0
-0,-0
-0,-0
-0,-0
-0,-0
-0,-0
-0,-0
-0,-0
-0,-0
-0,-0
-0,-0
-0,-0
-0,-0
-0,-0
-0,-0
-0,-0
-0,-0
-0,-0
-0,-0
-0,-0
-0,-0
-0,-0
-0,-0
-0,-0
-0,-0
-0,-0
-0,-0
-0,-0
-0,-0
-0,-0
-0,-0
-0,-0
-0,-0
-0,-0
-0,-0
-0,-0
-0,-0
-0,-0
-0,-0
-0,-0
-0,-0
-0,-0
-0,-0
-0,-0
-0,-0
-0,-0
-0,-0
-0,-0
-0,-0
-0,-0
-0,-0
-0,-0
-0,-0
-0,-0
-0,-0
-0,-0
-0,-0
-0,-0
-0,-0
-0,-0
-0,-0
-0,-0
-0,-0
-0,-0
-0,-0
-0,-0
-0,-0
-0,-0
-0,-0
-0,-0
-0,-0
-0,-0
-0,-0
-0,-0
-0,-0
-0,-0
-0,-0
-0,-0
-0,-0
-0,-0
-0,-0
-0,-0
-0,-0
-0,-0
-0,-0
-0,-0
-0,-0
-0,-0
-0,-0
-0,-0
-0,-0
-0,-0
-0,-0
-0,-0
-0,-0
-0,-0
