-0.22851,-0.24655
-0,-0
-0,-0
-0,-0
-0,-0
-0.17501,-0.31835
-0,-0
-0,-0
-0.28741,-0.30205
-0,-0
-0.15946,-0.2836
-0.13332,-0.24273
-0.083544,-0.16766
-0,-0
-0.27681,-0.52955
-0,-0
-0.012662,0
-0.13977,-0.099393
-0.24919,-0.26385
-0.30113,-0.31117
-0.40555,-0.37262
-0.2495,-0.25409
-0.19371,-0.2107
-0.057587,-0.2122
-0,-0
-0.074413,-0.15269
-0,-0
-0,-0
-0.29671,-0.37015
-0.082462,-0.03374
-0.13159,-0.01251
-0.20377,-0.1522
-0,-0
-0,-0
-0.30016,-0.3603
-0.34469,-0.37986
-0.22645,-0.2757
-0,-0
-0,-0
-0,-0
-0,-0
-0,-0
NaN,NaN
-0,-0
-0,-0
-0.088157,-0.13267
-0.077913,-0.030865
-0,-0
-0.22654,-0.20272
-0,-0
-0.1312,-0.079439
-0,-0
-0,-0
-0,-0
-0.32983,-0.46109
-0.29951,-0.29368
-0,-0
-0.28447,-0.28459
-0.1386,-0.18124
-0.076462,-0.16692
-0.14728,-0.13483
-0,-0
-0.10859,-0.080359
-0,-0
-0,-0
-0,-0
0,-0.09145
NaN,NaN
-0,-0
-0.23352,-0.21186
-0,-0
-0,-0
-0,-0
-0.25814,-0.14635
-0,-0
-0,-0
-0,-0
-0.31773,-0.40949
-0.47463,-0.47297
-0.37826,-0.3084
-0.23593,-0.28149
-0.14005,-0.12786
-0.051213,-0.23757
-0.11132,-0.15494
-0.035931,-0.18189
-0.13337,-0.17736
-0,-0
-0.1352,-0.13629
-0,-0
-0,-0
-0,-0
-0.074312,-0.12434
-0.19031,-0.21025
-0,-0
-0.30541,-0.21545
-0,-0
-0,-0
-0,-0
-0.40815,-0.31125
-0.4808,-0.30536
-0.38344,-0.23956
-0.52856,-0.40446
-0.51065,-0.52582
-0,-0
-0.42692,-0.4749
-0.45109,-0.52709
-0.34487,-0.33201
-0.30408,-0.33278
-0,-0
-0,-0
-0,-0
NaN,NaN
-0,-0
-0.093484,-0.16432
-0.20234,-0.23289
-0,-0
-0.23522,-0.24634
-0,-0
-0,-0
-0.057452,-0.19023
-0.11043,-0.16131
-0.30731,-0.32452
-0,-0
-0,-0
-0.25175,-0.25038
-0,-0
-0,-0
-0.49337,-0.36222
-0.50165,-0.34785
-0,-0
-0,-0
-0.40913,-0.16371
-0.49891,-0.44145
-0.53387,-0.43015
-0,-0
-0.40921,-0.5353
-0.51235,-0.60428
-0.31392,-0.48064
-0.29121,-0.2792
-0.51255,-0.56502
-0,-0
-0,-0
-0,-0
NaN,NaN
-0,-0
-0,-0
-0.20906,-0.17061
NaN,NaN
-0.28706,-0.22905
-0,-0
-0,-0
-0,-0
-0.16602,-0.28617
-0,-0
-0.38091,-0.49745
-0,-0
-0,-0
-0.41632,-0.37269
-0,-0
NaN,NaN
-0.53181,-0.46968
-0,-0
-0,-0
-0,-0
-0,-0
-0.44041,-0.26285
-0,-0
-0,-0
-0.58496,-0.56475
-0.59896,-0.53634
-0,-0
-0.44746,-0.5329
-0.47579,-0.50799
-0,-0
-0.62876,-0.6839
-0,-0
-0,-0
-0,-0
NaN,NaN
-0,-0
-0,-0
-0,-0
-0,-0
-0.28636,-0.31576
-0,-0
-0.31687,-0.27435
-0,-0
-0,-0
-0,-0
-0.26829,-0.36442
-0,-0
-0,-0
-0,-0
-0,-0
-0.46592,-0.43672
-0,-0
-0,-0
-0.55001,-0.56515
-0,-0
-0,-0
NaN,NaN
-0,-0
-0,-0
-0,-0
-0.50547,-0.38087
-0,-0
-0,-0
-0,-0
-0.65465,-0.64796
NaN,NaN
-0.55319,-0.56008
-0.62512,-0.67573
-0,-0
-0.78411,-0.77645
-0,-0
-0,-0
-0,-0
-0,-0
NaN,NaN
-0.52021,-0.52018
-0.38931,-0.58055
-0,-0
-0,-0
-0,-0
-0.37046,-0.38559
-0,-0
-0.41275,-0.36414
-0,-0
-0,-0
-0.23501,-0.35418
-0,-0
-0,-0
-0,-0
-0.49278,-0.46708
NaN,NaN
-0,-0
-0.51106,-0.54585
NaN,NaN
NaN,NaN
-0.66051,-0.67375
-0,-0
-0,-0
-0,-0
-0,-0
NaN,NaN
-0,-0
-0.80501,-0.51435
-0.53595,-0.44678
-0,-0
-0,-0
-0,-0
-0.68733,-0.6762
-0.74958,-0.83828
-0.58885,-0.6326
-0.77699,-0.80063
-0,-0
-0,-0
-0.76265,-0.89458
-0,-0
-0.75561,-0.57955
NaN,NaN
NaN,NaN
-0.42241,-0.90665
-0.33821,-0.37525
-0.64939,-0.8515
-0.61191,-0.73901
-0.58186,-0.75583
-0.62695,-0.69603
-0.59767,-0.58552
-0.56054,-0.62769
-0,-0
NaN,NaN
-0,-0
-0,-0
-0.43442,-0.45935
-0,-0
-0,-0
-0,-0
-0.56951,-0.6169
NaN,NaN
-0,-0
-0.59417,-0.58436
-0.52851,-0.46685
-0.66691,-0.51205
-0.63904,-0.75503
-0.64115,-0.64018
-0.56341,-0.63785
-0,-0
-0,-0
-0,-0
-0.70801,-0.81975
-0.77891,-0.92045
-0.79861,-0.98255
-0.72394,-0.65308
-0,-0
-0,-0
-0,-0
-0.73396,-0.72022
-0,-0
-0.83395,-0.83594
-0.64076,-0.60502
-0,-0
-0,-0
NaN,NaN
-0.88331,-0.97645
-0,-0
-0,-0
-0,-0
-0,-0
-0,-0
-0,-0
-0,-0
-0.57021,-0.96558
NaN,NaN
-0.59809,-0.78907
-0,-0
-0,-0
-0.60443,-0.55613
-0.6738,-0.69611
-0.67787,-0.57513
-0,-0
-0,-0
-0,-0
-0.5158,-0.53532
-0,-0
-0,-0
-0,-0
-0,-0
NaN,NaN
NaN,NaN
-0.73375,-0.7462
-0,-0
-0,-0
-0.86831,-0.99415
-0,-0
-0,-0
NaN,NaN
NaN,NaN
-0.94301,-1.0852
-0.85471,-1.0989
-0.8737,-1.0019
-0.89095,-1.0009
-0.85598,-0.95867
-0.88763,-0.87408
-0.83349,-0.73555
-1.0456,-0.95293
NaN,NaN
-0,-0
-0.89105,-0.84291
-0,-0
-0.83972,-0.84852
-0.62785,-0.78878
-0,-0
-0.93357,-0.99073
-0,-0
NaN,NaN
-0,-0
-0,-0
-0,-0
-0,-0
-0,-0
NaN,NaN
-0,-0
-0.73237,-1.0981
-0.89101,-1.0973
-0.83718,-1.0919
-0.81361,-1.1085
-0.80839,-1.0117
-0.89351,-0.97474
-0.99987,-1.0067
-0.62533,-0.6851
-0,-0
-0.7584,-0.68658
-0.96536,-0.93535
-0,-0
-0.63705,-0.63582
-0.99381,-0.62715
-0,-0
-0,-0
-0,-0
-0,-0
-0.82577,-0.86461
NaN,NaN
-0,-0
-0.88746,-0.9079
-0,-0
-0.99813,-1.1932
-0,-0
-0,-0
-0,-0
-0,-0
-0.93321,-1.1221
-0.96914,-1.1194
-1.0227,-1.1844
-0.94981,-1.1202
-0,-0
-0,-0
-0,-0
-0.93081,-0.724
-0.9208,-0.87011
-1.0585,-0.99894
-1.1086,-1.0906
-0,-0
-1.0387,-0.97234
-0,-0
-0.94786,-0.87358
-1.0383,-1.0752
-0,-0
-1.0859,-1.1056
-1.105,-1.0905
NaN,NaN
-0,-0
-0,-0
-0,-0
NaN,NaN
-0,-0
NaN,NaN
-0,-0
-0.75727,-1.2694
-0,-0
-0.8748,-1.2916
-0.87044,-1.25
-0.78231,-1.0371
-0.82965,-1.0855
-0.88128,-1.055
-0.81854,-0.99348
-0.94569,-1.0739
-0.89884,-0.93867
-0,-0
-0.95392,-0.77467
-1.0152,-0.96982
-0,-0
-0.78205,-0.77389
-0,-0
NaN,NaN
-0,-0
-0,-0
-0,-0
-0.95414,-1.0579
-0,-0
-0,-0
-0.93547,-1.016
-0,-0
-0,-0
-1.0789,-1.2988
-0,-0
-0,-0
-0,-0
-1.0781,-1.262
-1.0999,-1.2862
-1.1347,-1.2063
-1.0971,-1.2614
-0,-0
-0,-0
-0,-0
-0,-0
-0,-0
-1.014,-0.94765
NaN,NaN
-1.1276,-1.011
-1.2402,-1.1442
-1.3395,-1.1799
-0,-0
NaN,NaN
-1.0158,-1.132
-1.2381,-1.236
-0,-0
-1.4629,-1.0851
-0,-0
-0,-0
-0,-0
-0,-0
-0,-0
-0.94871,-1.3756
-0.74076,-1.2125
-0.97381,-1.3046
-0.87568,-1.4207
-0.85177,-1.3713
-0.77251,-1.3311
-0.97325,-1.4678
-0.93204,-1.3123
-0,-0
-0,-0
NaN,NaN
-1.1811,-1.1496
NaN,NaN
-0,-0
NaN,NaN
-1.0557,-1.0819
-1.0778,-1.0177
-0,-0
-1.1055,-1.0111
-1.2159,-1.1439
-0.97558,-0.91901
-0,-0
-0,-0
-0.92201,-0.98745
-0,-0
-0,-0
-1.1309,-0.91545
-0,-0
-0,-0
-1.1888,-1.2372
-0,-0
-0,-0
-1.2826,-1.4767
-0,-0
-0,-0
-0,-0
-1.3097,-1.2367
-1.3069,-1.3571
-0,-0
-0,-0
-0,-0
-1.3319,-1.3078
-1.3611,-1.492
-1.4079,-1.3292
-1.3767,-1.377
-1.3826,-1.4986
-1.3172,-1.394
-1.1294,-1.0274
-0,-0
-0,-0
-1.3668,-1.1025
-1.2902,-1.2441
NaN,NaN
-1.2301,-1.1719
-0,-0
NaN,NaN
NaN,NaN
NaN,NaN
-1.3456,-1.2862
-0,-0
-1.17,-1.4108
-0,-0
NaN,NaN
-0.99315,-1.4967
-1.1258,-1.4888
-1.2446,-1.532
NaN,NaN
-1.0514,-1.5874
-1.2125,-2.1427
-1.0298,-1.5394
-0.92452,-1.4376
-3.5764,0.57872
-2.7089,0.017037
-3.7978,0.8852
-3.7331,0.88439
-3.7437,0.72982
-3.6879,0.71657
-3.454,0.41453
-3.877,0.62485
-0.98357,-1.0079
-1.2494,-1.2772
-1.2128,-1.0999
-1.3837,-1.2644
-0,-0
-1.1633,-1.2075
-1.3866,-1.1104
-0,-0
-0,-0
-0,-0
-0,-0
-1.2679,-1.2503
NaN,NaN
-1.2465,-1.1911
-0,-0
NaN,NaN
-0,-0
-0,-0
-1.4389,-1.6965
-0,-0
-0,-0
-0,-0
-0,-0
-1.4832,-1.4411
-0.99161,-2.3165
-0,-0
-0,-0
-1.6246,-1.5588
-1.5046,-1.5308
-1.4851,-1.47
-1.4125,-1.4324
-1.3278,-1.3062
NaN,NaN
-1.3194,-1.4195
-1.3318,-1.3627
-1.3014,-1.2772
-1.4858,-1.3214
-0,-0
-0,-0
-1.4749,-1.4111
-1.5468,-1.5986
-1.3803,-1.3002
-0,-0
-0,-0
-1.5071,-1.3631
-1.6317,-1.3823
-1.5298,-1.5652
-0,-0
NaN,NaN
-1.5,-1.659
-1.311,-1.5835
-1.294,-1.5157
-0,-0
-1.2448,-1.7881
-0,-0
-1.1705,-1.6947
-0,-0
-1.2095,-1.7294
-0,-0
-0,-0
-3.508,0.43174
-2.366,-0.68489
-1.53,-1.7138
-1.4293,-1.8993
-1.4523,-1.8881
-1.5961,-1.9005
-2.0824,-1.0741
-3.7692,0.641
-3.9621,0.57309
-2.0895,-0.73296
-0,-0
-1.3635,-1.2493
-1.4356,-1.4161
-0,-0
-1.3203,-1.2535
-1.5889,-1.5304
-0,-0
-1.5405,-1.2949
-0,-0
NaN,NaN
-0,-0
NaN,NaN
NaN,NaN
NaN,NaN
-0,-0
-1.4297,-1.6133
-0,-0
-0,-0
-0,-0
-0,-0
-0,-0
-1.5921,-1.6567
-1.6713,-1.5764
NaN,NaN
-0,-0
-0,-0
-1.7397,-1.5044
-1.5996,-1.5292
-0,-0
-0,-0
-0,-0
-0,-0
-0,-0
-0,-0
-0,-0
-0,-0
-1.3895,-1.3255
-1.6056,-1.66
-1.7682,-1.5062
-0,-0
-0,-0
-1.6922,-1.5627
-1.6176,-1.6007
-0,-0
-0,-0
-1.7615,-1.8093
NaN,NaN
-1.6792,-1.4022
-0,-0
-1.6031,-1.6144
-1.5465,-1.6578
NaN,NaN
-0,-0
-0,-0
-0,-0
-0,-0
-1.3666,-1.8449
-0,-0
-1.323,-1.8732
-0,-0
-0,-0
-4.0481,1.0619
-1.4769,-2.0227
-1.5134,-1.9934
-1.4787,-1.9401
-1.5159,-1.9119
-1.542,-1.9045
-1.4953,-1.8871
-1.5919,-1.8953
-1.6717,-1.861
-1.7226,-1.8253
-3.0434,-0.53845
-2.386,-0.99275
-4.4319,-0.11
-1.5669,-1.3792
-1.5574,-1.4826
-1.6785,-1.6628
-1.5225,-1.4487
-1.8943,-1.5719
-0,-0
-0,-0
-0,-0
-0,-0
-0,-0
-0,-0
-1.9156,-1.8064
NaN,NaN
-0,-0
-1.7523,-1.9146
-1.9001,-2.0347
-0,-0
-1.8528,-2.0718
-1.7879,-1.7864
-0,-0
-2.0127,-1.8902
-1.8334,-1.7219
-1.7732,-1.5554
-0,-0
NaN,NaN
-1.977,-1.5542
-1.6928,-1.5395
-0,-0
-0,-0
-0,-0
-0,-0
-0,-0
-0,-0
NaN,NaN
-0,-0
-0,-0
-1.5812,-1.6479
-0,-0
-1.6098,-1.8119
-1.8296,-1.4626
-1.7787,-1.6792
-0,-0
-1.7051,-1.7338
-1.8719,-1.9486
-0,-0
NaN,NaN
-1.675,-1.7532
-1.8899,-1.9776
-0,-0
-1.7533,-1.9293
-1.9001,-2.0991
-1.7707,-2.0464
-0,-0
-0,-0
-0,-0
-0,-0
-1.7682,-2.0221
-1.4638,-2.143
-1.567,-2.1852
-1.5818,-2.0784
-1.6349,-2.2552
-3.696,0.20295
-3.821,0.65234
-1.548,-2.0374
-1.6303,-2.1149
-1.5712,-2.0728
-0,-0
-0,-0
-1.4461,-3.2833
-0,-0
-0,-0
-0,-0
-1.7902,-1.9814
-1.8115,-1.9047
-1.9112,-1.8979
-2.3118,-1.4854
-3.0589,-1.0159
-0,-0
-1.7777,-1.7157
-1.8125,-1.7084
NaN,NaN
-1.6795,-1.6878
-0,-0
-0,-0
-0,-0
-1.7738,-1.6682
-0,-0
-0,-0
-0,-0
-1.8191,-1.8665
-0,-0
-2.0548,-2.1449
-0,-0
-0,-0
-2.0093,-2.3334
-0,-0
-0,-0
-0,-0
-0,-0
-2.0115,-1.8551
NaN,NaN
-0,-0
-2.1203,-1.6263
NaN,NaN
-0,-0
-0,-0
-0,-0
-0,-0
-1.1731,-3.2473
-2.0384,-1.9767
-0,-0
-0,-0
-0,-0
-0,-0
-0,-0
-1.7092,-1.784
-0,-0
-0,-0
-1.8347,-1.8846
-1.9103,-1.8964
NaN,NaN
-1.9788,-2.0146
-2.0022,-2.1502
NaN,NaN
-0,-0
-0,-0
-2.168,-2.141
-0,-0
-2.1706,-2.2146
-2.2144,-2.1135
-0,-0
-0,-0
-0,-0
NaN,NaN
-0,-0
-1.8629,-2.2566
-1.8691,-2.2917
-1.7196,-2.1911
-1.7067,-2.2014
-1.6133,-2.0587
-2.3864,-1.3472
-2.1965,-1.5131
-1.7148,-2.1827
-1.7003,-2.1823
-1.9025,-2.3356
-2.0657,-2.5338
-0,-0
NaN,NaN
-0,-0
-1.3369,-3.7173
-0,-0
NaN,NaN
-0,-0
-2.1777,-2.2249
-1.8984,-1.964
-1.9788,-2.0975
-2.1285,-2.0721
-2.9166,-1.6125
-5.2457,-1.8194
-0,-0
-1.91,-1.8741
-2.1018,-2.1906
-1.8871,-1.9361
-1.9979,-2.173
-0,-0
-2.16,-1.8526
-1.5711,-3.7596
-0,-0
-0,-0
-0,-0
-2.2015,-1.8768
-2.2395,-2.172
-0,-0
-2.0998,-2.3497
-0,-0
-0,-0
-0,-0
-0,-0
-0,-0
NaN,NaN
-2.3405,-1.9985
-2.218,-2.0508
-0,-0
-2.4463,-1.7626
-0,-0
-0,-0
-2.2013,-1.7743
-0,-0
-0,-0
-0,-0
-0,-0
-1.191,-3.7638
-2.1856,-1.9265
-0,-0
-2.106,-2.2675
-0,-0
NaN,NaN
-2.3107,-1.997
-1.9414,-1.9957
-0,-0
-0,-0
-0,-0
-2.1546,-2.0937
-2.3546,-2.1993
-2.1222,-2.1901
-2.0991,-2.3166
-2.2539,-2.4692
-2.0989,-2.0208
-0,-0
-2.3881,-2.521
-0,-0
-2.474,-2.5035
NaN,NaN
NaN,NaN
NaN,NaN
-0,-0
-2.2458,-2.2652
-1.9487,-2.4643
-1.9502,-2.4451
-1.8652,-2.4665
-1.6623,-2.2422
-2.0292,-2.5819
-0,-0
-4.7129,0.56822
-1.9161,-2.4755
-1.9067,-2.2452
-1.744,-2.1118
-1.7889,-2.2287
-1.8768,-2.2934
-2.0735,-2.4032
-2.3072,-2.6188
-2.2535,-2.6038
-2.2518,-2.4566
-2.1294,-2.5603
-2.3966,-2.5698
-0,-0
-2.1444,-3.623
NaN,NaN
-2.3821,-2.4095
-0,-0
-2.1357,-2.3343
-2.315,-2.2292
-2.3599,-2.2526
-5.538,-2.5852
-5.9296,-3.1534
-2.2409,-2.221
-2.2599,-2.45
-0,-0
-2.2708,-2.2839
NaN,NaN
-2.4348,-2.5822
-0,-0
-0,-0
-0,-0
-0,-0
-2.4729,-2.5104
-2.4977,-2.7507
-0,-0
-2.4964,-2.5973
-0,-0
-0,-0
-0,-0
-0,-0
-0,-0
NaN,NaN
-2.6806,-2.2791
-0,-0
-0,-0
-2.7191,-1.8958
-0,-0
-0,-0
-0,-0
-0,-0
-2.5021,-2.0805
NaN,NaN
-0,-0
-0,-0
-1.8903,-3.2061
-2.6837,-2.4888
-2.2158,-2.9502
NaN,NaN
-2.2434,-1.9647
-2.2757,-3.4531
NaN,NaN
-2.4377,-2.3468
-0,-0
-0,-0
-2.4341,-2.6245
-2.3179,-2.3258
-0,-0
-2.3758,-2.3887
-2.6596,-2.5599
-0,-0
-2.3944,-2.6134
-2.4971,-2.4082
-0,-0
-0,-0
-2.6909,-2.7455
-2.6111,-2.4599
-2.5726,-2.6838
-0,-0
-0,-0
-0,-0
-2.3623,-2.81
-2.2697,-2.6621
-2.1437,-2.3691
-2.4922,-3.1029
-0,-0
-2.3399,-2.8718
-0,-0
-4.903,0.11668
-2.2532,-2.6896
-2.1743,-2.5871
NaN,NaN
-0,-0
-0,-0
-2.4704,-2.7844
-2.6975,-3.0515
-2.5253,-2.8161
-2.4709,-2.833
-2.5881,-3.0204
-2.7152,-2.9578
-2.7481,-2.8836
-2.1871,-3.3602
-2.7225,-2.9997
-2.1842,-3.1784
-2.66,-2.7151
-2.7337,-2.5924
-0,-0
-2.5179,-2.6863
-2.4714,-2.3609
-2.5922,-2.5867
-4.7258,-2.9178
-4.2497,-2.7726
-0,-0
-2.3929,-2.5652
-2.5482,-2.6081
-2.4221,-2.5284
-2.6238,-2.6443
-0,-0
-0,-0
-0,-0
-0,-0
-2.6627,-2.6867
-2.6756,-2.7441
-0,-0
-0,-0
-2.7548,-2.9194
-0,-0
-2.7508,-2.8568
-2.6478,-2.8281
-2.5562,-2.73
-2.7282,-2.6767
-2.8725,-2.65
-3.0102,-2.6143
-3.0953,-2.6359
-3.1434,-2.5621
-3.1006,-2.2335
-0,-0
-0,-0
NaN,NaN
-3.0995,-2.6037
-2.9532,-2.2741
-2.7319,-2.3964
-2.9069,-2.3085
-3.0498,-2.554
-2.8842,-2.5376
-0,-0
NaN,NaN
-0,-0
-0,-0
-0,-0
NaN,NaN
NaN,NaN
NaN,NaN
-2.4263,-2.5173
-2.9936,-3.2374
-2.7582,-3.1045
-2.7454,-3.0693
-2.7226,-2.8266
-0,-0
-2.8178,-2.699
-2.6687,-2.7464
-0,-0
-2.6407,-2.6943
-2.5671,-2.8295
-0,-0
NaN,NaN
-2.902,-3.2158
NaN,NaN
-2.896,-3.2217
-0,-0
-0,-0
-3.1206,-3.3156
-2.6782,-3.0183
-2.481,-2.6913
-0,-0
-0,-0
-2.8961,-3.8843
-2.7437,-3.315
-2.8875,-3.3263
-3.59,-2.0339
-2.6246,-2.9165
-2.511,-2.8244
-2.5638,-2.9018
-2.6182,-2.8891
-2.5964,-2.9145
-2.6564,-2.8954
-2.8523,-3.0352
-2.9882,-3.0677
-2.6332,-3.1398
-2.7809,-3.112
-2.7791,-2.9919
-3.0253,-3.1142
-2.8602,-3.2021
-3.0204,-3.1642
-2.7541,-3.4557
-3.1775,-3.1412
-2.5014,-3.4709
-3.0651,-2.9986
-2.769,-2.548
-0,-0
-2.8514,-3.0351
-2.7895,-2.5522
-2.8239,-2.6934
-2.9044,-2.9477
-4.0159,-2.9724
NaN,NaN
-2.5544,-2.8598
-2.7845,-3.0554
-2.5173,-2.6567
-2.8663,-2.969
-0,-0
-0,-0
-0,-0
-0,-0
-0,-0
-0,-0
-2.9531,-2.8462
-3.0242,-3.1631
-2.7058,-3.0184
-2.8245,-3.0169
-2.4849,-2.939
-3.085,-3.2622
-2.5632,-2.5238
-0,-0
-0,-0
-0,-0
NaN,NaN
-3.0059,-2.6142
-3.1789,-2.573
-3.2316,-2.646
-3.3572,-2.7348
-3.4283,-2.6598
-3.3352,-2.6674
-0,-0
-3.2561,-2.5996
-0,-0
-3.0817,-2.6506
-2.8817,-2.6153
-0,-0
-0,-0
-0,-0
NaN,NaN
-3.6208,-3.1966
-0,-0
-0,-0
-0,-0
-0,-0
NaN,NaN
-2.7456,-2.9103
-2.8505,-2.9882
NaN,NaN
NaN,NaN
-2.9655,-3.102
-0,-0
-3.1391,-2.8909
-2.9127,-2.9028
-3.0931,-3.2535
-2.9476,-3.4092
-3.0727,-3.2191
-3.0394,-2.9752
-0,-0
-3.1708,-3.3244
-0,-0
-3.1641,-3.6412
-0,-0
NaN,NaN
-2.844,-3.386
-2.7731,-2.9902
-0,-0
-0,-0
-3.1777,-3.9681
-3.1525,-3.7615
-3.0392,-3.585
-2.8602,-3.2595
-4.6068,-1.2234
-2.7558,-3.14
-2.4281,-3.005
-2.5498,-2.7477
-2.7299,-2.8907
-2.6168,-2.7902
-2.7478,-2.8668
-2.7983,-3.0347
-2.9138,-3.0253
-2.8681,-3.0769
-3.2038,-3.3447
-3.4034,-3.4973
-3.1301,-3.2066
-3.0833,-3.1984
-3.3105,-3.4468
-3.5829,-3.5644
-0,-0
-2.6305,-3.9131
-3.339,-3.415
-3.3194,-3.5324
-3.3993,-3.3987
-2.9534,-2.881
-3.0633,-3.272
-3.3027,-3.4754
-3.1743,-3.0309
-2.9803,-3.0151
-3.0434,-3.1301
-3.9806,-3.3156
-6.8511,-3.9313
NaN,NaN
-3.0138,-3.273
NaN,NaN
-2.2663,-5.6908
-0,-0
NaN,NaN
-0,-0
-0,-0
-0,-0
NaN,NaN
-3.2353,-3.3283
-2.9444,-3.1544
-2.7562,-3.0614
-3.1861,-3.3458
-0,-0
-3.6903,-3.6497
-3.8086,-3.8486
-3.5917,-3.7514
-3.5458,-3.5519
-3.5917,-3.3961
-3.5654,-3.1114
-3.6878,-3.1924
NaN,NaN
-3.3956,-2.5322
-0,-0
-3.3737,-2.7807
-3.524,-2.9194
-3.6532,-3.1376
-3.6764,-3.2054
-0,-0
-0,-0
-0,-0
-0,-0
-3.6014,-3.0361
-3.9996,-3.2357
-3.9341,-3.0865
-3.9036,-3.1647
-3.669,-3.4459
-3.7922,-3.2965
-3.9573,-3.414
-3.9896,-3.5051
-3.9422,-3.6204
-3.9645,-3.99
-3.696,-3.305
-2.645,-2.4855
-0,-0
-3.1087,-3.2614
-3.2295,-3.4433
NaN,NaN
-3.1849,-3.4502
NaN,NaN
-0,-0
-3.1531,-3.3382
-3.2148,-3.6391
-3.3858,-3.466
-0,-0
-3.5526,-3.6234
-3.4117,-3.0467
-3.441,-3.9509
-0,-0
-3.5444,-3.6804
-3.4858,-3.6452
-3.2667,-3.4379
-0,-0
NaN,NaN
-3.712,-4.3585
-3.5107,-4.0179
-3.3307,-3.9336
-3.4843,-4.0593
NaN,NaN
-6.0035,-0.11931
-3.1535,-3.5056
NaN,NaN
NaN,NaN
-3.29,-3.4046
-3.2465,-3.3032
-3.2871,-3.2613
-3.0479,-3.3574
-2.9095,-3.3186
-3.3419,-3.3419
-3.4548,-3.4831
-3.1925,-3.4353
-3.435,-3.5094
-3.5724,-3.6829
-3.1424,-2.9982
-3.1412,-3.401
-3.7587,-3.7561
-0,-0
-0,-0
-2.7491,-4.3363
-0,-0
-3.5996,-3.7256
-3.9456,-3.7095
-4.1392,-3.4377
-3.4537,-3.7097
-0,-0
-3.5023,-3.3438
-0,-0
-3.3644,-3.4074
-3.5345,-3.6125
-6.5103,-4.0281
-5.5463,-4.027
-3.4452,-3.3915
-3.243,-4.3594
-3.3038,-3.3315
-0,-0
-0,-0
-0,-0
NaN,NaN
-0,-0
-0,-0
-3.3116,-3.6138
-3.2597,-3.4244
NaN,NaN
-3.8118,-3.9706
-3.7851,-4.1277
-3.7747,-3.9196
-3.7836,-3.9807
-3.6693,-3.73
-3.5376,-3.5765
-3.5262,-3.3882
-3.7674,-3.4035
-3.6368,-3.2025
-3.6593,-3.1641
-3.7486,-2.9864
-3.8228,-3.1178
-3.897,-3.1062
-0,-0
NaN,NaN
-3.6333,-3.1246
-3.6072,-3.6858
-0,-0
-0,-0
NaN,NaN
-4.2127,-3.4763
-4.0363,-3.3566
-4.0394,-3.2323
-4.0433,-3.204
NaN,NaN
-0,-0
NaN,NaN
-4.3738,-3.6456
NaN,NaN
-3.791,-3.4927
-4.1602,-3.9881
-4.0306,-3.9544
-3.6559,-3.6757
-4.2386,-4.6191
NaN,NaN
-0,-0
-3.6025,-3.6929
NaN,NaN
-3.6339,-3.7234
-0,-0
NaN,NaN
-3.4086,-3.6846
-3.7627,-3.9459
NaN,NaN
-3.7516,-3.8507
-3.9125,-3.9139
-0,-0
-3.9705,-4.5884
-0,-0
-3.9375,-4.2275
-3.4901,-3.8864
-3.1842,-3.5943
-0,-0
-3.9362,-4.7036
-3.9142,-4.5174
-3.5883,-4.1961
-3.8658,-4.4766
-4.0199,-4.7542
NaN,NaN
-6.1841,-0.734
-3.504,-3.9086
NaN,NaN
-0,-0
-3.2244,-3.7038
-3.5176,-3.7159
-3.4319,-3.6242
-3.2381,-3.4827
-3.3049,-3.5299
-3.2946,-3.7729
-3.8161,-3.9661
-3.8239,-3.7841
-3.8564,-3.7264
-3.7412,-3.7835
-3.891,-3.8287
-3.9442,-3.8648
-4.1344,-4.0289
-4.1095,-4.0831
-3.9639,-4.1166
-0,-0
-0,-0
-3.3386,-4.7767
NaN,NaN
-0,-0
-4.1353,-3.9672
-4.2163,-4.0099
-3.9868,-3.9954
-3.9493,-3.6429
-0,-0
-0,-0
-3.8073,-3.75
-3.8182,-3.9919
-5.8327,-4.1711
-7.5529,-4.3167
NaN,NaN
-3.5404,-5.2828
-0,-0
-3.6195,-3.7653
-0,-0
-0,-0
-0,-0
-0,-0
-3.474,-3.6738
-3.3367,-3.5565
NaN,NaN
-4.0942,-4.4901
-3.9692,-4.4338
-3.8572,-4.3459
-3.8443,-4.1415
-4.1674,-4.3421
-0,-0
-0,-0
-0,-0
-4.3055,-3.9229
NaN,NaN
-0,-0
-3.98,-3.2969
NaN,NaN
-3.7924,-3.1437
-3.942,-3.1309
-3.9963,-3.3142
-4.219,-3.6377
-2.8764,-5.9571
-3.88,-3.4509
-4.0725,-3.7604
-4.5283,-4.0215
-4.2736,-3.6263
-4.0985,-3.5973
NaN,NaN
NaN,NaN
-4.1292,-3.626
NaN,NaN
-0,-0
-4.3556,-3.8647
-0,-0
-4.37,-3.8244
-4.2984,-3.7944
-4.2652,-3.7554
-4.5626,-4.3062
NaN,NaN
-3.7904,-3.6423
-4.3338,-4.7189
-4.5183,-4.8222
-4.6121,-5.0513
-4.0977,-4.2241
NaN,NaN
-4.4368,-3.6336
NaN,NaN
NaN,NaN
-3.9052,-4.2039
-4.0321,-4.0568
-0,-0
-4.1989,-4.2558
NaN,NaN
-0,-0
-0,-0
-4.3403,-4.3349
-4.238,-4.5385
-3.7979,-4.2708
-0,-0
-0,-0
-4.3703,-4.9944
-4.2012,-4.5077
NaN,NaN
-4.3796,-5.1966
-4.6761,-5.1455
-0,-0
-6.3135,-1.0529
-3.939,-4.317
-3.9072,-4.4728
-3.4963,-4.2046
-3.4824,-4.018
-3.8288,-4.1988
-3.6653,-3.8507
-3.4689,-3.8774
-3.8061,-4.1096
-3.9815,-4.1204
-3.7396,-3.9465
-4.634,-4.1034
-4.535,-4.0377
-4.7635,-3.9724
-4.8411,-3.9623
-4.6253,-3.9596
-4.7023,-3.9752
-4.4361,-4.083
-4.6224,-4.3218
-4.7381,-4.3173
-4.4286,-4.3977
-4.6182,-4.5104
-4.7076,-4.5121
-3.134,-5.5396
NaN,NaN
-4.711,-4.3089
-4.8493,-4.6657
-4.5624,-4.3006
-4.6405,-4.3954
-4.2697,-3.9806
-0,-0
-0,-0
-4.3686,-4.1066
-3.923,-4.1776
-4.2296,-4.4648
-7.9765,-4.3789
-0,-0
-3.9892,-4.3591
-4.2393,-4.6332
-4.1372,-4.2403
NaN,NaN
NaN,NaN
NaN,NaN
-4.0314,-3.9692
-3.6784,-3.8374
-0,-0
-4.4889,-4.8531
-4.3646,-4.5631
-4.089,-4.4751
-4.3316,-4.519
-0,-0
-4.6787,-4.937
NaN,NaN
-0,-0
-0,-0
-4.6787,-4.4865
-4.839,-4.3456
-0,-0
-4.5409,-3.9877
-0,-0
-0,-0
-4.6631,-4.1169
-0,-0
-4.0552,-4.1746
-4.0801,-3.8586
-4.3266,-3.852
-4.401,-4.0306
-4.7443,-4.356
-4.3179,-4.0515
NaN,NaN
-0,-0
NaN,NaN
-0,-0
NaN,NaN
-4.7077,-4.1239
-0,-0
-0,-0
-3.7648,-4.3277
NaN,NaN
-0,-0
NaN,NaN
-0,-0
-0,-0
-4.4604,-3.7296
-4.2809,-4.049
-0,-0
-4.6538,-5.1165
-4.6143,-4.7342
-4.9175,-5.3518
-4.3056,-4.45
-4.4146,-4.3723
-4.5075,-4.2744
-0,-0
-0,-0
-4.1223,-4.2653
-4.3996,-4.4348
NaN,NaN
-4.5402,-4.7479
-0,-0
-0,-0
-4.802,-5.1904
-4.4044,-4.7121
-4.5396,-4.8122
-0,-0
-4.79,-5.4068
-4.8372,-5.091
-4.5966,-4.2537
-0,-0
-5.0761,-5.9365
-4.9736,-5.5982
-0,-0
-6.5173,-1.3039
-4.2483,-4.8763
-4.2572,-4.4967
-4.327,-4.6941
-3.9226,-4.4317
-4.0184,-4.5662
-3.943,-4.2252
-4.1785,-4.3032
-3.8714,-4.2365
-4.0266,-4.2221
-4.0384,-4.1718
-4.2844,-4.0458
-4.6181,-4.6639
-4.4729,-4.7444
-4.6099,-5.0089
-4.6728,-4.7303
-4.5972,-5.4712
-4.6587,-5.6972
-4.676,-4.4738
-4.72,-4.2261
-4.8845,-4.5763
-5.114,-4.4989
-4.9897,-4.7015
-5.0853,-4.8261
-5.0017,-4.7568
-3.8003,-5.9141
NaN,NaN
-4.8328,-4.7418
-5.2551,-4.7831
-4.6411,-4.3618
-5.0259,-4.8259
-4.9938,-4.5671
-0,-0
-4.5859,-4.5303
-0,-0
-0,-0
-4.5644,-4.7767
-7.1551,-4.6877
-5.7083,-6.3144
-4.0631,-4.5813
-4.4903,-4.8509
NaN,NaN
-4.5761,-4.5199
-0,-0
-4.3425,-4.3164
-4.1452,-4.1198
-0,-0
-4.6249,-5.1068
-4.4246,-4.943
-4.389,-4.7325
NaN,NaN
-4.7916,-5.0641
-0,-0
-0,-0
NaN,NaN
-0,-0
-0,-0
-0,-0
-5.008,-4.5594
-0,-0
-4.9296,-4.6645
-0,-0
-0,-0
-4.9169,-4.9973
-0,-0
-3.6647,-6.4996
-0,-0
-0,-0
-4.3036,-3.9477
-4.6778,-4.4215
-4.6151,-4.5514
-0,-0
-4.6698,-4.4614
-0,-0
-0,-0
-0,-0
NaN,NaN
-0,-0
-5.1067,-4.4329
-0,-0
-0,-0
NaN,NaN
-0,-0
-0,-0
-4.5603,-3.8869
-0,-0
-0,-0
-4.7929,-4.2786
NaN,NaN
NaN,NaN
-0,-0
-4.8248,-4.8626
-4.9212,-5.2811
-4.9726,-5.006
-0,-0
-6.6699,-3.1395
-5.2942,-4.4003
-0,-0
-0,-0
-4.7967,-4.9945
-0,-0
-4.9513,-5.1952
-4.8905,-4.6803
-0,-0
-5.082,-5.4555
-4.7087,-4.9608
-5.2167,-5.5674
-5.396,-5.8355
-5.2262,-5.6504
-4.7563,-5.2383
-0,-0
-0,-0
-5.6458,-6.5918
-0,-0
-5.1414,-5.8092
-6.9435,-1.3339
-4.7359,-5.476
-4.5159,-4.8103
-4.3412,-4.8043
-4.4928,-5.0247
-4.4257,-5.1676
-4.9463,-5.1931
-4.5061,-4.9781
-4.5671,-4.9662
-4.5315,-4.7362
-4.7235,-4.4588
-4.9108,-4.3075
-4.7521,-4.4038
-4.9296,-5.2396
-4.9483,-5.2373
-5.0361,-5.2234
-5.0893,-5.0817
-5.2004,-5.0772
-5.0867,-5.5723
-4.9811,-5.9956
-5.0531,-6.7181
-5.148,-6.8584
-5.3187,-5.0065
-5.2196,-4.6355
-5.2526,-4.9428
-5.5904,-5.3468
-5.7419,-5.4087
-4.6199,-5.7264
-5.6455,-5.3701
NaN,NaN
-0,-0
-5.2567,-5.1596
-5.1799,-4.8196
-5.4347,-4.8832
-5.934,-5.4785
-5.1836,-4.9669
-0,-0
-0,-0
-4.9157,-4.9738
-4.989,-5.1542
-8.3985,-4.5936
-0,-0
-4.707,-5.2004
NaN,NaN
-4.9973,-5.0711
-4.781,-4.9537
-4.4336,-4.7374
NaN,NaN
-4.8376,-5.3809
-4.8505,-5.1555
-5.9752,-4.7437
-0,-0
-4.5917,-5.5612
-5.2153,-5.5839
-0,-0
-3.792,-7.3624
-4.2956,-6.989
-3.6729,-7.4935
-3.6887,-7.518
-4.1876,-6.8784
-4.9978,-5.762
-4.7124,-6.6967
-5.427,-5.6243
-5.4676,-5.8787
-5.4576,-6.1609
-5.2763,-5.2504
NaN,NaN
-0,-0
NaN,NaN
NaN,NaN
-0,-0
-5.1472,-5.2017
-4.6503,-4.5817
-4.7656,-4.7158
NaN,NaN
-0,-0
-4.9098,-4.9373
-5.3164,-5.716
-0,-0
-0,-0
-0,-0
-0,-0
-0,-0
-0,-0
-0,-0
-0,-0
-5.5601,-4.7225
-0,-0
-5.2934,-4.6175
-0,-0
-0,-0
-5.0559,-4.4607
-0,-0
-5.2467,-5.0022
NaN,NaN
-5.5876,-5.1707
-0,-0
-5.3532,-5.1708
-5.5915,-5.1468
NaN,NaN
-5.0861,-4.791
-0,-0
-5.2297,-5.1844
NaN,NaN
-5.2622,-5.4099
-0,-0
-5.4062,-5.7318
-5.746,-5.8681
-5.2861,-5.5691
-5.7374,-6.1729
-5.6617,-6.0359
-5.7276,-6.0815
-5.329,-5.8112
-0,-0
-5.9955,-3.8593
-0,-0
-5.9956,-6.4255
-0,-0
-5.4024,-6.0885
-6.6209,-2.9161
-5.1847,-5.9871
-4.7888,-5.2678
-5.4538,-5.9589
-5.3379,-6.0999
-5.059,-5.6313
-4.899,-5.4777
-5.0249,-5.4621
-4.8333,-5.2783
-4.9757,-5.3147
-4.8865,-5.1408
-4.9624,-5.3264
-4.8889,-5.0102
-4.9459,-5.3356
-5.6449,-5.8885
-5.3967,-5.4335
-5.5353,-5.4341
-5.5359,-5.4047
-5.5742,-5.396
-5.6578,-5.408
-5.5935,-5.3364
-5.6745,-5.3312
-5.6998,-5.5031
-5.96,-5.5211
-5.8455,-5.3063
-6.0506,-5.5637
-5.7761,-5.2479
-5.955,-5.6215
-6.1186,-5.6771
-6.0073,-6.4806
-6.122,-5.6235
-6.1515,-5.7242
-0,-0
-5.8535,-5.5648
-5.6924,-5.2234
-5.9536,-5.4358
-6.1109,-5.6874
-5.8053,-5.5276
-0,-0
-0,-0
-0,-0
-5.8742,-6.5368
-6.7509,-5.4289
-0,-0
-6.2484,-4.7744
-5.2045,-5.623
-5.3148,-5.4741
NaN,NaN
NaN,NaN
-5.4292,-5.7037
-5.5668,-5.3892
NaN,NaN
-5.2683,-5.6149
NaN,NaN
-5.0362,-5.7053
-3.9166,-7.7783
-4.6673,-7.0338
-4.7123,-7.2321
-5.4083,-6.5345
-5.5354,-6.5328
-6.5336,-6.4064
-6.4213,-6.5637
-5.9003,-5.9955
-6.2333,-6.9618
-6.2336,-7.2706
-5.9696,-6.656
-6.0307,-7.4501
-5.636,-7.0815
-5.6392,-6.964
-5.1747,-6.9913
-5.4316,-6.7415
-5.3362,-5.8618
-5.8749,-6.2488
-5.3947,-5.6216
-0,-0
-0,-0
-0,-0
-5.1549,-5.2182
-5.4793,-5.7424
-0,-0
-5.3431,-5.1955
-5.6577,-6.0557
-0,-0
-0,-0
-0,-0
-0,-0
NaN,NaN
-7.3298,-6.7479
-7.2049,-6.5439
-7.3244,-6.8117
-6.5621,-5.9641
NaN,NaN
-0,-0
-0,-0
-5.8956,-4.55
-5.5377,-4.5784
-0,-0
-0,-0
-5.9164,-5.5232
-0,-0
-5.8737,-5.5973
-5.5108,-5.4501
-5.5265,-5.1117
-5.7264,-5.0859
NaN,NaN
-9.0844,-2.4268
-0,-0
-5.5228,-5.9405
-5.9098,-5.9458
-0,-0
-5.88,-6.1805
-5.8042,-6.0199
-5.4971,-5.8766
-6.4017,-6.603
-6.2138,-6.5662
-5.9985,-6.3632
-0,-0
-0,-0
NaN,NaN
-5.8911,-6.718
-0,-0
-6.0289,-6.9006
-5.8486,-6.5248
-7.3052,-2.6645
-5.8505,-6.8855
-5.7536,-6.5518
-5.7796,-6.2851
-5.6178,-6.3386
-5.2665,-5.7987
-4.9748,-5.5051
-5.273,-5.719
-5.5347,-6.2057
-5.3884,-5.8783
-5.6277,-6.2927
-5.4172,-5.807
-5.3371,-5.7431
-5.6284,-6.1408
-5.5387,-5.8793
-6.1834,-6.7624
-6.2302,-6.8379
-6.539,-7.0198
-6.3434,-6.5501
-6.2603,-6.2838
-6.0659,-5.9003
-6.1492,-5.9306
-6.1887,-5.8218
-6.1867,-5.8477
-6.348,-5.8543
-6.1753,-5.7383
-6.189,-5.8661
-6.4664,-6.0573
-6.188,-5.6697
-6.6778,-6.1344
-6.2394,-5.6979
-6.3029,-6.6437
-6.5929,-6.2959
-6.7766,-5.6989
-6.881,-6.3351
-6.4033,-5.9898
-6.2553,-5.6419
NaN,NaN
-6.3178,-5.9402
-6.8032,-6.273
-0,-0
-0,-0
-0,-0
-5.6898,-5.8534
-5.8137,-6.0032
-0,-0
-0,-0
-5.8705,-5.6911
-5.5684,-5.6345
-5.6806,-5.8511
-6.0117,-6.2552
-6.4396,-5.4234
-0,-0
-0,-0
-0,-0
-5.4479,-7.5236
-4.9384,-7.5194
-5.3578,-7.204
-6.0491,-6.5363
-6.4062,-6.0676
-6.3082,-6.6823
-0,-0
-0,-0
-0,-0
-6.362,-6.5607
-0,-0
-0,-0
-5.8721,-5.9632
-0,-0
-0,-0
-5.7817,-6.2904
-3.7768,-8.0922
-6.0992,-9.2386
-5.7115,-8.17
-5.8833,-7.1754
-5.4659,-6.3412
-5.6509,-6.4362
-0,-0
-0,-0
-0,-0
-0,-0
-0,-0
-5.8719,-6.3078
-0,-0
-0,-0
-6.1294,-6.8609
-6.9463,-6.7984
-7.1031,-6.7935
-7.1818,-6.7292
-7.277,-6.6221
-7.2776,-6.66
-7.2703,-6.6424
-7.28,-6.7321
-7.2454,-6.7524
-7.2422,-6.8672
-7.1405,-6.904
-7.2462,-6.9438
-7.1476,-6.9064
-7.0653,-6.9304
-5.6113,-4.5644
-0,-0
-0,-0
-6.5243,-5.9994
-0,-0
-6.3783,-6.1146
-0,-0
-6.1794,-5.6571
-5.9029,-5.1551
-0,-0
-0,-0
NaN,NaN
-5.8916,-6.0815
-0,-0
-6.262,-6.4193
-7.1005,-6.9431
-6.2982,-6.6315
-0,-0
-6.6602,-6.8407
-6.4716,-6.858
-6.5708,-6.8881
-0,-0
-0,-0
NaN,NaN
-6.5319,-4.2938
-6.6022,-7.2687
-6.5271,-7.257
-6.4668,-7.3172
-7.9534,-3.1172
-6.2595,-7.3605
-6.2071,-6.8745
-6.0258,-6.7206
-5.9647,-6.8678
-5.7668,-6.5377
-6.0937,-7.1332
-6.3048,-7.2255
-6.6339,-7.4273
-6.7427,-7.7862
-6.1947,-6.9731
-6.363,-7.2522
-5.7832,-6.0768
-6.1764,-6.922
-6.1165,-6.6624
-6.0171,-6.5149
-5.9562,-6.1825
-6.0369,-6.0812
-6.1077,-6.1347
-6.2225,-6.1725
-6.3746,-6.4348
-6.5121,-6.5212
-6.755,-6.6616
-6.6591,-6.4381
-6.7922,-6.4122
-6.666,-6.1928
-6.5522,-6.122
-6.7823,-6.0446
-6.8163,-6.1951
-6.9296,-6.522
-6.7765,-6.3526
-7.0788,-6.4507
-7.3102,-6.4687
-5.1375,-7.4588
-7.0811,-6.7649
-7.3531,-7.0092
-7.2611,-6.561
-7.1116,-6.667
-6.8906,-6.1426
-6.7568,-6.149
-6.6408,-6.2509
-7.1727,-6.5725
-0,-0
-0,-0
-7.1492,-7.3074
-5.9081,-6.0781
-6.5543,-6.105
NaN,NaN
-0,-0
-6.2037,-6.216
-0,-0
-6.064,-6.4663
-8.7677,-3.407
-0,-0
-0,-0
-5.6224,-8.0632
-5.7205,-7.5911
-5.6708,-7.3394
-6.6905,-6.2765
-6.5098,-7.083
-0,-0
-0,-0
-6.7308,-7.2042
-0,-0
-0,-0
-6.7859,-7.174
-0,-0
-0,-0
-6.409,-6.6213
-0,-0
-0,-0
NaN,NaN
-4.0257,-8.5248
-0,-0
-0,-0
-6.3026,-7.1947
-0,-0
-5.6855,-6.2631
-5.9336,-6.3663
-6.248,-6.9508
-0,-0
-0,-0
-0,-0
-0,-0
-6.1583,-6.5592
-6.5729,-6.9919
-6.7297,-6.9883
-6.8443,-6.9789
-6.9909,-6.9933
-7.0612,-6.8235
-7.0346,-6.6201
-7.1347,-6.64
-7.1066,-6.6941
-7.2136,-6.5993
-7.379,-6.5946
-7.4157,-6.7896
-7.5102,-6.5909
-7.4824,-6.718
-7.4098,-6.8409
-7.4472,-6.9338
-6.6395,-5.7958
-7.2644,-6.7079
-7.2014,-6.3125
-0,-0
-7.1808,-6.1241
-7.0517,-6.8716
NaN,NaN
NaN,NaN
-0,-0
-6.1142,-5.3454
-6.4009,-6.0903
-0,-0
-7.5829,-5.6608
-0,-0
-0,-0
-6.8352,-7.0676
-6.4383,-6.7312
-7.0088,-7.1676
-7.1338,-7.3265
-6.9964,-7.1169
-6.8474,-6.8805
-7.2899,-7.398
-0,-0
-0,-0
-7.0378,-4.5158
-6.7694,-7.3167
-7.0083,-7.6502
-7.2558,-8.0321
-7.9323,-4.4266
-6.768,-7.9605
-6.2744,-6.9408
-6.7197,-7.9458
-6.8225,-8.0188
-7.5371,-8.7573
-7.4526,-8.4953
-7.2145,-8.2609
-6.4263,-6.9945
-6.1951,-6.8199
-6.2765,-6.9193
-6.2695,-6.7048
-6.1461,-6.588
-6.0839,-6.4553
-6.0459,-6.2638
-5.8915,-6.2379
-0,-0
-0,-0
-0,-0
-0,-0
-6.3418,-6.5022
-6.4821,-6.333
-6.7672,-6.6177
-6.8619,-6.5912
-7.1244,-6.7713
-7.2984,-6.8828
-7.5438,-6.8947
-7.4534,-6.7556
-7.2355,-6.3362
-7.4826,-6.8036
-7.1191,-6.6762
-7.5906,-7.0096
-7.5879,-6.786
-7.7534,-7.1009
-7.2383,-6.9053
-7.5188,-7.145
-7.3921,-6.7866
-7.4531,-6.6052
-0,-0
-7.4599,-6.9114
-0,-0
-7.6047,-6.7023
-0,-0
-8.1994,-7.418
-0,-0
-7.0275,-6.1267
-6.5087,-6.8556
-0,-0
-6.317,-6.4233
-6.6268,-7.0895
-7.0164,-6.2085
-10.768,-2.1186
-0,-0
-6.339,-8.1795
-6.0837,-7.9723
-6.535,-7.492
-7.3038,-6.9135
NaN,NaN
-0,-0
-6.8635,-7.406
-0,-0
-7.1454,-7.7248
-0,-0
-0,-0
-0,-0
-7.2066,-7.583
-0,-0
-6.8864,-7.5231
-0,-0
-0,-0
-0,-0
-0,-0
-0,-0
NaN,NaN
-6.6545,-7.8216
-0,-0
-0,-0
-0,-0
-6.2957,-6.8748
-6.1724,-7.656
-0,-0
-0,-0
-6.933,-7.3497
-6.8023,-7.2502
-6.5461,-7.0543
-6.785,-7.0766
-6.7859,-7.1724
-6.7572,-7.7164
-0,-0
-4.3557,-7.6174
-0,-0
-0,-0
-0,-0
-0,-0
-0,-0
-0,-0
-0,-0
NaN,NaN
-0,-0
-7.2934,-6.3149
-7.212,-6.0143
-7.7728,-7.0124
-7.4957,-6.7729
-7.679,-6.6989
-0,-0
-7.5148,-6.8266
-0,-0
-0,-0
-0,-0
-0,-0
-6.5528,-6.2934
-0,-0
-10.074,-4.3572
-0,-0
-7.3626,-7.5095
-7.078,-7.3749
-7.3511,-7.639
-7.8399,-7.1845
-7.2295,-7.6146
-8.0346,-7.4583
-7.6196,-7.8081
-0,-0
-8.1469,-5.6629
-7.1417,-7.6347
-6.8863,-7.5367
-7.8396,-8.4499
-7.527,-8.3184
-8.245,-5.1527
-7.1386,-8.2287
-7.1367,-8.2476
-7.3931,-8.7744
-9.1059,-10.45
-8.1095,-9.1386
-7.3769,-8.128
-6.6108,-7.5756
-6.747,-7.4809
-6.6133,-7.355
-6.5108,-7.1383
-6.4538,-6.9465
-6.4111,-6.9467
-0,-0
-0,-0
-0,-0
-0,-0
-0,-0
-0,-0
-0,-0
-0,-0
-0,-0
-0,-0
-0,-0
-0,-0
-7.0124,-6.7145
-7.836,-7.6997
-7.6679,-7.261
-7.9179,-7.3429
-8.3534,-7.4193
NaN,NaN
-7.9116,-7.2488
-7.9277,-6.9833
-8.0061,-7.2717
-7.5565,-7.6266
-7.9472,-6.6001
-7.8582,-7.6146
-8.0767,-7.4827
-8.2867,-7.6597
-7.9627,-7.1057
-0,-0
-8.0967,-7.3253
-0,-0
-0,-0
-8.9524,-7.5458
-0,-0
-0,-0
-6.5703,-6.9319
NaN,NaN
-6.5888,-6.7334
-6.903,-7.4792
-7.2652,-6.6174
-7.1695,-7.3316
-0,-0
-6.7636,-8.2111
-6.5791,-7.8186
NaN,NaN
-0,-0
-0,-0
-7.3876,-6.2809
-7.2458,-7.983
-0,-0
-7.4409,-8.1243
-0,-0
-0,-0
-0,-0
-7.5816,-8.2101
-0,-0
-7.4155,-7.8969
-0,-0
-0,-0
-0,-0
-4.3032,-9.0694
-0,-0
-7.2609,-8.5996
-6.8664,-8.2934
-0,-0
-0,-0
-0,-0
-0,-0
NaN,NaN
-6.7338,-7.8444
-7.175,-8.008
-7.0481,-7.2792
-6.7502,-7.1735
-7.0659,-7.5993
-0,-0
-7.0973,-7.5746
-0,-0
-7.1791,-7.9486
-0,-0
-0,-0
-0,-0
-0,-0
-0,-0
-0,-0
-0,-0
-0,-0
-0,-0
-0,-0
-0,-0
-7.1018,-5.3299
-0,-0
-7.9951,-7.2019
-8.1903,-7.2459
-7.9288,-7.2814
-7.7132,-7.1247
-0,-0
-10.806,-5.3324
-0,-0
-0,-0
-0,-0
-6.8855,-7.0411
-0,-0
-10.671,-5.2368
-7.938,-7.9452
-7.2092,-7.7011
-8.2795,-8.2494
-7.9785,-8.1305
-7.5294,-8.0662
-8.4698,-7.7036
-0,-0
-8.1876,-8.0814
NaN,NaN
-7.7852,-8.3457
-7.1804,-6.9681
-8.4697,-8.8722
-8.1835,-8.7943
-8.741,-5.0926
-7.7475,-9.1376
-7.6384,-9.0348
-7.7089,-9.2161
-7.4675,-8.8298
-7.5606,-8.8529
-7.4334,-8.1851
-7.1001,-8.0922
-6.9552,-7.9024
-6.7685,-7.5396
NaN,NaN
-0,-0
-0,-0
-0,-0
-0,-0
-0,-0
-0,-0
-0,-0
-0,-0
-0,-0
-0,-0
-0,-0
-0,-0
-0,-0
-0,-0
-0,-0
-7.4651,-6.8338
-8.2335,-7.79
-8.2091,-7.5743
-8.5918,-7.7891
-8.8648,-7.7847
-8.4372,-7.629
-8.6053,-7.5689
-8.8297,-7.8241
-7.7711,-8.0904
-8.585,-7.7847
-8.0612,-7.9768
-8.0568,-7.6341
-8.4763,-7.7178
-8.7583,-7.4854
-8.4444,-7.713
-0,-0
-0,-0
-9.6476,-7.4309
-0,-0
-0,-0
NaN,NaN
-7.0248,-7.4728
-6.9332,-7.0286
-7.1945,-7.6937
-8.3821,-6.6302
-0,-0
-7.9091,-7.9642
-7.2449,-8.0589
-0,-0
-0,-0
-0,-0
-0,-0
-7.8656,-6.4535
-0,-0
-7.6075,-8.4463
-0,-0
-7.9058,-8.7503
-0,-0
-0,-0
-8.1383,-8.8159
-0,-0
-7.7335,-8.4881
-0,-0
-0,-0
-0,-0
-4.4594,-9.2579
-0,-0
-7.481,-8.9772
-0,-0
-0,-0
-0,-0
-0,-0
-0,-0
-0,-0
-0,-0
-7.3381,-7.9517
-7.317,-8.185
-0,-0
-0,-0
-0,-0
-0,-0
-7.4208,-7.6876
-0,-0
-7.7443,-8.5684
-8.1377,-8.3925
-8.0732,-8.1677
-8.0923,-7.9793
-8.1157,-7.7761
-8.1759,-7.5956
-8.2581,-7.5363
-8.3607,-7.4173
-8.5427,-7.3791
-8.5868,-7.5572
-9.0434,-7.6743
-8.5436,-7.246
-7.6207,-5.8881
-0,-0
-0,-0
-8.7385,-7.625
-8.391,-7.9134
-8.1804,-7.6249
-8.3408,-7.1411
-0,-0
-0,-0
-0,-0
-0,-0
-7.2983,-7.4325
-0,-0
-8.005,-8.2196
-7.661,-7.8875
-0,-0
-8.3866,-8.4267
-8.5306,-8.8012
-0,-0
-9.5377,-7.138
-8.4456,-8.7275
-8.6501,-9.0922
-8.0588,-8.4461
NaN,NaN
-8.2938,-8.8606
-8.4323,-8.9118
-9.3532,-4.6792
-8.4642,-9.7722
-8.5452,-10.225
-8.328,-10.113
-8.1739,-9.5763
-7.8347,-9.0071
-7.6607,-8.8832
-7.4643,-8.6094
-7.1869,-8.3369
-0,-0
-0,-0
-0,-0
-0,-0
-0,-0
-0,-0
-0,-0
-0,-0
-0,-0
-0,-0
-0,-0
-0,-0
-0,-0
-0,-0
-0,-0
-0,-0
-0,-0
-0,-0
-0,-0
-0,-0
-9.0268,-8.4037
-8.5841,-7.7635
-8.9142,-8.1043
-9.2532,-8.1385
-9.0416,-8.0552
-9.286,-8.3753
-9.1881,-8.0724
-7.7853,-8.5707
-9.0807,-8.2014
-9.0489,-8.0289
-8.6957,-7.9763
-8.903,-7.8624
-8.866,-7.9685
-9.3539,-8.322
-0,-0
-0,-0
-10.125,-7.3997
-0,-0
NaN,NaN
-0,-0
-7.4314,-7.6173
-8.1829,-7.4194
-12.366,-2.8636
-8.274,-7.5663
-8.7294,-7.8279
-7.8828,-7.9223
-0,-0
-0,-0
-0,-0
-0,-0
-0,-0
-8.7926,-6.2213
-7.9701,-8.7593
-0,-0
-8.2968,-9.3885
-0,-0
-0,-0
-8.5679,-9.6152
NaN,NaN
-0,-0
-0,-0
-0,-0
-0,-0
-7.6791,-6.8341
NaN,NaN
-7.8632,-8.8517
-0,-0
-0,-0
-0,-0
-0,-0
-0,-0
-0,-0
-0,-0
-7.6426,-8.3139
-0,-0
-7.7731,-8.7759
-8.1131,-8.9817
-0,-0
-0,-0
-8.2683,-9.3271
-7.9083,-8.4436
-8.1482,-8.801
-8.1191,-8.7628
-8.1317,-8.3158
-7.5513,-7.8384
NaN,NaN
-9.3144,-10.124
-9.2511,-9.7588
-9.2746,-9.4023
-8.9089,-8.5775
-8.5694,-7.4636
-8.9162,-7.6231
-8.9667,-7.7749
-8.9258,-7.6484
-9.2811,-8.0027
-9.5618,-8.2592
-9.3576,-8.0328
-0,-0
-8.9528,-7.8216
-8.6697,-8.1676
-7.9552,-8.0207
-0,-0
-0,-0
-0,-0
-0,-0
-0,-0
-0,-0
-7.9381,-8.464
-0,-0
-8.6764,-8.7814
-0,-0
-8.9873,-9.0231
-0,-0
-10.323,-5.1214
-8.9707,-9.3753
-8.1552,-8.8066
-9.3836,-9.5576
-8.4992,-9.109
-8.8905,-9.0647
-10.001,-6.3958
-9.5892,-10.907
-10.74,-12.168
-8.9549,-10.397
-8.5373,-9.8375
-8.287,-9.6326
-8.06,-9.4703
-7.6887,-8.9316
-0,-0
-0,-0
-0,-0
-0,-0
-0,-0
-0,-0
-0,-0
-0,-0
-0,-0
-0,-0
-0,-0
-0,-0
-0,-0
-0,-0
-0,-0
-0,-0
-0,-0
-0,-0
-0,-0
-0,-0
-0,-0
-0,-0
-8.9029,-7.9381
-9.2593,-8.2679
-9.4402,-8.4584
-9.6336,-8.5715
-9.8775,-8.4444
-9.3467,-8.3675
-8.3972,-8.9111
-9.3004,-8.4857
-9.8541,-8.8706
-9.3648,-8.0416
-9.6448,-8.3493
-10.153,-8.0102
-9.8031,-8.7329
-0,-0
-10.637,-7.4152
-0,-0
-11.825,-4.7679
-0,-0
-7.7198,-7.6493
-8.8061,-7.4825
NaN,NaN
NaN,NaN
-9.3902,-7.2133
-8.4277,-8.7268
-0,-0
-0,-0
-0,-0
-0,-0
-0,-0
NaN,NaN
-0,-0
-8.068,-9.2101
-0,-0
-0,-0
-0,-0
-0,-0
-8.9999,-9.551
-0,-0
-0,-0
-0,-0
-0,-0
-4.8822,-10.077
-0,-0
-8.0299,-8.9337
-0,-0
NaN,NaN
-0,-0
-0,-0
-0,-0
-0,-0
-0,-0
-0,-0
-0,-0
-0,-0
-8.0179,-8.9383
-8.4249,-9.2961
-8.4323,-8.797
-8.291,-9.1302
-8.2859,-8.9841
-8.0536,-8.359
-9.4482,-9.4577
-8.9187,-9.4948
-9.5274,-10.104
-9.4689,-10.148
-9.385,-10.121
-9.2815,-10.042
-9.2185,-9.7234
-9.1497,-9.1831
-9.2187,-8.7319
-9.0536,-8.2494
-9.0068,-7.8425
-8.9614,-7.688
-8.8289,-7.376
-9.393,-8.2536
-9.7297,-8.3532
-9.9729,-8.4546
-0,-0
-0,-0
-10.807,-5.6689
-8.1982,-8.3979
-8.7338,-8.8013
-0,-0
-0,-0
-0,-0
-0,-0
-8.3875,-8.6396
-0,-0
-9.0204,-9.2585
-9.4928,-9.1639
-10.09,-8.1776
-0,-0
-10.591,-7.6292
-9.4743,-9.7709
-0,-0
-9.2699,-9.8839
-8.8736,-8.9926
-9.2281,-9.6877
-9.4158,-10.265
-10.182,-11.164
NaN,NaN
-9.1047,-10.38
-8.8942,-10.322
-8.6733,-10.063
-8.1535,-9.8311
-0,-0
-0,-0
-0,-0
-0,-0
-0,-0
-0,-0
-0,-0
-0,-0
-0,-0
-0,-0
-0,-0
-0,-0
-0,-0
-0,-0
-0,-0
-0,-0
-0,-0
-0,-0
-0,-0
-0,-0
-0,-0
-0,-0
-0,-0
-0,-0
-0,-0
-0,-0
-9.7041,-8.5079
-9.982,-8.7213
-10.124,-8.9381
-9.8756,-8.2943
-0,-0
-0,-0
-9.5001,-8.9456
-10.395,-9.139
-9.9223,-8.4849
-0,-0
-10.139,-8.651
-10.191,-8.9051
-11.587,-7.3529
-0,-0
-0,-0
-0,-0
-8.3457,-8.0138
-8.1033,-8.6054
-8.4459,-8.5286
-10.964,-7.5256
-10.141,-7.7994
-0,-0
-8.8498,-9.1092
-0,-0
-0,-0
-0,-0
-0,-0
-0,-0
-9.6675,-6.4191
-8.6184,-9.5457
-0,-0
-8.7703,-9.6751
-0,-0
-0,-0
-9.1318,-10.374
-0,-0
-0,-0
-0,-0
-0,-0
-0,-0
-0,-0
-0,-0
-0,-0
-0,-0
-0,-0
-7.1914,-9.565
-7.0996,-10.264
-0,-0
-0,-0
-0,-0
-0,-0
-0,-0
-0,-0
-8.6189,-8.9535
-8.5268,-9.1146
-0,-0
-8.1955,-8.6321
-8.6788,-8.933
-8.6753,-8.731
-9.6678,-9.7362
-8.9875,-9.9507
-0,-0
-7.2293,-7.5863
-0,-0
-0,-0
-0,-0
-0,-0
-0,-0
-8.9944,-7.9875
-8.8329,-7.5744
-8.8756,-7.5407
-8.785,-7.9247
-8.9176,-8.0862
-10.125,-8.7228
-10.071,-8.8798
-10.519,-8.9961
-11.766,-5.6539
-0,-0
-0,-0
-0,-0
-0,-0
-0,-0
NaN,NaN
-8.8708,-8.9584
-0,-0
-9.1595,-9.6689
-0,-0
-10.308,-9.548
-9.6685,-10.063
NaN,NaN
-10.771,-8.3825
-9.7986,-10.156
-9.9266,-10.082
-9.7269,-9.4507
-10.187,-10.552
-10.711,-12.352
-10.69,-8.0834
-9.7142,-10.099
-9.6781,-10.691
-9.4485,-10.876
-8.8154,-10.292
-0,-0
-0,-0
-0,-0
-0,-0
-0,-0
-0,-0
-0,-0
-0,-0
-0,-0
-0,-0
-0,-0
-0,-0
-0,-0
-0,-0
-0,-0
-0,-0
-0,-0
-0,-0
-0,-0
-0,-0
-0,-0
-0,-0
-0,-0
-0,-0
-0,-0
-0,-0
-0,-0
-10.007,-8.7478
-10.332,-8.9504
-10.486,-9.1661
-10.445,-8.8823
-0,-0
-0,-0
-8.7739,-7.8267
-10.797,-9.0676
-0,-0
NaN,NaN
-10.631,-8.9398
-12.294,-7.2638
-0,-0
-0,-0
-0,-0
-8.6352,-8.6382
-13.985,-4.4322
-0,-0
-11.104,-7.6231
-0,-0
NaN,NaN
-0,-0
-9.3581,-9.5136
-0,-0
-0,-0
-0,-0
-0,-0
-0,-0
-0,-0
NaN,NaN
-0,-0
-0,-0
-0,-0
-9.6093,-11.064
-0,-0
-0,-0
-0,-0
-0,-0
-5.571,-11.006
-0,-0
-0,-0
-0,-0
-0,-0
-0,-0
-0,-0
NaN,NaN
-7.0297,-10.785
-6.8841,-11.595
-0,-0
-0,-0
-0,-0
NaN,NaN
-8.7012,-9.1865
-0,-0
-9.0208,-9.8154
-8.3733,-8.6323
-8.2627,-8.762
-0,-0
-8.729,-8.8757
-0,-0
-9.2387,-10.102
-0,-0
NaN,NaN
-0,-0
-0,-0
-0,-0
-0,-0
-0,-0
-7.7619,-8.2198
-0,-0
-0,-0
-8.7286,-8.0354
-9.1429,-8.4477
-10.345,-9.0278
-10.517,-8.7626
-10.607,-9.3066
-11.38,-8.5502
-0,-0
-0,-0
-0,-0
-0,-0
-0,-0
-0,-0
-0,-0
-9.8247,-9.9179
-0,-0
NaN,NaN
-0,-0
-10.745,-9.5217
-0,-0
-10.44,-10.454
-10.233,-10.331
-9.4454,-9.9805
-10.187,-10.299
-10.419,-10.832
-11.353,-5.9177
-10.358,-10.372
-10.103,-11.245
-9.3812,-11.099
-8.8501,-10.688
-0,-0
-0,-0
-0,-0
-0,-0
-0,-0
-0,-0
-0,-0
-0,-0
-0,-0
-0,-0
-0,-0
-0,-0
-0,-0
-0,-0
-0,-0
-0,-0
-0,-0
-0,-0
-0,-0
-0,-0
-0,-0
-0,-0
-0,-0
-0,-0
-0,-0
-0,-0
-0,-0
-0,-0
-0,-0
-10.45,-9.1294
-10.735,-9.2896
-10.796,-9.5636
-10.934,-9.2987
NaN,NaN
-0,-0
NaN,NaN
-10.686,-9.0627
-0,-0
-0,-0
-10.769,-9.3389
-12.956,-7.2269
NaN,NaN
-0,-0
-0,-0
-14.195,-4.9533
-0,-0
-12.322,-7.6547
-0,-0
-0,-0
-0,-0
-9.514,-9.8462
-0,-0
-0,-0
-0,-0
-0,-0
-0,-0
NaN,NaN
-9.027,-9.8902
-0,-0
-0,-0
-0,-0
-10.306,-11.47
-0,-0
-0,-0
-0,-0
-0,-0
-0,-0
-0,-0
-0,-0
-0,-0
-0,-0
-0,-0
-0,-0
-0,-0
-0,-0
NaN,NaN
-6.737,-12.244
-6.6207,-13.166
-0,-0
-0,-0
-0,-0
-0,-0
-0,-0
-9.2655,-10.119
-0,-0
-0,-0
-0,-0
-9.0158,-8.9857
-0,-0
-0,-0
-0,-0
-0,-0
-0,-0
-0,-0
-0,-0
-0,-0
NaN,NaN
-0,-0
-10.298,-8.5909
-0,-0
-0,-0
-11.157,-9.3366
-10.388,-9.0613
-0,-0
-11.121,-8.7707
-11.923,-8.1289
-0,-0
-0,-0
-0,-0
-0,-0
-0,-0
-0,-0
-0,-0
-0,-0
-0,-0
-13.943,-5.6591
NaN,NaN
NaN,NaN
-10.871,-10.813
-10.581,-10.765
-8.8528,-10.367
-10.782,-11.208
-10.519,-11.132
-12.154,-4.1131
-10.259,-10.607
-10.91,-11.7
-9.6771,-11.45
-9.4083,-11.085
-0,-0
-0,-0
-0,-0
-0,-0
-0,-0
-0,-0
-0,-0
-0,-0
-0,-0
-0,-0
-0,-0
-0,-0
-0,-0
-0,-0
-0,-0
-0,-0
-0,-0
-0,-0
-0,-0
-0,-0
-0,-0
-0,-0
-0,-0
-0,-0
-0,-0
-0,-0
-0,-0
-0,-0
-0,-0
-0,-0
-11.089,-9.4565
-11.152,-9.9387
-11.251,-9.9533
-12.073,-10.262
-9.9687,-7.8486
-12.201,-8.8176
-12.095,-9.7645
-0,-0
-0,-0
-13.897,-7.2351
-0,-0
-0,-0
-0,-0
-14.622,-5.8542
-0,-0
-13.185,-7.5896
-0,-0
-14.852,-4.1453
-0,-0
-0,-0
-0,-0
-0,-0
-0,-0
-0,-0
-0,-0
-0,-0
-0,-0
-0,-0
-0,-0
-0,-0
-0,-0
-10.122,-11.634
-0,-0
-0,-0
-0,-0
NaN,NaN
-0,-0
-0,-0
-0,-0
-0,-0
-0,-0
-0,-0
-0,-0
-0,-0
-0,-0
-0,-0
-6.8122,-12.739
-6.4929,-13.875
-6.2233,-15.276
NaN,NaN
-0,-0
-0,-0
-0,-0
-0,-0
-0,-0
-0,-0
-0,-0
-9.3226,-9.4905
-0,-0
-0,-0
-0,-0
-0,-0
-0,-0
-0,-0
-0,-0
-0,-0
-8.2822,-8.3748
-0,-0
-10.594,-8.3187
-0,-0
-0,-0
-11.42,-9.528
NaN,NaN
NaN,NaN
-13.308,-6.6845
-0,-0
-0,-0
-0,-0
-0,-0
-15.671,-4.6797
-0,-0
-18.151,-7.8537
-15.948,-4.0516
NaN,NaN
NaN,NaN
-0,-0
-0,-0
-11.028,-10.991
-10.69,-10.85
-0,-0
-11.034,-11.32
-10.807,-10.668
-12.914,-4.724
-12.01,-12.02
-11.183,-12.257
-10.225,-11.885
-0,-0
-0,-0
-0,-0
-0,-0
-0,-0
-0,-0
-0,-0
-0,-0
-0,-0
-0,-0
-0,-0
-0,-0
-0,-0
-0,-0
-0,-0
-0,-0
-0,-0
-0,-0
-0,-0
-0,-0
-0,-0
-0,-0
-0,-0
-0,-0
-0,-0
-0,-0
-0,-0
-0,-0
-0,-0
-0,-0
-0,-0
-0,-0
-0,-0
-11.484,-9.7461
-11.675,-10.242
-11.656,-10.325
-12.516,-10.395
-0,-0
-11.296,-9.6425
-0,-0
-0,-0
-14.909,-7.1391
-0,-0
NaN,NaN
-0,-0
-14.933,-6.241
-0,-0
-13.991,-7.6061
-0,-0
-0,-0
-0,-0
-0,-0
-0,-0
-0,-0
-0,-0
-0,-0
-0,-0
-0,-0
-12.098,-7.1563
-0,-0
-0,-0
-0,-0
-10.409,-11.583
-10.377,-12.031
-10.759,-12.018
-10.225,-11.933
-10.423,-12.446
-10.838,-12.544
-10.276,-12.827
-0,-0
-0,-0
-0,-0
-0,-0
-0,-0
-0,-0
-0,-0
-0,-0
-0,-0
-0,-0
-0,-0
-6.4033,-14.721
-6.3395,-15.784
-0,-0
-0,-0
-0,-0
-0,-0
-0,-0
-0,-0
-0,-0
-0,-0
-9.6645,-9.8998
-0,-0
NaN,NaN
-10.27,-9.6696
-10.935,-10.252
-11.442,-10.511
-11.911,-10.613
-12.062,-10.799
-12.234,-10.72
-12.085,-10.925
-10.88,-7.6797
-0,-0
-0,-0
NaN,NaN
-0,-0
-0,-0
-13.694,-5.939
-0,-0
-0,-0
-0,-0
-0,-0
NaN,NaN
-0,-0
-0,-0
-17.954,-5.3605
-16.222,-4.7706
-0,-0
-0,-0
-0,-0
-11.754,-11.165
-0,-0
-11.362,-10.422
-11.689,-11.88
-11.174,-10.59
-0,-0
-12.779,-5.6975
-11.303,-12.437
-10.474,-12.108
-0,-0
-0,-0
-0,-0
-0,-0
-0,-0
-0,-0
-0,-0
-0,-0
-0,-0
-0,-0
-0,-0
-0,-0
-0,-0
-0,-0
-0,-0
-0,-0
-0,-0
-0,-0
-0,-0
-0,-0
-0,-0
-0,-0
-0,-0
-0,-0
-0,-0
-0,-0
-0,-0
-0,-0
-0,-0
-0,-0
-0,-0
-0,-0
-0,-0
-12.034,-10.031
-12.218,-10.565
-11.821,-10.748
-12.584,-10.306
-0,-0
-0,-0
-0,-0
-0,-0
-15.373,-7.2463
-14.736,-7.1433
-0,-0
-15.103,-6.8346
-0,-0
-14.87,-7.5388
-0,-0
-0,-0
NaN,NaN
-0,-0
-0,-0
-0,-0
-0,-0
-0,-0
-0,-0
-0,-0
-12.739,-7.3596
-10.454,-11.399
-10.043,-11.547
-11.013,-11.649
-10.385,-11.266
-10.652,-12.088
-10.586,-11.893
-10.565,-12.037
-10.158,-12.187
-10.639,-12.744
-10.469,-12.554
-10.257,-12.612
-10.148,-12.895
-10.209,-12.62
-10.12,-12.59
-0,-0
-0,-0
-0,-0
-0,-0
-0,-0
-0,-0
-0,-0
-0,-0
-0,-0
-6.2263,-16.663
-0,-0
-0,-0
-0,-0
-0,-0
-0,-0
-0,-0
-0,-0
-0,-0
-9.9978,-10.17
-0,-0
-10.189,-10.009
-10.684,-9.7703
-0,-0
-0,-0
-12.286,-10.869
-12.085,-10.875
-11.524,-10.319
-0,-0
-12.268,-10.574
NaN,NaN
-0,-0
-0,-0
NaN,NaN
-14.432,-6.5375
NaN,NaN
-0,-0
-0,-0
-0,-0
-17.024,-5.1111
-0,-0
-0,-0
-16.349,-8.4526
-17.984,-6.7839
NaN,NaN
-14.34,-7.4347
-0,-0
-0,-0
-13.932,-7.3581
-14.484,-7.5597
-11.962,-11.796
-0,-0
-0,-0
-8.5253,-10.436
-11.753,-12.536
-10.836,-12.107
-0,-0
-0,-0
-0,-0
-0,-0
-0,-0
-0,-0
-0,-0
-0,-0
-0,-0
-0,-0
-0,-0
-0,-0
-0,-0
-0,-0
-0,-0
-0,-0
-0,-0
-0,-0
-0,-0
-0,-0
-0,-0
-0,-0
-0,-0
-0,-0
-0,-0
-0,-0
-0,-0
-0,-0
-0,-0
-0,-0
-0,-0
-0,-0
-0,-0
-0,-0
-0,-0
-12.278,-10.378
-12.457,-9.7141
NaN,NaN
-12.944,-10.686
-0,-0
-0,-0
-0,-0
-16.194,-6.8812
-15.252,-7.6771
NaN,NaN
-15.287,-7.0723
-0,-0
-15.745,-7.4686
-0,-0
-0,-0
-0,-0
-17.991,3.4793
-0,-0
-0,-0
-0,-0
-0,-0
-0,-0
-0,-0
-0,-0
-10.851,-10.729
-10.115,-11.329
-10.502,-11.627
-0,-0
-0,-0
-0,-0
-0,-0
-0,-0
-0,-0
-0,-0
-0,-0
-0,-0
-9.9906,-12.686
-10.297,-12.768
-10.278,-12.366
-9.9596,-12.511
-0,-0
-0,-0
-0,-0
-0,-0
-0,-0
-0,-0
-0,-0
-0,-0
-6.3707,-17.572
-6.5195,-18.445
-0,-0
-0,-0
-0,-0
-0,-0
NaN,NaN
-0,-0
-0,-0
NaN,NaN
-0,-0
-0,-0
NaN,NaN
-0,-0
-0,-0
-8.876,-10.192
-0,-0
NaN,NaN
-0,-0
-0,-0
-0,-0
-0,-0
-0,-0
-0,-0
-15.077,-6.4565
-0,-0
-0,-0
-0,-0
NaN,NaN
-0,-0
-0,-0
-0,-0
-0,-0
-18.85,-7.324
-15.176,-7.4185
-14.276,-7.5685
NaN,NaN
-0,-0
-0,-0
-12.213,-11.044
-0,-0
-12.255,-7.9064
NaN,NaN
-11.633,-11.808
-11.01,-11.662
-0,-0
-0,-0
-0,-0
-0,-0
-0,-0
-0,-0
-0,-0
-0,-0
-0,-0
-0,-0
-0,-0
-0,-0
-0,-0
-0,-0
-0,-0
-0,-0
-0,-0
-0,-0
-0,-0
-0,-0
-0,-0
-0,-0
-0,-0
-0,-0
-0,-0
-0,-0
-0,-0
-0,-0
-0,-0
-0,-0
-0,-0
-0,-0
-0,-0
-0,-0
-0,-0
NaN,NaN
-12.853,-9.3623
NaN,NaN
-0,-0
-0,-0
-0,-0
-16.738,-7.0427
-0,-0
-0,-0
-0,-0
NaN,NaN
-16.594,-7.328
-0,-0
-0,-0
-0,-0
-0,-0
-17.279,-6.8113
-0,-0
-0,-0
-0,-0
-0,-0
-0,-0
-0,-0
-11.351,-10.334
-0,-0
-0,-0
-0,-0
-0,-0
NaN,NaN
NaN,NaN
-0,-0
-10.541,-10.604
-9.5336,-10.87
-0,-0
-0,-0
-0,-0
-0,-0
-0,-0
-10.116,-12.461
-0,-0
-0,-0
-0,-0
-0,-0
-0,-0
-0,-0
-0,-0
-0,-0
-0,-0
-6.4647,-18.051
-6.7774,-19.13
-0,-0
-0,-0
-0,-0
-0,-0
-0,-0
-0,-0
NaN,NaN
-11.49,-11.13
-11.65,-11.475
-11.765,-11.803
-11.997,-11.757
-12.049,-11.738
-12.052,-11.631
-12.265,-11.51
-12.367,-11.435
-12.566,-11.252
-12.692,-9.9768
-0,-0
-0,-0
-0,-0
-0,-0
-15.125,-6.9818
-0,-0
-0,-0
-0,-0
-0,-0
-0,-0
-0,-0
-0,-0
-0,-0
-16.815,-8.7287
-16.982,-7.2854
NaN,NaN
-15.021,-7.4268
-0,-0
-14.653,-7.8831
-15.12,-7.3782
-0,-0
-12.838,-8.2216
-0,-0
-11.926,-11.511
-10.812,-10.776
-0,-0
-0,-0
-0,-0
-0,-0
-0,-0
-0,-0
-0,-0
-0,-0
-0,-0
-0,-0
-0,-0
-0,-0
-0,-0
-0,-0
-0,-0
-0,-0
-0,-0
-0,-0
-0,-0
-0,-0
-0,-0
-0,-0
-0,-0
-0,-0
-0,-0
-0,-0
-0,-0
-0,-0
-0,-0
-0,-0
-0,-0
-0,-0
-0,-0
-0,-0
-0,-0
-0,-0
-0,-0
-0,-0
-13.86,-8.8396
-11.767,-8.5582
-0,-0
-0,-0
-15.703,-6.8122
-17.406,-7.1043
-0,-0
-0,-0
-15.454,-7.7887
-17.585,-7.2761
-0,-0
-0,-0
-0,-0
-0,-0
-0,-0
-17.971,-7.2314
-0,-0
-0,-0
-0,-0
-0,-0
-0,-0
-0,-0
-14.132,-7.6856
-0,-0
-0,-0
-0,-0
NaN,NaN
-12.077,-9.8204
-11.262,-9.815
NaN,NaN
-9.7031,-10.822
-9.4668,-11.097
-4.9041,-17.034
-0,-0
-8.6678,-13.373
-0,-0
-0,-0
-0,-0
-0,-0
-0,-0
-0,-0
-0,-0
-0,-0
-0,-0
-0,-0
-0,-0
-0,-0
-0,-0
-6.8648,-19.718
-0,-0
-0,-0
-0,-0
-0,-0
-0,-0
-0,-0
-11.186,-11.218
-11.453,-11.324
-11.692,-11.447
-11.785,-10.799
-0,-0
-0,-0
-10.489,-10.8
-12.315,-11.4
-12.427,-10.969
-12.653,-11.148
-13.102,-11.136
-13.427,-11.382
-0,-0
-0,-0
-15.809,-7.3993
-0,-0
-0,-0
-0,-0
-0,-0
-19.186,-6.5172
-0,-0
-0,-0
-0,-0
NaN,NaN
-16.933,-8.8153
-17.693,-7.5696
NaN,NaN
-0,-0
-0,-0
NaN,NaN
-14.306,-9.2035
-0,-0
NaN,NaN
-9.3754,-7.9627
-10.159,-8.0326
-0,-0
-0,-0
-0,-0
-0,-0
-0,-0
-0,-0
-0,-0
-0,-0
-0,-0
-0,-0
-0,-0
-0,-0
-0,-0
-0,-0
-0,-0
-0,-0
-0,-0
-0,-0
-0,-0
-0,-0
-0,-0
-0,-0
-0,-0
-0,-0
-0,-0
-0,-0
-0,-0
-0,-0
-0,-0
-0,-0
-0,-0
-0,-0
-0,-0
-0,-0
-0,-0
-0,-0
-0,-0
-13.21,-7.9843
-0,-0
-16.021,-12.613
-0,-0
-0,-0
-17.915,-7.1739
NaN,NaN
NaN,NaN
NaN,NaN
-18.562,-7.0858
-0,-0
NaN,NaN
-0,-0
-0,-0
-0,-0
-0,-0
-0,-0
-0,-0
-0,-0
-0,-0
-0,-0
-0,-0
-0,-0
-0,-0
-0,-0
-0,-0
-0,-0
-0,-0
-0,-0
-0,-0
-0,-0
-0,-0
-0,-0
-0,-0
-0,-0
-0,-0
-8.4261,-14.345
-8.3813,-15.793
-0,-0
0.41879,-10.208
-0,-0
-0,-0
-0,-0
-0,-0
-0,-0
-0,-0
-0,-0
-0,-0
-0,-0
-6.8517,-20.313
-0,-0
-0,-0
-0,-0
-0,-0
-0,-0
-0,-0
-0,-0
-0,-0
-0,-0
-12.299,-10.287
-0,-0
-0,-0
-10.277,-10.278
-0,-0
NaN,NaN
-12.934,-9.3718
-0,-0
-14.423,-10.344
NaN,NaN
-0,-0
-16.014,-7.6856
-0,-0
-0,-0
-0,-0
-19.294,-6.5865
-0,-0
-18.059,-4.3717
-0,-0
-18.936,-10.399
NaN,NaN
NaN,NaN
-18.231,-8.6608
-0,-0
-0,-0
NaN,NaN
-0,-0
-0,-0
-13.606,-8.7482
NaN,NaN
-12.407,-9.569
-0,-0
-0,-0
-0,-0
-0,-0
-0,-0
-0,-0
-0,-0
-0,-0
-0,-0
-0,-0
-0,-0
-0,-0
-0,-0
-0,-0
-0,-0
-0,-0
-0,-0
-0,-0
-0,-0
-0,-0
-0,-0
-0,-0
-0,-0
-0,-0
-0,-0
-0,-0
-0,-0
-0,-0
-0,-0
-0,-0
-0,-0
-0,-0
-0,-0
-0,-0
-0,-0
-0,-0
-0,-0
-0,-0
-0,-0
-14.54,-7.9656
-0,-0
-14.179,-1.8264
-0,-0
-17.068,-7.5328
-0,-0
-19.142,-6.3094
-13.405,-11.368
-19.333,-6.8744
-0,-0
-0,-0
-0,-0
-0,-0
-0,-0
-0,-0
-19.088,-7.8042
-0,-0
-0,-0
-0,-0
-0,-0
-0,-0
-0,-0
-14.979,-8.1597
-0,-0
-0,-0
-0,-0
-0,-0
-0,-0
-0,-0
-0,-0
-0,-0
NaN,NaN
-0,-0
-0,-0
-0,-0
-0,-0
-0,-0
-8.4257,-16.722
-8.3516,-17.554
-8.2717,-19.065
-0,-0
-0,-0
-0,-0
-0,-0
-0,-0
-0,-0
-0,-0
-0,-0
-0,-0
-6.7571,-20.85
NaN,NaN
-0,-0
-0,-0
-0,-0
-0,-0
-0,-0
-0,-0
-0,-0
-0,-0
-12.989,-10.729
-0,-0
-0,-0
-0,-0
-0,-0
-0,-0
-13.169,-9.649
-0,-0
-0,-0
-0,-0
-16.514,-7.9915
-0,-0
-0,-0
-17.916,-8.1827
-0,-0
-0,-0
-0,-0
-21.195,-6.9466
-19.791,-9.8495
NaN,NaN
NaN,NaN
-0,-0
-17.995,-7.6549
-16.747,-8.2743
-0,-0
-15.425,-8.7866
-15.219,-8.6299
NaN,NaN
-0,-0
-13.794,-8.1872
-0,-0
-0,-0
-0,-0
-0,-0
-0,-0
-0,-0
-0,-0
-0,-0
-0,-0
-0,-0
-0,-0
-0,-0
-0,-0
-0,-0
-0,-0
-0,-0
-0,-0
-0,-0
-0,-0
-0,-0
-0,-0
-0,-0
-0,-0
-0,-0
-0,-0
-0,-0
-0,-0
-0,-0
-0,-0
-0,-0
-0,-0
-0,-0
-0,-0
-0,-0
-0,-0
-0,-0
-0,-0
-0,-0
-0,-0
-14.706,-8.5741
-0,-0
NaN,NaN
-0,-0
-19.114,-7.0762
-0,-0
-0,-0
-20.137,-6.6587
-0,-0
-0,-0
-0,-0
NaN,NaN
-0,-0
NaN,NaN
-0,-0
-20.299,-8.0162
-0,-0
-0,-0
-0,-0
-0,-0
-0,-0
-0,-0
-0,-0
-0,-0
-0,-0
-0,-0
-0,-0
-0,-0
-0,-0
-0,-0
-0,-0
-0,-0
-0,-0
-0,-0
-0,-0
-0,-0
-0,-0
-0,-0
-8.3216,-18.428
-8.2194,-19.413
-7.8433,-20.839
-0,-0
-0,-0
-0,-0
-0,-0
-0,-0
-0,-0
-0,-0
-0,-0
-6.5127,-21.414
-6.0698,-21.853
-0,-0
-0,-0
-0,-0
-0,-0
-0,-0
-0,-0
-12.986,-13.053
-12.977,-13.212
-0,-0
-0,-0
-11.422,-10.306
-0,-0
NaN,NaN
-13.168,-10.018
-0,-0
NaN,NaN
-0,-0
-0,-0
-16.266,-8.9993
-0,-0
-18.791,-8.203
-0,-0
-20.154,-7.2818
-0,-0
NaN,NaN
-21.634,-6.9905
-0,-0
-0,-0
-19.699,0.45395
-0,-0
-18.35,-8.38
-17.35,-8.7342
-0,-0
-16.567,-8.6044
-14.728,-9.5708
-14.119,-9.3423
-13.877,-9.224
-0,-0
-0,-0
-0,-0
-0,-0
-0,-0
-0,-0
-0,-0
-0,-0
-0,-0
-0,-0
-0,-0
-0,-0
-0,-0
-0,-0
-0,-0
-0,-0
-0,-0
-0,-0
-0,-0
-0,-0
-0,-0
-0,-0
-0,-0
-0,-0
-0,-0
-0,-0
-0,-0
-0,-0
-0,-0
-0,-0
-0,-0
-0,-0
-0,-0
-0,-0
-0,-0
-0,-0
-0,-0
-0,-0
-0,-0
-0,-0
-0,-0
-15.716,-8.8346
-0,-0
NaN,NaN
NaN,NaN
-0,-0
-20.509,-6.3769
-20.838,-6.6501
-20.626,-12.789
-0,-0
-0,-0
-0,-0
-0,-0
-0,-0
-0,-0
NaN,NaN
NaN,NaN
-0,-0
-0,-0
-0,-0
-0,-0
-0,-0
-15.809,-8.8885
-0,-0
-0,-0
-0,-0
-0,-0
-0,-0
-0,-0
-0,-0
-0,-0
-9.2734,-13.956
-0,-0
-0,-0
-0,-0
-0,-0
-0,-0
-0,-0
-0,-0
-0,-0
-8.0087,-20.406
-7.7389,-21.409
-0,-0
NaN,NaN
-0,-0
-0,-0
-0,-0
-0,-0
-0,-0
-0,-0
-6.2725,-21.683
-5.7207,-22.081
-0,-0
-0,-0
-0,-0
-0,-0
-0,-0
-0,-0
-12.836,-12.757
NaN,NaN
-0,-0
-0,-0
-12.379,-10.377
-0,-0
-0,-0
NaN,NaN
-0,-0
-16.514,-7.4572
-0,-0
-16.838,-9.264
-0,-0
-0,-0
-0,-0
NaN,NaN
-0,-0
-0,-0
-0,-0
-22.124,-7.1679
NaN,NaN
-21.249,-6.5616
-0,-0
-18.873,-8.4708
-18.233,-9.5049
-19.381,-7.3
NaN,NaN
-16.19,-8.9
-13.854,-8.6987
-13.994,-11.603
-0,-0
-0,-0
-0,-0
-0,-0
-0,-0
-0,-0
-0,-0
-0,-0
-0,-0
-0,-0
-0,-0
-0,-0
-0,-0
-0,-0
-0,-0
-0,-0
-0,-0
-0,-0
-0,-0
-0,-0
-0,-0
-0,-0
-0,-0
-0,-0
-0,-0
-0,-0
-0,-0
-0,-0
-0,-0
-0,-0
-0,-0
-0,-0
-0,-0
-0,-0
-0,-0
-0,-0
-0,-0
-0,-0
-0,-0
-0,-0
-0,-0
-10.265,-11.379
-0,-0
-16.892,-9.0613
-0,-0
-0,-0
-21.129,-7.0891
-21.395,-9.1518
-0,-0
-0,-0
-0,-0
-23.881,-6.8541
-0,-0
-22.469,-7.6082
-0,-0
NaN,NaN
-0,-0
-0,-0
-0,-0
-0,-0
-0,-0
-0,-0
-0,-0
-0,-0
-0,-0
-0,-0
-0,-0
-0,-0
NaN,NaN
-0,-0
-0,-0
-0,-0
-0,-0
-0,-0
NaN,NaN
-0,-0
-0,-0
-0,-0
-0,-0
-0,-0
-0,-0
-7.5477,-22.537
-7.4831,-23.811
-0,-0
-0,-0
NaN,NaN
-0,-0
-0,-0
-0,-0
-0,-0
-0,-0
-5.3918,-22.369
-0,-0
-0,-0
-0,-0
-0,-0
-0,-0
-0,-0
-0,-0
-0,-0
-0,-0
NaN,NaN
-0,-0
-13.609,-9.9501
-13.515,-11.515
-0,-0
-0,-0
NaN,NaN
-17.301,-9.6552
-16.5,-10.123
-0,-0
-19.9,-8.6495
NaN,NaN
-0,-0
-0,-0
-0,-0
-0,-0
-22.602,-7.563
-21.643,-4.767
-0,-0
-21.076,-7.3378
-18.811,-9.2683
-18.469,-9.4618
-19.534,-7.1231
-16.856,-9.0848
-14.876,-9.8748
-14.814,-10.217
-14.714,-11.147
-0,-0
-0,-0
-0,-0
-0,-0
-0,-0
-0,-0
-0,-0
-0,-0
-0,-0
-0,-0
-0,-0
-0,-0
-0,-0
-0,-0
-0,-0
-0,-0
-0,-0
-0,-0
-0,-0
-0,-0
-0,-0
-0,-0
-0,-0
-0,-0
-0,-0
-0,-0
-0,-0
-0,-0
-0,-0
-0,-0
-0,-0
-0,-0
-0,-0
-0,-0
-0,-0
-0,-0
-0,-0
-0,-0
-0,-0
-0,-0
-0,-0
-16.555,-7.3477
-16.012,-11.148
-0,-0
NaN,NaN
-0,-0
-0,-0
-19.925,-13.55
-22.799,-9.2187
-0,-0
-0,-0
-0,-0
-24.71,-7.049
-0,-0
-23.403,-8.048
-0,-0
-22.28,-7.2946
-0,-0
-0,-0
-0,-0
-0,-0
-0,-0
-0,-0
-0,-0
-0,-0
-0,-0
-0,-0
-0,-0
-0,-0
-0,-0
-0,-0
-10.081,-14.137
-0,-0
-0,-0
-0,-0
-0,-0
-0,-0
-0,-0
-0,-0
-0,-0
-0,-0
-0,-0
-7.5212,-23.317
-7.4927,-25.1
-0,-0
-0,-0
-0,-0
-0,-0
-0,-0
-0,-0
-0,-0
-0,-0
NaN,NaN
-0,-0
-0,-0
-0,-0
-0,-0
-0,-0
-0,-0
-0,-0
-0,-0
-0,-0
-13.202,-10.467
-0,-0
-0,-0
-0,-0
-0,-0
-0,-0
NaN,NaN
-17.272,-10.037
NaN,NaN
-20.867,-9.3039
-0,-0
-0,-0
-0,-0
NaN,NaN
-0,-0
-0,-0
-23.201,-7.9121
NaN,NaN
-0,-0
-0,-0
-18.722,-9.7703
-19.125,-8.2361
NaN,NaN
-16.37,-9.5071
-15.548,-10.984
-15.26,-11.239
-0,-0
-0,-0
-0,-0
-0,-0
-0,-0
-0,-0
-0,-0
-0,-0
-0,-0
-0,-0
-0,-0
-0,-0
-0,-0
-0,-0
-0,-0
-0,-0
-0,-0
-0,-0
-0,-0
-0,-0
-0,-0
-0,-0
-0,-0
-0,-0
-0,-0
-0,-0
-0,-0
-0,-0
-0,-0
-0,-0
-0,-0
-0,-0
-0,-0
-0,-0
-0,-0
-0,-0
-0,-0
-0,-0
-0,-0
-0,-0
-0,-0
-16.365,-8.5806
-16.333,-11.784
-16.546,-10.211
-0,-0
-0,-0
-21.505,-7.9095
-0,-0
NaN,NaN
-0,-0
-0,-0
-0,-0
-26.062,-7.4652
-0,-0
-24.313,-8.8514
NaN,NaN
-0,-0
-20.845,-9.2729
-0,-0
-0,-0
-0,-0
-16.423,-10.569
-0,-0
-0,-0
-0,-0
-0,-0
-0,-0
-0,-0
-11.008,-13.071
-0,-0
-10.938,-14.069
-0,-0
-0,-0
-0,-0
-0,-0
-0,-0
-0,-0
-0,-0
-0,-0
-0,-0
NaN,NaN
-0,-0
-0,-0
-7.6379,-26.437
-7.9376,-27.844
-0,-0
-0,-0
-0,-0
-0,-0
-0,-0
-0,-0
-0,-0
-0,-0
-0,-0
-0,-0
-0,-0
-0,-0
-0,-0
-0,-0
-0,-0
-0,-0
-0,-0
NaN,NaN
-13.516,-10.454
-14.346,-12.717
-0,-0
-0,-0
-0,-0
-17.267,-10.813
-0,-0
-0,-0
-0,-0
-21.686,-11.064
-0,-0
-0,-0
-28.755,-5.7479
-0,-0
-24.35,-8.9299
-0,-0
-23.331,-9.1342
-22.137,-8.2665
-0,-0
-20.667,-10.356
-18.668,-6.8533
-0,-0
-16.029,-10.269
-16.959,-11.154
-0,-0
-0,-0
-0,-0
-0,-0
-0,-0
-0,-0
-0,-0
-0,-0
-0,-0
-0,-0
-0,-0
-0,-0
-0,-0
-0,-0
-0,-0
-0,-0
-0,-0
-0,-0
-0,-0
-0,-0
-0,-0
-0,-0
-0,-0
-0,-0
-0,-0
-0,-0
-0,-0
-0,-0
-0,-0
-0,-0
-0,-0
-0,-0
-0,-0
-0,-0
-0,-0
-0,-0
-0,-0
-0,-0
-0,-0
-0,-0
-0,-0
-0,-0
-0,-0
-16.664,-9.705
NaN,NaN
-0,-0
-0,-0
-21.414,-9.9024
-0,-0
NaN,NaN
-0,-0
-0,-0
-0,-0
-0,-0
-26.737,-7.8476
NaN,NaN
-0,-0
-0,-0
-0,-0
-0,-0
-0,-0
-0,-0
-0,-0
NaN,NaN
-0,-0
-0,-0
-0,-0
-0,-0
-0,-0
-11.666,-12.972
-0,-0
-12.026,-14.136
-0,-0
-0,-0
-0,-0
-0,-0
-0,-0
-0,-0
-0,-0
-0,-0
-0,-0
NaN,NaN
-0,-0
-0,-0
-0,-0
-7.9313,-27.327
-8.3118,-28.971
-0,-0
-0,-0
-0,-0
-0,-0
-0,-0
-8.5062,-19.692
-0,-0
-0,-0
-0,-0
-0,-0
-0,-0
-0,-0
-0,-0
-0,-0
-0,-0
-0,-0
-14.193,-10.465
-0,-0
NaN,NaN
-15.878,-10.507
-16.644,-10.029
-17.395,-10.266
-18.237,-10.508
-0,-0
-0,-0
-21.509,-10.012
-0,-0
-0,-0
-0,-0
-0,-0
NaN,NaN
-25.521,-9.8252
NaN,NaN
-0,-0
-23.557,-9.2201
-0,-0
-0,-0
-19.355,-10.382
-0,-0
-17.498,-10.198
-18.217,-10.844
-0,-0
-0,-0
-0,-0
-0,-0
-0,-0
-0,-0
-0,-0
-0,-0
-0,-0
-0,-0
-0,-0
-0,-0
-0,-0
-0,-0
-0,-0
-0,-0
-0,-0
-0,-0
-0,-0
-0,-0
-0,-0
-0,-0
-0,-0
-0,-0
-0,-0
-0,-0
-0,-0
-0,-0
-0,-0
-0,-0
-0,-0
-0,-0
-0,-0
-0,-0
-0,-0
-0,-0
-0,-0
-0,-0
-0,-0
-0,-0
-0,-0
-0,-0
NaN,NaN
-16.859,-10.931
-16.446,-11.282
-18.35,-12.876
-21.015,-10.433
-23.256,-10.664
-0,-0
-0,-0
-0,-0
-0,-0
-0,-0
NaN,NaN
-0,-0
-25.11,-9.4652
-0,-0
-22.51,-10.792
-0,-0
-0,-0
-0,-0
-0,-0
-18.229,-10.102
-0,-0
-0,-0
-0,-0
-0,-0
-0,-0
-12.203,-13.426
-0,-0
-12.258,-14.099
-0,-0
-0,-0
-0,-0
-0,-0
-0,-0
-0,-0
-0,-0
-0,-0
-0,-0
-9.935,-23.881
-0,-0
-0,-0
-0,-0
-0,-0
-0,-0
-8.6182,-29.713
-0,-0
-0,-0
-0,-0
-0,-0
-0,-0
-9.0338,-18.995
-0,-0
-0,-0
-0,-0
-0,-0
-0,-0
-0,-0
-0,-0
-0,-0
-11.839,-13.633
-0,-0
-14.791,-10.648
-13.693,-11.1
-0,-0
-16.363,-9.8847
-17.018,-10.237
-17.863,-10.372
-18.561,-10.7
-19.541,-10.832
-21.429,-10.669
-0,-0
NaN,NaN
NaN,NaN
-0,-0
-0,-0
-0,-0
-24.246,-9.5236
-0,-0
-24.966,-10.91
-23.108,-11.294
-0,-0
NaN,NaN
-18.784,-10.566
-0,-0
-17.459,-10.802
-18.836,-10.593
-0,-0
-0,-0
-0,-0
-0,-0
-0,-0
-0,-0
-0,-0
-0,-0
-0,-0
-0,-0
-0,-0
-0,-0
-0,-0
-0,-0
-0,-0
-0,-0
-0,-0
-0,-0
-0,-0
-0,-0
-0,-0
-0,-0
-0,-0
-0,-0
-0,-0
-0,-0
-0,-0
-0,-0
-0,-0
-0,-0
-0,-0
-0,-0
-0,-0
-0,-0
-0,-0
-0,-0
-0,-0
-0,-0
-0,-0
-0,-0
-0,-0
-0,-0
-0,-0
-17.661,-10.184
-16.441,-12.424
-18.276,-12.689
-20.788,-11.259
-24.187,-11.837
-0,-0
-0,-0
-0,-0
-0,-0
-0,-0
-0,-0
-0,-0
-0,-0
-25.391,-10.273
-0,-0
NaN,NaN
-0,-0
-0,-0
-0,-0
-0,-0
NaN,NaN
-0,-0
-0,-0
-0,-0
-0,-0
-0,-0
-13.442,-12.228
-0,-0
-11.574,-14.588
-0,-0
-0,-0
-0,-0
-0,-0
-0,-0
-0,-0
-0,-0
-0,-0
-5.0904,-22.625
-0,-0
-0,-0
-0,-0
-0,-0
-0,-0
-0,-0
-8.6479,-30.177
-8.2609,-30.386
-0,-0
-0,-0
-0,-0
-0,-0
NaN,NaN
-0,-0
-0,-0
-0,-0
-0,-0
-0,-0
-0,-0
-0,-0
-15.375,-10.548
-12.417,-13.244
-0,-0
-0,-0
-14.164,-10.982
-0,-0
-0,-0
-0,-0
NaN,NaN
-19.161,-10.804
-20.485,-10.748
-21.959,-10.841
-0,-0
-0,-0
-25.424,-7.3573
-0,-0
-0,-0
-27.236,-10.778
-0,-0
-25.777,-11.691
-0,-0
-22.839,-12.632
NaN,NaN
-19.867,-10.454
-18.802,-10.973
-17.391,-11.551
-19.447,-10.525
-0,-0
-0,-0
-0,-0
-0,-0
-0,-0
-0,-0
-0,-0
-0,-0
-0,-0
-0,-0
-0,-0
-0,-0
-0,-0
-0,-0
-0,-0
-0,-0
-0,-0
-0,-0
-0,-0
-0,-0
-0,-0
-0,-0
-0,-0
-0,-0
-0,-0
-0,-0
-0,-0
-0,-0
-0,-0
-0,-0
-0,-0
-0,-0
-0,-0
-0,-0
-0,-0
-0,-0
-0,-0
-0,-0
-0,-0
-0,-0
-0,-0
-0,-0
-0,-0
-18.009,-11.648
-17.159,-12.913
-0,-0
-0,-0
-24.279,-12.123
-25.982,-11.184
-0,-0
-0,-0
-0,-0
-0,-0
-0,-0
-29.9,-10.535
-0,-0
-0,-0
NaN,NaN
-0,-0
-0,-0
-0,-0
-0,-0
-19.015,-9.6214
NaN,NaN
-18.048,-12.539
-17.572,-13.625
-16.19,-14.7
-15.616,-15.629
-14.134,-14.519
NaN,NaN
-12.695,-13.852
-10.904,-15.406
-0,-0
-0,-0
NaN,NaN
-0,-0
-0,-0
-0,-0
-0,-0
-3.2681,-21.476
-0,-0
-0,-0
-0,-0
-0,-0
-0,-0
-0,-0
-0,-0
NaN,NaN
-7.9698,-30.26
-0,-0
-0,-0
-0,-0
-0,-0
-0,-0
-0,-0
-0,-0
-0,-0
-0,-0
-0,-0
-0,-0
-0,-0
-15.569,-11.329
-0,-0
-15.651,-11.511
-0,-0
-0,-0
-0,-0
-0,-0
-0,-0
-17.555,-13.487
-0,-0
-21.642,-11.273
-22.941,-10.885
-0,-0
-30.26,-8.3118
-0,-0
-0,-0
-28.608,-12.418
-0,-0
NaN,NaN
NaN,NaN
-0,-0
-0,-0
-20.749,-6.1904
-20.687,-9.6311
-18.799,-11.687
-19.7,-10.126
-0,-0
-0,-0
-0,-0
-0,-0
-0,-0
-0,-0
-0,-0
-0,-0
-0,-0
-0,-0
-0,-0
-0,-0
-0,-0
-0,-0
-0,-0
-0,-0
-0,-0
-0,-0
-0,-0
-0,-0
-0,-0
-0,-0
-0,-0
-0,-0
-0,-0
-0,-0
-0,-0
-0,-0
-0,-0
-0,-0
-0,-0
-0,-0
-0,-0
-0,-0
-0,-0
-0,-0
-0,-0
-0,-0
-0,-0
-0,-0
-0,-0
-0,-0
-0,-0
-0,-0
NaN,NaN
-17.631,-13.101
-18.632,-13.232
-19.94,-12.163
-0,-0
-24.641,-12.623
-26.049,-11.389
-0,-0
-0,-0
-0,-0
-34.189,-10.617
-0,-0
NaN,NaN
-25.227,-11.412
-0,-0
-0,-0
-0,-0
-22.549,-9.3539
-21.274,-9.3848
-20.262,-9.8859
-19.371,-10.847
-18.554,-11.852
-17.779,-13.086
-16.964,-14.28
-15.912,-15.205
-15.22,-15.706
-14.215,-16.844
-13.432,-17.56
-13.048,-18.275
-12.184,-18.928
-12.412,-20.14
-0,-0
-0,-0
-0,-0
-0,-0
-0,-0
-0,-0
-0,-0
-0,-0
-0,-0
-0,-0
-0,-0
-0,-0
-0,-0
-0,-0
-0,-0
-8.703,-29.838
-0,-0
-0,-0
-0,-0
-0,-0
-10.816,-18.309
-0,-0
-0,-0
-0,-0
-0,-0
-0,-0
-0,-0
-0,-0
-15.189,-12.187
-0,-0
-16.109,-12.096
-0,-0
-0,-0
-0,-0
-0,-0
-0,-0
NaN,NaN
-24.186,-12.275
-0,-0
-0,-0
-29.602,-10.43
-0,-0
-0,-0
-0,-0
-0,-0
-0,-0
-37.584,-4.9779
-0,-0
-0,-0
-0,-0
-20.809,-11.081
-21.233,-8.5891
-20.082,-8.9871
-0,-0
-0,-0
-0,-0
-0,-0
-0,-0
-0,-0
-0,-0
-0,-0
-0,-0
-0,-0
-0,-0
-0,-0
-0,-0
-0,-0
-0,-0
-0,-0
-0,-0
-0,-0
-0,-0
-0,-0
-0,-0
-0,-0
-0,-0
-0,-0
-0,-0
-0,-0
-0,-0
-0,-0
-0,-0
-0,-0
-0,-0
-0,-0
-0,-0
-0,-0
-0,-0
-0,-0
-0,-0
-0,-0
-0,-0
-0,-0
-0,-0
-0,-0
-0,-0
-0,-0
-17.724,-12.215
-20.167,-11.873
-20.632,-13.545
-0,-0
-19.965,-15.85
-24.583,-13.019
-26.628,-11.404
-0,-0
-0,-0
-0,-0
-0,-0
-31.184,-10.945
-0,-0
NaN,NaN
-25.868,-11.383
-24.502,-10.288
-23.176,-9.6347
-22.016,-9.3539
-20.887,-9.5576
-18.745,-10.888
-15.413,-13.61
-0,-0
-0,-0
-0,-0
-0,-0
-15.136,-11.677
-0,-0
-13.153,-16.273
-12.759,-18.682
-11.883,-19.443
-11.897,-20.259
-0,-0
-0,-0
-0,-0
NaN,NaN
-0,-0
-0,-0
-0,-0
-0,-0
-0,-0
-0,-0
-0,-0
-0,-0
-0,-0
-0,-0
-0,-0
-0,-0
-0,-0
-0,-0
-0,-0
-0,-0
-11.569,-18.204
-0,-0
-0,-0
-0,-0
-0,-0
-0,-0
-0,-0
-15.608,-12.599
NaN,NaN
NaN,NaN
-0,-0
-0,-0
-0,-0
-0,-0
-0,-0
-20.696,-11.6
-0,-0
-24.234,-12.324
-0,-0
-0,-0
-0,-0
NaN,NaN
-0,-0
-36.689,-7.8289
-0,-0
-0,-0
-0,-0
-30.65,-12.829
-0,-0
NaN,NaN
-21.118,-10.227
-17.753,-13.358
-20.055,-9.2985
-0,-0
-0,-0
-0,-0
-0,-0
-0,-0
-0,-0
-0,-0
-0,-0
-0,-0
-0,-0
-0,-0
-0,-0
-0,-0
-0,-0
-0,-0
-0,-0
-0,-0
-0,-0
-0,-0
-0,-0
-0,-0
-0,-0
-0,-0
-0,-0
-0,-0
-0,-0
-0,-0
-0,-0
-0,-0
-0,-0
-0,-0
-0,-0
-0,-0
-0,-0
-0,-0
-0,-0
-0,-0
-0,-0
-0,-0
-0,-0
-0,-0
-0,-0
-0,-0
-0,-0
-0,-0
-18.503,-12.575
-21.608,-13.8
-0,-0
-19.015,-16.217
-0,-0
-24.165,-13.427
-28.596,-12.364
-32.868,-10.907
-34.99,-10.11
-38.833,-15.965
NaN,NaN
-31.926,-11.036
-29.001,-12.768
-26.883,-11.823
-25.403,-10.997
-23.904,-9.9363
-0,-0
-0,-0
-0,-0
-18.024,-12.208
NaN,NaN
-0,-0
-0,-0
-0,-0
-15.615,-12.683
-0,-0
NaN,NaN
-0,-0
-0,-0
-0,-0
-0,-0
-0,-0
-0,-0
-0,-0
-0,-0
-0,-0
-0,-0
-0,-0
-0,-0
-0,-0
-0,-0
-0,-0
-0,-0
-0,-0
-0,-0
-0,-0
-0,-0
-0,-0
-0,-0
-0,-0
-0,-0
-11.971,-18.118
-0,-0
-0,-0
-0,-0
-0,-0
-0,-0
-0,-0
-15.103,-13.954
-0,-0
-0,-0
-0,-0
-0,-0
-0,-0
-0,-0
-0,-0
-0,-0
-23.374,-11.794
-0,-0
-0,-0
-0,-0
NaN,NaN
-0,-0
-0,-0
-0,-0
-0,-0
-0,-0
NaN,NaN
-27.542,-9.6792
-0,-0
-21.492,-10.889
-20.685,-10.415
-21.586,-7.8686
-0,-0
-0,-0
-0,-0
-0,-0
-0,-0
-0,-0
-0,-0
-0,-0
-0,-0
-0,-0
-0,-0
-0,-0
-0,-0
-0,-0
-0,-0
-0,-0
-0,-0
-0,-0
-0,-0
-0,-0
-0,-0
-0,-0
-0,-0
-0,-0
-0,-0
-0,-0
-0,-0
-0,-0
-0,-0
-0,-0
-0,-0
-0,-0
-0,-0
-0,-0
-0,-0
-0,-0
-0,-0
-0,-0
-0,-0
-0,-0
-0,-0
-0,-0
-0,-0
-0,-0
-18.016,-13.287
-20.112,-11.955
-24.396,-9.9855
-19.114,-16.678
-0,-0
-0,-0
-24.773,-13.443
-30.675,-11.498
NaN,NaN
-38.613,-15.287
NaN,NaN
-34.588,-11.741
-30.768,-12.45
-27.83,-12.394
-0,-0
NaN,NaN
-0,-0
-0,-0
-0,-0
-17.987,-12.753
NaN,NaN
-0,-0
-0,-0
-0,-0
-16.426,-12.294
-0,-0
-0,-0
-13.61,-14.404
-0,-0
-0,-0
-0,-0
-0,-0
-0,-0
-0,-0
-0,-0
-0,-0
-0,-0
-0,-0
-0,-0
-0,-0
-0,-0
-0,-0
-8.7997,-41.742
-0,-0
-0,-0
-0,-0
-0,-0
-0,-0
-0,-0
-0,-0
-0,-0
-0,-0
-12.091,-18.11
-0,-0
-0,-0
-0,-0
-0,-0
-0,-0
-0,-0
-14.887,-14.246
-0,-0
-0,-0
-0,-0
-0,-0
-0,-0
-0,-0
-21.208,-12.085
-22.668,-11.601
-0,-0
-0,-0
-0,-0
-32.426,-11.88
-0,-0
-0,-0
NaN,NaN
-0,-0
-0,-0
-0,-0
-0,-0
-28.731,-14.103
-0,-0
-20.756,-11.564
-19.441,-12.079
-20.568,-11.991
-0,-0
-0,-0
-0,-0
-0,-0
-0,-0
-0,-0
-0,-0
-0,-0
-0,-0
-0,-0
-0,-0
-0,-0
-0,-0
-0,-0
-0,-0
-0,-0
-0,-0
-0,-0
-0,-0
-0,-0
-0,-0
-0,-0
-0,-0
-0,-0
-0,-0
-0,-0
-0,-0
-0,-0
-0,-0
-0,-0
-0,-0
-0,-0
-0,-0
-0,-0
-0,-0
-0,-0
-0,-0
-0,-0
-0,-0
-0,-0
-0,-0
-0,-0
-0,-0
-0,-0
-0,-0
-18.651,-13.174
-19.307,-14.317
-19.071,-16.512
-0,-0
-25.711,-11.28
-25.195,-13.877
-29.509,-12.141
-33.701,-15.698
-36.917,-15.764
-0,-0
-0,-0
-33.265,-12.139
-28.946,-12.762
-25.811,-13.167
-23.596,-12.601
-0,-0
-0,-0
-0,-0
-0,-0
-17.566,-13.65
-17.538,-12.543
-0,-0
-0,-0
-0,-0
-16.751,-12.223
-0,-0
-14.074,-14.538
-0,-0
-0,-0
-0,-0
-0,-0
-0,-0
-0,-0
-16.873,-22.491
-0,-0
-0,-0
-0,-0
-0,-0
-0,-0
-0,-0
-0,-0
-0,-0
-9.6572,-38.727
-0,-0
-0,-0
-0,-0
-0,-0
-0,-0
-0,-0
-0,-0
-0,-0
-0,-0
-11.964,-18.113
-0,-0
-0,-0
-0,-0
-0,-0
-0,-0
-14.526,-15.617
NaN,NaN
-0,-0
-0,-0
-0,-0
-0,-0
-0,-0
-0,-0
-0,-0
-23.172,-12.146
-26.146,-11.109
-0,-0
-30.911,-10.131
-0,-0
-0,-0
-0,-0
-0,-0
-0,-0
-0,-0
-0,-0
-0,-0
NaN,NaN
-21.532,-12.267
-20.925,-12.804
-21.167,-12.04
-0,-0
-0,-0
-0,-0
-0,-0
-0,-0
-0,-0
-0,-0
-0,-0
-0,-0
-0,-0
-0,-0
-0,-0
-0,-0
-0,-0
-0,-0
-0,-0
-0,-0
-0,-0
-0,-0
-0,-0
-0,-0
-0,-0
-0,-0
-0,-0
-0,-0
-0,-0
-0,-0
-0,-0
-0,-0
-0,-0
-0,-0
-0,-0
-0,-0
-0,-0
-0,-0
-0,-0
-0,-0
-0,-0
-0,-0
-0,-0
-0,-0
-0,-0
-0,-0
-0,-0
-0,-0
-15.626,-16.622
-19.109,-16.752
-0,-0
-0,-0
-0,-0
-26.092,-13.964
-32.453,-15.767
-34.606,-15.192
-0,-0
-0,-0
-0,-0
-31.168,-11.898
-27.377,-13.004
-0,-0
-0,-0
-0,-0
NaN,NaN
-0,-0
-17.907,-13.576
-0,-0
-0,-0
-0,-0
-0,-0
-0,-0
-0,-0
-0,-0
-0,-0
-0,-0
-0,-0
-0,-0
-0,-0
-0,-0
-0,-0
-0,-0
-0,-0
-0,-0
-0,-0
-0,-0
-0,-0
-0,-0
-0,-0
-0,-0
-10.264,-35.923
-0,-0
-0,-0
-0,-0
-0,-0
-0,-0
-0,-0
-0,-0
-0,-0
-0,-0
-0,-0
-0,-0
-0,-0
-0,-0
NaN,NaN
-0,-0
-14.2,-15.663
-0,-0
-0,-0
-0,-0
-0,-0
-0,-0
-0,-0
NaN,NaN
-22.997,-11.829
-0,-0
-0,-0
-0,-0
-31.845,-11.482
-0,-0
-0,-0
-0,-0
-0,-0
-0,-0
-0,-0
-0,-0
-0,-0
-0,-0
-0,-0
-19.466,-12.359
-0,-0
-0,-0
-0,-0
-0,-0
-0,-0
-0,-0
-0,-0
-0,-0
-0,-0
-0,-0
-0,-0
-0,-0
-0,-0
-0,-0
-0,-0
-0,-0
-0,-0
-0,-0
-0,-0
-0,-0
-0,-0
-0,-0
-0,-0
-0,-0
-0,-0
-0,-0
-0,-0
-0,-0
-0,-0
-0,-0
-0,-0
-0,-0
-0,-0
-0,-0
-0,-0
-0,-0
-0,-0
-0,-0
-0,-0
-0,-0
-0,-0
-0,-0
-0,-0
-0,-0
-0,-0
-0,-0
-0,-0
-0,-0
-0,-0
-0,-0
-0,-0
-0,-0
-0,-0
-0,-0
-0,-0
-0,-0
-0,-0
-0,-0
-0,-0
-0,-0
-0,-0
-0,-0
-0,-0
-0,-0
-0,-0
-0,-0
-0,-0
-0,-0
-0,-0
-0,-0
-0,-0
-0,-0
-0,-0
-0,-0
-0,-0
-0,-0
-0,-0
-0,-0
-0,-0
-0,-0
-0,-0
-0,-0
-0,-0
-0,-0
-0,-0
-0,-0
-0,-0
-0,-0
-0,-0
-0,-0
-0,-0
-0,-0
-0,-0
-0,-0
-0,-0
-0,-0
-0,-0
-0,-0
-0,-0
-0,-0
-0,-0
-0,-0
-0,-0
-0,-0
-0,-0
-0,-0
-0,-0
-0,-0
-0,-0
-0,-0
-0,-0
-0,-0
-0,-0
-0,-0
-0,-0
-0,-0
-0,-0
-0,-0
-0,-0
-0,-0
-0,-0
-0,-0
-0,-0
-0,-0
-0,-0
-0,-0
-0,-0
-0,-0
-0,-0
-0,-0
-0,-0
-0,-0
-0,-0
-0,-0
-0,-0
-0,-0
-0,-0
-0,-0
-0,-0
-0,-0
-0,-0
-0,-0
-0,-0
-0,-0
-0,-0
-0,-0
-0,-0
-0,-0
-0,-0
-0,-0
-0,-0
-0,-0
-0,-0
-0,-0
-0,-0
-0,-0
-0,-0
-0,-0
-0,-0
-0,-0
-0,-0
-0,-0
-0,-0
-0,-0
-0,-0
-0,-0
-0,-0
-0,-0
-0,-0
-0,-0
-0,-0
-0,-0
-0,-0
-0,-0
-0,-0
-0,-0
-0,-0
-0,-0
-0,-0
-0,-0
-0,-0
-0,-0
-0,-0
-0,-0
-0,-0
-0,-0
-0,-0
-0,-0
-0,-0
-0,-0
-0,-0
-0,-0
-0,-0
-0,-0
-0,-0
-0,-0
-0,-0
-0,-0
-0,-0
-0,-0
-0,-0
-0,-0
-0,-0
-0,-0
-0,-0
-0,-0
-0,-0
-0,-0
-0,-0
-0,-0
-0,-0
-0,-0
-0,-0
-0,-0
-0,-0
-0,-0
-0,-0
-0,-0
-0,-0
-0,-0
-0,-0
-0,-0
-0,-0
-0,-0
-0,-0
-0,-0
-0,-0
-0,-0
-0,-0
-0,-0
-0,-0
-0,-0
-0,-0
-0,-0
-0,-0
-0,-0
-0,-0
-0,-0
-0,-0
-0,-0
-0,-0
-0,-0
-0,-0
-0,-0
-0,-0
-0,-0
-0,-0
-0,-0
-0,-0
-0,-0
-0,-0
-0,-0
-0,-0
-0,-0
-0,-0
-0,-0
-0,-0
-0,-0
-0,-0
-0,-0
-0,-0
-0,-0
-0,-0
-0,-0
-0,-0
-0,-0
-0,-0
-0,-0
-0,-0
-0,-0
-0,-0
-0,-0
-0,-0
-0,-0
-0,-0
-0,-0
-0,-0
-0,-0
-0,-0
-0,-0
-0,-0
-0,-0
-0,-0
-0,-0
-0,-0
-0,-0
-0,-0
-0,-0
-0,-0
-0,-0
-0,-0
-0,-0
-0,-0
-0,-0
-0,-0
-0,-0
-0,-0
-0,-0
-0,-0
-0,-0
-0,-0
-0,-0
-0,-0
-0,-0
-0,-0
-0,-0
-0,-0
-0,-0
-0,-0
-0,-0
-0,-0
-0,-0
-0,-0
-0,-0
-0,-0
-0,-0
-0,-0
-0,-0
-0,-0
-0,-0
-0,-0
-0,-0
-0,-0
-0,-0
-0,-0
-0,-0
-0,-0
-0,-0
-0,-0
-0,-0
-0,-0
-0,-0
-0,-0
-0,-0
-0,-0
-0,-0
-0,-0
-0,-0
-0,-0
-0,-0
-0,-0
-0,-0
-0,-0
-0,-0
-0,-0
-0,-0
-0,-0
-0,-0
-0,-0
-0,-0
-0,-0
-0,-0
-0,-0
-0,-0
-0,-0
-0,-0
-0,-0
-0,-0
-0,-0
-0,-0
-0,-0
-0,-0
-0,-0
-0,-0
-0,-0
-0,-0
-0,-0
-0,-0
-0,-0
-0,-0
-0,-0
-0,-0
-0,-0
-0,-0
-0,-0
-0,-0
-0,-0
-0,-0
-0,-0
-0,-0
-0,-0
-0,-0
-0,-0
-0,-0
-0,-0
-0,-0
-0,-0
-0,-0
-0,-0
-0,-0
-0,-0
-0,-0
-0,-0
-0,-0
-0,-0
-0,-0
-0,-0
-0,-0
-0,-0
-0,-0
-0,-0
-0,-0
-0,-0
-0,-0
-0,-0
-0,-0
-0,-0
-0,-0
-0,-0
-0,-0
-0,-0
-0,-0
-0,-0
-0,-0
-0,-0
-0,-0
-0,-0
-0,-0
-0,-0
-0,-0
-0,-0
-0,-0
-0,-0
-0,-0
-0,-0
-0,-0
-0,-0
-0,-0
-0,-0
-0,-0
-0,-0
-0,-0
-0,-0
-0,-0
-0,-0
-0,-0
-0,-0
-0,-0
-0,-0
-0,-0
-0,-0
-0,-0
-0,-0
-0,-0
-0,-0
-0,-0
-0,-0
-0,-0
-0,-0
-0,-0
-0,-0
-0,-0
-0,-0
-0,-0
-0,-0
-0,-0
-0,-0
-0,-0
-0,-0
-0,-0
-0,-0
-0,-0
-0,-0
-0,-0
-0,-0
-0,-0
-0,-0
-0,-0
-0,-0
-0,-0
-0,-0
-0,-0
-0,-0
-0,-0
-0,-0
-0,-0
-0,-0
-0,-0
-0,-0
-0,-0
-0,-0
-0,-0
-0,-0
-0,-0
-0,-0
-0,-0
-0,-0
-0,-0
-0,-0
-0,-0
-0,-0
-0,-0
-0,-0
-0,-0
-0,-0
-0,-0
-0,-0
-0,-0
-0,-0
-0,-0
-0,-0
-0,-0
-0,-0
-0,-0
-0,-0
-0,-0
-0,-0
-0,-0
-0,-0
-0,-0
-0,-0
-0,-0
-0,-0
-0,-0
-0,-0
-0,-0
-0,-0
-0,-0
-0,-0
-0,-0
-0,-0
-0,-0
-0,-0
-0,-0
-0,-0
-0,-0
-0,-0
-0,-0
-0,-0
-0,-0
-0,-0
-0,-0
-0,-0
-0,-0
-0,-0
-0,-0
-0,-0
-0,-0
-0,-0
-0,-0
-0,-0
-0,-0
-0,-0
-0,-0
-0,-0
-0,-0
-0,-0
-0,-0
-0,-0
-0,-0
-0,-0
-0,-0
-0,-0
-0,-0
-0,-0
-0,-0
-0,-0
-0,-0
-0,-0
-0,-0
-0,-0
-0,-0
-0,-0
-0,-0
-0,-0
-0,-0
-0,-0
-0,-0
-0,-0
-0,-0
-0,-0
-0,-0
-0,-0
-0,-0
-0,-0
-0,-0
-0,-0
-0,-0
-0,-0
-0,-0
-0,-0
-0,-0
-0,-0
-0,-0
-0,-0
-0,-0
-0,-0
-0,-0
-0,-0
-0,-0
-0,-0
-0,-0
-0,-0
-0,-0
-0,-0
-0,-0
-0,-0
-0,-0
-0,-0
-0,-0
-0,-0
-0,-0
-0,-0
-0,-0
-0,-0
-0,-0
-0,-0
-0,-0
-0,-0
-0,-0
-0,-0
-0,-0
-0,-0
-0,-0
-0,-0
-0,-0
-0,-0
-0,-0
-0,-0
-0,-0
-0,-0
-0,-0
-0,-0
-0,-0
-0,-0
-0,-0
-0,-0
-0,-0
-0,-0
-0,-0
-0,-0
-0,-0
-0,-0
-0,-0
-0,-0
-0,-0
-0,-0
-0,-0
-0,-0
-0,-0
-0,-0
-0,-0
-0,-0
-0,-0
-0,-0
-0,-0
-0,-0
-0,-0
-0,-0
-0,-0
-0,-0
-0,-0
-0,-0
-0,-0
-0,-0
-0,-0
-0,-0
-0,-0
-0,-0
-0,-0
-0,-0
-0,-0
-0,-0
-0,-0
-0,-0
-0,-0
-0,-0
-0,-0
-0,-0
-0,-0
-0,-0
-0,-0
-0,-0
-0,-0
-0,-0
-0,-0
-0,-0
-0,-0
-0,-0
-0,-0
-0,-0
-0,-0
-0,-0
-0,-0
-0,-0
-0,-0
-0,-0
-0,-0
-0,-0
-0,-0
-0,-0
-0,-0
-0,-0
-0,-0
-0,-0
-0,-0
-0,-0
-0,-0
-0,-0
-0,-0
-0,-0
-0,-0
-0,-0
-0,-0
-0,-0
-0,-0
-0,-0
-0,-0
-0,-0
-0,-0
-0,-0
-0,-0
-0,-0
-0,-0
-0,-0
-0,-0
-0,-0
-0,-0
-0,-0
-0,-0
-0,-0
-0,-0
-0,-0
-0,-0
-0,-0
-0,-0
-0,-0
-0,-0
-0,-0
-0,-0
-0,-0
-0,-0
-0,-0
-0,-0
-0,-0
-0,-0
-0,-0
-0,-0
-0,-0
-0,-0
-0,-0
-0,-0
-0,-0
-0,-0
-0,-0
-0,-0
-0,-0
-0,-0
-0,-0
-0,-0
-0,-0
-0,-0
-0,-0
-0,-0
-0,-0
-0,-0
-0,-0
-0,-0
-0,-0
-0,-0
-0,-0
-0,-0
-0,-0
-0,-0
-0,-0
-0,-0
-0,-0
-0,-0
-0,-0
-0,-0
-0,-0
-0,-0
-0,-0
-0,-0
-0,-0
-0,-0
-0,-0
-0,-0
-0,-0
-0,-0
-0,-0
-0,-0
-0,-0
-0,-0
-0,-0
-0,-0
-0,-0
-0,-0
-0,-0
-0,-0
-0,-0
-0,-0
-0,-0
-0,-0
-0,-0
-0,-0
-0,-0
-0,-0
-0,-0
-0,-0
-0,-0
-0,-0
-0,-0
-0,-0
-0,-0
-0,-0
-0,-0
-0,-0
-0,-0
-0,-0
-0,-0
-0,-0
-0,-0
-0,-0
-0,-0
-0,-0
-0,-0
-0,-0
-0,-0
-0,-0
-0,-0
-0,-0
-0,-0
-0,-0
-0,-0
-0,-0
-0,-0
-0,-0
-0,-0
-0,-0
-0,-0
-0,-0
-0,-0
-0,-0
-0,-0
-0,-0
-0,-0
-0,-0
-0,-0
-0,-0
-0,-0
-0,-0
-0,-0
-0,-0
-0,-0
-0,-0
-0,-0
-0,-0
-0,-0
-0,-0
-0,-0
-0,-0
-0,-0
-0,-0
-0,-0
-0,-0
-0,-0
-0,-0
-0,-0
-0,-0
-0,-0
-0,-0
-0,-0
-0,-0
-0,-0
-0,-0
-0,-0
-0,-0
-0,-0
-0,-0
-0,-0
-0,-0
-0,-0
-0,-0
-0,-0
-0,-0
-0,-0
-0,-0
-0,-0
-0,-0
-0,-0
-0,-0
-0,-0
-0,-0
-0,-0
-0,-0
-0,-0
-0,-0
-0,-0
-0,-0
-0,-0
-0,-0
-0,-0
-0,-0
-0,-0
-0,-0
-0,-0
-0,-0
-0,-0
-0,-0
-0,-0
-0,-0
-0,-0
-0,-0
-0,-0
-0,-0
-0,-0
-0,-0
-0,-0
-0,-0
-0,-0
-0,-0
-0,-0
-0,-0
-0,-0
-0,-0
-0,-0
-0,-0
-0,-0
-0,-0
-0,-0
-0,-0
-0,-0
-0,-0
-0,-0
-0,-0
-0,-0
-0,-0
-0,-0
-0,-0
-0,-0
-0,-0
-0,-0
-0,-0
-0,-0
-0,-0
-0,-0
-0,-0
-0,-0
-0,-0
-0,-0
-0,-0
-0,-0
-0,-0
-0,-0
-0,-0
-0,-0
-0,-0
-0,-0
-0,-0
-0,-0
-0,-0
-0,-0
-0,-0
-0,-0
-0,-0
-0,-0
-0,-0
-0,-0
-0,-0
-0,-0
-0,-0
-0,-0
-0,-0
-0,-0
-0,-0
-0,-0
-0,-0
-0,-0
-0,-0
-0,-0
-0,-0
-0,-0
-0,-0
-0,-0
-0,-0
-0,-0
-0,-0
-0,-0
-0,-0
-0,-0
-0,-0
-0,-0
-0,-0
-0,-0
-0,-0
-0,-0
-0,-0
-0,-0
-0,-0
-0,-0
-0,-0
-0,-0
-0,-0
-0,-0
-0,-0
-0,-0
-0,-0
-0,-0
-0,-0
-0,-0
-0,-0
-0,-0
-0,-0
-0,-0
-0,-0
-0,-0
-0,-0
-0,-0
-0,-0
-0,-0
-0,-0
-0,-0
-0,-0
-0,-0
-0,-0
-0,-0
-0,-0
-0,-0
-0,-0
-0,-0
-0,-0
-0,-0
-0,-0
-0,-0
-0,-0
-0,-0
-0,-0
-0,-0
-0,-0
-0,-0
-0,-0
-0,-0
-0,-0
-0,-0
-0,-0
-0,-0
-0,-0
-0,-0
-0,-0
-0,-0
-0,-0
-0,-0
-0,-0
-0,-0
-0,-0
-0,-0
-0,-0
-0,-0
-0,-0
-0,-0
-0,-0
-0,-0
-0,-0
-0,-0
-0,-0
-0,-0
-0,-0
-0,-0
-0,-0
-0,-0
-0,-0
-0,-0
-0,-0
-0,-0
-0,-0
-0,-0
-0,-0
-0,-0
-0,-0
-0,-0
-0,-0
-0,-0
-0,-0
-0,-0
-0,-0
-0,-0
-0,-0
-0,-0
-0,-0
-0,-0
-0,-0
-0,-0
-0,-0
-0,-0
-0,-0
-0,-0
-0,-0
-0,-0
-0,-0
-0,-0
-0,-0
-0,-0
-0,-0
-0,-0
-0,-0
-0,-0
-0,-0
-0,-0
-0,-0
-0,-0
-0,-0
-0,-0
-0,-0
-0,-0
-0,-0
-0,-0
-0,-0
-0,-0
-0,-0
-0,-0
-0,-0
-0,-0
-0,-0
-0,-0
-0,-0
-0,-0
-0,-0
-0,-0
-0,-0
-0,-0
-0,-0
-0,-0
-0,-0
-0,-0
-0,-0
-0,-0
-0,-0
-0,-0
-0,-0
-0,-0
-0,-0
-0,-0
-0,-0
-0,-0
-0,-0
-0,-0
-0,-0
-0,-0
-0,-0
-0,-0
-0,-0
-0,-0
-0,-0
-0,-0
-0,-0
-0,-0
-0,-0
-0,-0
-0,-0
-0,-0
-0,-0
-0,-0
-0,-0
-0,-0
-0,-0
-0,-0
-0,-0
-0,-0
-0,-0
-0,-0
-0,-0
-0,-0
-0,-0
-0,-0
-0,-0
-0,-0
-0,-0
-0,-0
-0,-0
-0,-0
-0,-0
-0,-0
-0,-0
-0,-0
-0,-0
-0,-0
-0,-0
-0,-0
-0,-0
-0,-0
-0,-0
-0,-0
-0,-0
-0,-0
-0,-0
-0,-0
-0,-0
-0,-0
-0,-0
-0,-0
-0,-0
-0,-0
-0,-0
-0,-0
-0,-0
-0,-0
-0,-0
-0,-0
-0,-0
-0,-0
-0,-0
-0,-0
-0,-0
-0,-0
-0,-0
-0,-0
-0,-0
-0,-0
-0,-0
-0,-0
-0,-0
-0,-0
-0,-0
-0,-0
-0,-0
-0,-0
-0,-0
-0,-0
-0,-0
-0,-0
-0,-0
-0,-0
-0,-0
-0,-0
-0,-0
-0,-0
-0,-0
-0,-0
-0,-0
-0,-0
-0,-0
-0,-0
-0,-0
-0,-0
-0,-0
-0,-0
-0,-0
-0,-0
-0,-0
-0,-0
-0,-0
-0,-0
-0,-0
-0,-0
-0,-0
-0,-0
-0,-0
-0,-0
-0,-0
-0,-0
-0,-0
-0,-0
-0,-0
-0,-0
-0,-0
-0,-0
-0,-0
-0,-0
-0,-0
-0,-0
-0,-0
-0,-0
-0,-0
-0,-0
-0,-0
-0,-0
-0,-0
-0,-0
-0,-0
-0,-0
-0,-0
-0,-0
-0,-0
-0,-0
-0,-0
-0,-0
-0,-0
-0,-0
-0,-0
-0,-0
-0,-0
-0,-0
-0,-0
-0,-0
-0,-0
-0,-0
-0,-0
-0,-0
-0,-0
-0,-0
-0,-0
-0,-0
-0,-0
-0,-0
-0,-0
-0,-0
-0,-0
-0,-0
-0,-0
-0,-0
-0,-0
-0,-0
-0,-0
-0,-0
-0,-0
-0,-0
-0,-0
-0,-0
-0,-0
-0,-0
-0,-0
-0,-0
-0,-0
-0,-0
-0,-0
-0,-0
-0,-0
-0,-0
-0,-0
-0,-0
-0,-0
-0,-0
-0,-0
-0,-0
-0,-0
-0,-0
-0,-0
-0,-0
-0,-0
-0,-0
-0,-0
-0,-0
-0,-0
-0,-0
-0,-0
-0,-0
-0,-0
-0,-0
-0,-0
-0,-0
-0,-0
-0,-0
-0,-0
-0,-0
-0,-0
-0,-0
-0,-0
-0,-0
-0,-0
-0,-0
-0,-0
-0,-0
-0,-0
-0,-0
-0,-0
-0,-0
-0,-0
-0,-0
-0,-0
-0,-0
-0,-0
-0,-0
-0,-0
-0,-0
-0,-0
-0,-0
-0,-0
-0,-0
-0,-0
-0,-0
-0,-0
-0,-0
-0,-0
-0,-0
-0,-0
-0,-0
-0,-0
-0,-0
-0,-0
-0,-0
-0,-0
-0,-0
-0,-0
-0,-0
-0,-0
-0,-0
-0,-0
-0,-0
-0,-0
-0,-0
-0,-0
-0,-0
-0,-0
-0,-0
-0,-0
-0,-0
-0,-0
-0,-0
-0,-0
-0,-0
-0,-0
-0,-0
-0,-0
-0,-0
-0,-0
-0,-0
-0,-0
-0,-0
-0,-0
-0,-0
-0,-0
-0,-0
-0,-0
-0,-0
-0,-0
-0,-0
-0,-0
-0,-0
-0,-0
-0,-0
-0,-0
-0,-0
-0,-0
-0,-0
-0,-0
-0,-0
-0,-0
-0,-0
-0,-0
-0,-0
-0,-0
-0,-0
-0,-0
-0,-0
-0,-0
-0,-0
-0,-0
-0,-0
-0,-0
-0,-0
-0,-0
-0,-0
-0,-0
-0,-0
-0,-0
-0,-0
-0,-0
-0,-0
-0,-0
-0,-0
-0,-0
-0,-0
-0,-0
-0,-0
-0,-0
-0,-0
-0,-0
-0,-0
-0,-0
-0,-0
-0,-0
-0,-0
-0,-0
-0,-0
-0,-0
-0,-0
-0,-0
-0,-0
-0,-0
-0,-0
-0,-0
-0,-0
-0,-0
-0,-0
-0,-0
-0,-0
-0,-0
-0,-0
-0,-0
-0,-0
-0,-0
-0,-0
-0,-0
-0,-0
-0,-0
-0,-0
-0,-0
-0,-0
-0,-0
-0,-0
-0,-0
-0,-0
-0,-0
-0,-0
-0,-0
-0,-0
-0,-0
-0,-0
-0,-0
-0,-0
-0,-0
-0,-0
-0,-0
-0,-0
-0,-0
-0,-0
-0,-0
-0,-0
-0,-0
-0,-0
-0,-0
-0,-0
-0,-0
-0,-0
-0,-0
-0,-0
-0,-0
-0,-0
-0,-0
-0,-0
-0,-0
-0,-0
-0,-0
-0,-0
-0,-0
-0,-0
-0,-0
-0,-0
-0,-0
-0,-0
-0,-0
-0,-0
-0,-0
-0,-0
-0,-0
-0,-0
-0,-0
-0,-0
-0,-0
-0,-0
-0,-0
-0,-0
-0,-0
-0,-0
-0,-0
-0,-0
-0,-0
-0,-0
-0,-0
-0,-0
-0,-0
-0,-0
-0,-0
-0,-0
-0,-0
-0,-0
-0,-0
-0,-0
-0,-0
-0,-0
-0,-0
-0,-0
-0,-0
-0,-0
-0,-0
-0,-0
-0,-0
-0,-0
-0,-0
-0,-0
-0,-0
-0,-0
-0,-0
-0,-0
-0,-0
-0,-0
-0,-0
-0,-0
-0,-0
-0,-0
-0,-0
-0,-0
-0,-0
-0,-0
-0,-0
-0,-0
-0,-0
-0,-0
-0,-0
-0,-0
-0,-0
-0,-0
-0,-0
-0,-0
-0,-0
-0,-0
-0,-0
-0,-0
-0,-0
-0,-0
-0,-0
-0,-0
-0,-0
-0,-0
-0,-0
-0,-0
-0,-0
-0,-0
-0,-0
-0,-0
-0,-0
-0,-0
-0,-0
-0,-0
-0,-0
-0,-0
-0,-0
-0,-0
-0,-0
-0,-0
-0,-0
-0,-0
-0,-0
-0,-0
-0,-0
-0,-0
-0,-0
-0,-0
-0,-0
-0,-0
-0,-0
-0,-0
-0,-0
-0,-0
-0,-0
-0,-0
-0,-0
-0,-0
-0,-0
-0,-0
-0,-0
-0,-0
-0,-0
-0,-0
-0,-0
-0,-0
-0,-0
-0,-0
-0,-0
-0,-0
-0,-0
-0,-0
-0,-0
-0,-0
-0,-0
-0,-0
-0,-0
-0,-0
-0,-0
-0,-0
-0,-0
-0,-0
-0,-0
-0,-0
-0,-0
-0,-0
-0,-0
-0,-0
-0,-0
-0,-0
-0,-0
-0,-0
-0,-0
-0,-0
-0,-0
-0,-0
-0,-0
-0,-0
-0,-0
-0,-0
-0,-0
-0,-0
-0,-0
-0,-0
-0,-0
-0,-0
-0,-0
-0,-0
-0,-0
-0,-0
-0,-0
-0,-0
-0,-0
-0,-0
-0,-0
-0,-0
-0,-0
-0,-0
-0,-0
-0,-0
-0,-0
-0,-0
-0,-0
-0,-0
-0,-0
-0,-0
-0,-0
-0,-0
-0,-0
-0,-0
-0,-0
-0,-0
-0,-0
-0,-0
-0,-0
-0,-0
-0,-0
-0,-0
-0,-0
-0,-0
-0,-0
-0,-0
-0,-0
-0,-0
-0,-0
-0,-0
-0,-0
-0,-0
-0,-0
-0,-0
-0,-0
-0,-0
-0,-0
-0,-0
-0,-0
-0,-0
-0,-0
-0,-0
-0,-0
-0,-0
-0,-0
-0,-0
-0,-0
-0,-0
-0,-0
-0,-0
-0,-0
-0,-0
-0,-0
-0,-0
-0,-0
-0,-0
-0,-0
-0,-0
-0,-0
-0,-0
-0,-0
-0,-0
-0,-0
-0,-0
-0,-0
-0,-0
-0,-0
-0,-0
-0,-0
-0,-0
-0,-0
-0,-0
-0,-0
-0,-0
-0,-0
-0,-0
-0,-0
-0,-0
-0,-0
-0,-0
-0,-0
-0,-0
-0,-0
-0,-0
-0,-0
-0,-0
-0,-0
-0,-0
-0,-0
-0,-0
-0,-0
-0,-0
-0,-0
-0,-0
-0,-0
-0,-0
-0,-0
-0,-0
-0,-0
-0,-0
-0,-0
-0,-0
-0,-0
-0,-0
-0,-0
-0,-0
-0,-0
-0,-0
-0,-0
-0,-0
-0,-0
-0,-0
-0,-0
-0,-0
-0,-0
-0,-0
-0,-0
-0,-0
-0,-0
-0,-0
-0,-0
-0,-0
-0,-0
-0,-0
-0,-0
-0,-0
-0,-0
-0,-0
-0,-0
-0,-0
-0,-0
-0,-0
-0,-0
-0,-0
-0,-0
-0,-0
-0,-0
-0,-0
-0,-0
-0,-0
-0,-0
-0,-0
-0,-0
-0,-0
-0,-0
-0,-0
-0,-0
-0,-0
-0,-0
-0,-0
-0,-0
-0,-0
-0,-0
-0,-0
-0,-0
-0,-0
-0,-0
-0,-0
-0,-0
-0,-0
-0,-0
-0,-0
-0,-0
-0,-0
-0,-0
-0,-0
-0,-0
-0,-0
-0,-0
-0,-0
-0,-0
-0,-0
-0,-0
-0,-0
-0,-0
-0,-0
-0,-0
-0,-0
-0,-0
-0,-0
-0,-0
-0,-0
-0,-0
-0,-0
-0,-0
-0,-0
-0,-0
-0,-0
-0,-0
-0,-0
-0,-0
-0,-0
-0,-0
-0,-0
-0,-0
-0,-0
-0,-0
-0,-0
-0,-0
-0,-0
-0,-0
-0,-0
-0,-0
-0,-0
-0,-0
-0,-0
-0,-0
-0,-0
-0,-0
-0,-0
-0,-0
-0,-0
-0,-0
-0,-0
-0,-0
-0,-0
-0,-0
-0,-0
-0,-0
-0,-0
-0,-0
-0,-0
-0,-0
-0,-0
-0,-0
-0,-0
-0,-0
-0,-0
-0,-0
-0,-0
-0,-0
-0,-0
-0,-0
-0,-0
-0,-0
-0,-0
-0,-0
-0,-0
-0,-0
-0,-0
-0,-0
-0,-0
-0,-0
-0,-0
-0,-0
-0,-0
-0,-0
-0,-0
-0,-0
-0,-0
-0,-0
-0,-0
-0,-0
-0,-0
-0,-0
-0,-0
-0,-0
-0,-0
-0,-0
-0,-0
-0,-0
-0,-0
-0,-0
-0,-0
-0,-0
-0,-0
-0,-0
-0,-0
-0,-0
-0,-0
-0,-0
-0,-0
-0,-0
-0,-0
-0,-0
-0,-0
-0,-0
-0,-0
-0,-0
-0,-0
-0,-0
-0,-0
-0,-0
-0,-0
-0,-0
-0,-0
-0,-0
-0,-0
-0,-0
-0,-0
-0,-0
-0,-0
-0,-0
-0,-0
-0,-0
-0,-0
-0,-0
-0,-0
-0,-0
-0,-0
-0,-0
-0,-0
-0,-0
-0,-0
-0,-0
-0,-0
-0,-0
-0,-0
-0,-0
-0,-0
-0,-0
-0,-0
-0,-0
-0,-0
-0,-0
-0,-0
-0,-0
-0,-0
-0,-0
-0,-0
-0,-0
-0,-0
-0,-0
-0,-0
-0,-0
-0,-0
-0,-0
-0,-0
-0,-0
-0,-0
-0,-0
-0,-0
-0,-0
-0,-0
-0,-0
-0,-0
-0,-0
-0,-0
-0,-0
-0,-0
-0,-0
-0,-0
-0,-0
-0,-0
-0,-0
-0,-0
-0,-0
-0,-0
-0,-0
-0,-0
-0,-0
-0,-0
-0,-0
-0,-0
-0,-0
-0,-0
-0,-0
-0,-0
-0,-0
-0,-0
-0,-0
-0,-0
-0,-0
-0,-0
-0,-0
-0,-0
-0,-0
-0,-0
-0,-0
-0,-0
-0,-0
-0,-0
-0,-0
-0,-0
-0,-0
-0,-0
-0,-0
-0,-0
-0,-0
-0,-0
-0,-0
-0,-0
-0,-0
-0,-0
-0,-0
-0,-0
-0,-0
-0,-0
-0,-0
-0,-0
-0,-0
-0,-0
-0,-0
-0,-0
-0,-0
-0,-0
-0,-0
-0,-0
-0,-0
-0,-0
-0,-0
-0,-0
-0,-0
-0,-0
-0,-0
-0,-0
-0,-0
-0,-0
-0,-0
-0,-0
-0,-0
-0,-0
-0,-0
-0,-0
-0,-0
-0,-0
-0,-0
-0,-0
-0,-0
-0,-0
-0,-0
-0,-0
-0,-0
-0,-0
-0,-0
-0,-0
-0,-0
-0,-0
-0,-0
-0,-0
-0,-0
-0,-0
-0,-0
-0,-0
-0,-0
-0,-0
-0,-0
-0,-0
-0,-0
-0,-0
-0,-0
-0,-0
-0,-0
-0,-0
-0,-0
-0,-0
-0,-0
-0,-0
-0,-0
-0,-0
-0,-0
-0,-0
-0,-0
-0,-0
-0,-0
-0,-0
-0,-0
-0,-0
-0,-0
-0,-0
-0,-0
-0,-0
-0,-0
-0,-0
-0,-0
-0,-0
-0,-0
-0,-0
-0,-0
-0,-0
-0,-0
-0,-0
-0,-0
-0,-0
-0,-0
-0,-0
-0,-0
-0,-0
-0,-0
-0,-0
-0,-0
-0,-0
-0,-0
-0,-0
-0,-0
-0,-0
-0,-0
-0,-0
-0,-0
-0,-0
-0,-0
-0,-0
-0,-0
-0,-0
-0,-0
-0,-0
-0,-0
-0,-0
-0,-0
-0,-0
-0,-0
-0,-0
-0,-0
-0,-0
-0,-0
-0,-0
-0,-0
-0,-0
-0,-0
-0,-0
-0,-0
-0,-0
-0,-0
-0,-0
-0,-0
-0,-0
-0,-0
-0,-0
-0,-0
-0,-0
-0,-0
-0,-0
-0,-0
-0,-0
-0,-0
-0,-0
-0,-0
-0,-0
-0,-0
-0,-0
-0,-0
-0,-0
-0,-0
-0,-0
-0,-0
-0,-0
-0,-0
-0,-0
-0,-0
-0,-0
-0,-0
-0,-0
-0,-0
-0,-0
-0,-0
-0,-0
-0,-0
-0,-0
-0,-0
-0,-0
-0,-0
-0,-0
-0,-0
-0,-0
-0,-0
-0,-0
-0,-0
-0,-0
-0,-0
-0,-0
-0,-0
-0,-0
-0,-0
-0,-0
-0,-0
-0,-0
-0,-0
-0,-0
-0,-0
-0,-0
-0,-0
-0,-0
-0,-0
-0,-0
-0,-0
-0,-0
-0,-0
-0,-0
-0,-0
-0,-0
-0,-0
-0,-0
-0,-0
-0,-0
-0,-0
-0,-0
-0,-0
-0,-0
-0,-0
-0,-0
-0,-0
-0,-0
-0,-0
-0,-0
-0,-0
-0,-0
-0,-0
-0,-0
-0,-0
-0,-0
-0,-0
-0,-0
-0,-0
-0,-0
-0,-0
-0,-0
-0,-0
-0,-0
-0,-0
-0,-0
-0,-0
-0,-0
-0,-0
-0,-0
-0,-0
-0,-0
-0,-0
-0,-0
-0,-0
-0,-0
-0,-0
-0,-0
-0,-0
-0,-0
-0,-0
-0,-0
-0,-0
-0,-0
-0,-0
-0,-0
-0,-0
-0,-0
-0,-0
-0,-0
-0,-0
-0,-0
-0,-0
-0,-0
-0,-0
-0,-0
-0,-0
-0,-0
-0,-0
-0,-0
-0,-0
-0,-0
-0,-0
-0,-0
-0,-0
-0,-0
-0,-0
-0,-0
-0,-0
-0,-0
-0,-0
-0,-0
-0,-0
-0,-0
-0,-0
-0,-0
-0,-0
-0,-0
-0,-0
-0,-0
-0,-0
-0,-0
-0,-0
-0,-0
-0,-0
-0,-0
-0,-0
-0,-0
-0,-0
-0,-0
-0,-0
-0,-0
-0,-0
-0,-0
-0,-0
-0,-0
-0,-0
-0,-0
-0,-0
-0,-0
-0,-0
-0,-0
-0,-0
-0,-0
-0,-0
-0,-0
-0,-0
-0,-0
-0,-0
-0,-0
-0,-0
-0,-0
-0,-0
-0,-0
-0,-0
-0,-0
-0,-0
-0,-0
-0,-0
-0,-0
-0,-0
-0,-0
-0,-0
-0,-0
-0,-0
-0,-0
-0,-0
-0,-0
-0,-0
-0,-0
-0,-0
-0,-0
-0,-0
-0,-0
-0,-0
-0,-0
-0,-0
-0,-0
-0,-0
-0,-0
-0,-0
-0,-0
-0,-0
-0,-0
-0,-0
-0,-0
-0,-0
-0,-0
-0,-0
-0,-0
-0,-0
-0,-0
-0,-0
-0,-0
-0,-0
-0,-0
-0,-0
-0,-0
-0,-0
-0,-0
-0,-0
-0,-0
-0,-0
-0,-0
-0,-0
-0,-0
-0,-0
-0,-0
-0,-0
-0,-0
-0,-0
-0,-0
-0,-0
-0,-0
-0,-0
-0,-0
-0,-0
-0,-0
-0,-0
-0,-0
-0,-0
-0,-0
-0,-0
-0,-0
-0,-0
-0,-0
-0,-0
-0,-0
-0,-0
-0,-0
-0,-0
-0,-0
-0,-0
-0,-0
-0,-0
-0,-0
-0,-0
-0,-0
-0,-0
-0,-0
-0,-0
-0,-0
-0,-0
-0,-0
-0,-0
-0,-0
-0,-0
-0,-0
-0,-0
-0,-0
-0,-0
-0,-0
-0,-0
-0,-0
-0,-0
-0,-0
-0,-0
-0,-0
-0,-0
-0,-0
-0,-0
-0,-0
-0,-0
-0,-0
-0,-0
-0,-0
-0,-0
-0,-0
-0,-0
-0,-0
-0,-0
-0,-0
-0,-0
-0,-0
-0,-0
-0,-0
-0,-0
-0,-0
-0,-0
-0,-0
-0,-0
-0,-0
-0,-0
-0,-0
-0,-0
-0,-0
-0,-0
-0,-0
-0,-0
-0,-0
-0,-0
-0,-0
-0,-0
-0,-0
-0,-0
-0,-0
-0,-0
-0,-0
-0,-0
-0,-0
-0,-0
-0,-0
-0,-0
-0,-0
-0,-0
-0,-0
-0,-0
-0,-0
-0,-0
-0,-0
-0,-0
-0,-0
-0,-0
-0,-0
-0,-0
-0,-0
-0,-0
-0,-0
-0,-0
-0,-0
-0,-0
-0,-0
-0,-0
-0,-0
-0,-0
-0,-0
-0,-0
-0,-0
-0,-0
-0,-0
-0,-0
-0,-0
-0,-0
-0,-0
-0,-0
-0,-0
-0,-0
-0,-0
-0,-0
-0,-0
-0,-0
-0,-0
-0,-0
-0,-0
-0,-0
-0,-0
-0,-0
-0,-0
-0,-0
-0,-0
-0,-0
-0,-0
-0,-0
-0,-0
-0,-0
-0,-0
-0,-0
-0,-0
-0,-0
-0,-0
-0,-0
-0,-0
-0,-0
-0,-0
-0,-0
-0,-0
-0,-0
-0,-0
-0,-0
-0,-0
-0,-0
-0,-0
-0,-0
-0,-0
-0,-0
-0,-0
-0,-0
-0,-0
-0,-0
-0,-0
-0,-0
-0,-0
-0,-0
-0,-0
-0,-0
-0,-0
-0,-0
-0,-0
-0,-0
-0,-0
-0,-0
-0,-0
-0,-0
-0,-0
-0,-0
-0,-0
-0,-0
-0,-0
-0,-0
-0,-0
-0,-0
-0,-0
-0,-0
-0,-0
-0,-0
-0,-0
-0,-0
-0,-0
-0,-0
-0,-0
-0,-0
-0,-0
-0,-0
-0,-0
-0,-0
-0,-0
-0,-0
-0,-0
-0,-0
-0,-0
-0,-0
-0,-0
-0,-0
-0,-0
-0,-0
-0,-0
-0,-0
-0,-0
-0,-0
-0,-0
-0,-0
-0,-0
-0,-0
-0,-0
-0,-0
-0,-0
-0,-0
-0,-0
-0,-0
-0,-0
-0,-0
-0,-0
-0,-0
-0,-0
-0,-0
-0,-0
-0,-0
-0,-0
-0,-0
-0,-0
-0,-0
-0,-0
-0,-0
-0,-0
-0,-0
-0,-0
-0,-0
-0,-0
-0,-0
-0,-0
-0,-0
-0,-0
-0,-0
-0,-0
-0,-0
-0,-0
-0,-0
-0,-0
-0,-0
-0,-0
-0,-0
-0,-0
-0,-0
-0,-0
-0,-0
-0,-0
-0,-0
-0,-0
-0,-0
-0,-0
-0,-0
-0,-0
-0,-0
-0,-0
-0,-0
-0,-0
-0,-0
-0,-0
-0,-0
-0,-0
-0,-0
-0,-0
-0,-0
-0,-0
-0,-0
-0,-0
-0,-0
-0,-0
-0,-0
-0,-0
-0,-0
-0,-0
-0,-0
-0,-0
-0,-0
-0,-0
-0,-0
-0,-0
-0,-0
-0,-0
-0,-0
-0,-0
-0,-0
-0,-0
-0,-0
-0,-0
-0,-0
-0,-0
-0,-0
-0,-0
-0,-0
-0,-0
-0,-0
-0,-0
-0,-0
-0,-0
-0,-0
-0,-0
-0,-0
-0,-0
-0,-0
-0,-0
-0,-0
-0,-0
-0,-0
-0,-0
-0,-0
-0,-0
-0,-0
-0,-0
-0,-0
-0,-0
-0,-0
-0,-0
-0,-0
-0,-0
-0,-0
-0,-0
-0,-0
-0,-0
-0,-0
-0,-0
-0,-0
-0,-0
-0,-0
-0,-0
-0,-0
-0,-0
-0,-0
-0,-0
-0,-0
-0,-0
-0,-0
-0,-0
-0,-0
-0,-0
-0,-0
-0,-0
-0,-0
-0,-0
-0,-0
-0,-0
-0,-0
-0,-0
-0,-0
-0,-0
-0,-0
-0,-0
-0,-0
-0,-0
-0,-0
-0,-0
-0,-0
-0,-0
-0,-0
-0,-0
-0,-0
-0,-0
-0,-0
-0,-0
-0,-0
-0,-0
-0,-0
-0,-0
-0,-0
-0,-0
-0,-0
-0,-0
-0,-0
-0,-0
-0,-0
-0,-0
-0,-0
-0,-0
-0,-0
-0,-0
-0,-0
-0,-0
-0,-0
-0,-0
-0,-0
-0,-0
-0,-0
-0,-0
-0,-0
-0,-0
-0,-0
-0,-0
-0,-0
-0,-0
-0,-0
-0,-0
-0,-0
-0,-0
-0,-0
-0,-0
-0,-0
-0,-0
-0,-0
-0,-0
-0,-0
-0,-0
-0,-0
-0,-0
-0,-0
-0,-0
-0,-0
-0,-0
-0,-0
-0,-0
-0,-0
-0,-0
-0,-0
-0,-0
-0,-0
-0,-0
-0,-0
-0,-0
-0,-0
-0,-0
-0,-0
-0,-0
-0,-0
-0,-0
-0,-0
-0,-0
-0,-0
-0,-0
-0,-0
-0,-0
-0,-0
-0,-0
-0,-0
-0,-0
-0,-0
-0,-0
-0,-0
-0,-0
-0,-0
-0,-0
-0,-0
-0,-0
-0,-0
-0,-0
-0,-0
-0,-0
-0,-0
-0,-0
-0,-0
-0,-0
-0,-0
-0,-0
-0,-0
-0,-0
-0,-0
-0,-0
-0,-0
-0,-0
-0,-0
-0,-0
-0,-0
-0,-0
-0,-0
-0,-0
-0,-0
-0,-0
-0,-0
-0,-0
-0,-0
-0,-0
-0,-0
-0,-0
-0,-0
-0,-0
-0,-0
-0,-0
-0,-0
-0,-0
-0,-0
-0,-0
-0,-0
-0,-0
-0,-0
-0,-0
-0,-0
-0,-0
-0,-0
-0,-0
-0,-0
-0,-0
-0,-0
-0,-0
-0,-0
-0,-0
-0,-0
-0,-0
-0,-0
-0,-0
-0,-0
-0,-0
-0,-0
-0,-0
-0,-0
-0,-0
-0,-0
-0,-0
-0,-0
-0,-0
-0,-0
-0,-0
-0,-0
-0,-0
-0,-0
-0,-0
-0,-0
-0,-0
-0,-0
-0,-0
-0,-0
-0,-0
-0,-0
-0,-0
-0,-0
-0,-0
-0,-0
-0,-0
-0,-0
-0,-0
-0,-0
-0,-0
-0,-0
-0,-0
-0,-0
-0,-0
-0,-0
-0,-0
-0,-0
-0,-0
-0,-0
-0,-0
-0,-0
-0,-0
-0,-0
-0,-0
-0,-0
-0,-0
-0,-0
-0,-0
-0,-0
-0,-0
-0,-0
-0,-0
-0,-0
-0,-0
-0,-0
-0,-0
-0,-0
-0,-0
-0,-0
-0,-0
-0,-0
-0,-0
-0,-0
-0,-0
-0,-0
-0,-0
-0,-0
-0,-0
-0,-0
-0,-0
-0,-0
-0,-0
-0,-0
-0,-0
-0,-0
-0,-0
-0,-0
-0,-0
-0,-0
-0,-0
-0,-0
-0,-0
-0,-0
-0,-0
-0,-0
-0,-0
-0,-0
-0,-0
-0,-0
-0,-0
-0,-0
-0,-0
-0,-0
-0,-0
-0,-0
-0,-0
-0,-0
-0,-0
-0,-0
-0,-0
-0,-0
-0,-0
-0,-0
-0,-0
-0,-0
-0,-0
-0,-0
-0,-0
-0,-0
-0,-0
-0,-0
-0,-0
-0,-0
-0,-0
-0,-0
-0,-0
-0,-0
-0,-0
-0,-0
-0,-0
-0,-0
-0,-0
-0,-0
-0,-0
-0,-0
-0,-0
-0,-0
-0,-0
-0,-0
-0,-0
-0,-0
-0,-0
-0,-0
-0,-0
-0,-0
-0,-0
-0,-0
-0,-0
-0,-0
-0,-0
-0,-0
-0,-0
-0,-0
-0,-0
-0,-0
-0,-0
-0,-0
-0,-0
-0,-0
-0,-0
-0,-0
-0,-0
-0,-0
-0,-0
-0,-0
-0,-0
-0,-0
-0,-0
-0,-0
-0,-0
-0,-0
-0,-0
-0,-0
-0,-0
-0,-0
-0,-0
-0,-0
-0,-0
-0,-0
-0,-0
-0,-0
-0,-0
-0,-0
-0,-0
-0,-0
-0,-0
-0,-0
-0,-0
-0,-0
-0,-0
-0,-0
-0,-0
-0,-0
-0,-0
-0,-0
-0,-0
-0,-0
-0,-0
-0,-0
-0,-0
-0,-0
-0,-0
-0,-0
-0,-0
-0,-0
-0,-0
-0,-0
-0,-0
-0,-0
-0,-0
-0,-0
-0,-0
-0,-0
-0,-0
-0,-0
-0,-0
-0,-0
-0,-0
-0,-0
-0,-0
-0,-0
-0,-0
-0,-0
-0,-0
-0,-0
-0,-0
-0,-0
-0,-0
-0,-0
-0,-0
-0,-0
-0,-0
-0,-0
-0,-0
-0,-0
-0,-0
-0,-0
-0,-0
-0,-0
-0,-0
-0,-0
-0,-0
-0,-0
-0,-0
-0,-0
-0,-0
-0,-0
-0,-0
-0,-0
-0,-0
-0,-0
-0,-0
-0,-0
-0,-0
-0,-0
-0,-0
-0,-0
-0,-0
-0,-0
-0,-0
-0,-0
-0,-0
-0,-0
-0,-0
-0,-0
-0,-0
-0,-0
-0,-0
-0,-0
-0,-0
-0,-0
-0,-0
-0,-0
-0,-0
-0,-0
-0,-0
-0,-0
-0,-0
-0,-0
-0,-0
-0,-0
-0,-0
-0,-0
-0,-0
-0,-0
-0,-0
-0,-0
-0,-0
-0,-0
-0,-0
-0,-0
-0,-0
-0,-0
-0,-0
-0,-0
-0,-0
-0,-0
-0,-0
-0,-0
-0,-0
-0,-0
-0,-0
-0,-0
-0,-0
-0,-0
-0,-0
-0,-0
-0,-0
-0,-0
-0,-0
-0,-0
-0,-0
-0,-0
-0,-0
-0,-0
-0,-0
-0,-0
-0,-0
-0,-0
-0,-0
-0,-0
-0,-0
-0,-0
-0,-0
-0,-0
-0,-0
-0,-0
-0,-0
-0,-0
-0,-0
-0,-0
-0,-0
-0,-0
-0,-0
-0,-0
-0,-0
-0,-0
-0,-0
-0,-0
-0,-0
-0,-0
-0,-0
-0,-0
-0,-0
-0,-0
-0,-0
-0,-0
-0,-0
-0,-0
-0,-0
-0,-0
-0,-0
-0,-0
-0,-0
-0,-0
-0,-0
-0,-0
-0,-0
-0,-0
-0,-0
-0,-0
-0,-0
-0,-0
-0,-0
-0,-0
-0,-0
-0,-0
-0,-0
-0,-0
-0,-0
-0,-0
-0,-0
-0,-0
-0,-0
-0,-0
-0,-0
-0,-0
-0,-0
-0,-0
-0,-0
-0,-0
-0,-0
-0,-0
-0,-0
-0,-0
-0,-0
-0,-0
-0,-0
-0,-0
-0,-0
-0,-0
-0,-0
-0,-0
-0,-0
-0,-0
-0,-0
-0,-0
-0,-0
-0,-0
-0,-0
-0,-0
-0,-0
-0,-0
-0,-0
-0,-0
-0,-0
-0,-0
-0,-0
-0,-0
-0,-0
-0,-0
-0,-0
-0,-0
-0,-0
-0,-0
-0,-0
-0,-0
-0,-0
-0,-0
-0,-0
-0,-0
-0,-0
-0,-0
-0,-0
-0,-0
-0,-0
-0,-0
-0,-0
-0,-0
-0,-0
-0,-0
-0,-0
-0,-0
-0,-0
-0,-0
-0,-0
-0,-0
-0,-0
-0,-0
-0,-0
-0,-0
-0,-0
-0,-0
-0,-0
-0,-0
-0,-0
-0,-0
-0,-0
-0,-0
-0,-0
-0,-0
-0,-0
-0,-0
-0,-0
-0,-0
-0,-0
-0,-0
-0,-0
-0,-0
-0,-0
-0,-0
-0,-0
-0,-0
-0,-0
-0,-0
-0,-0
-0,-0
-0,-0
-0,-0
-0,-0
-0,-0
-0,-0
-0,-0
-0,-0
-0,-0
-0,-0
-0,-0
-0,-0
-0,-0
-0,-0
-0,-0
-0,-0
-0,-0
-0,-0
-0,-0
-0,-0
-0,-0
-0,-0
-0,-0
-0,-0
-0,-0
-0,-0
-0,-0
-0,-0
-0,-0
-0,-0
-0,-0
-0,-0
-0,-0
-0,-0
-0,-0
-0,-0
-0,-0
-0,-0
-0,-0
-0,-0
-0,-0
-0,-0
-0,-0
-0,-0
-0,-0
-0,-0
-0,-0
-0,-0
-0,-0
-0,-0
-0,-0
-0,-0
-0,-0
-0,-0
-0,-0
-0,-0
-0,-0
-0,-0
-0,-0
-0,-0
-0,-0
-0,-0
-0,-0
-0,-0
-0,-0
-0,-0
-0,-0
-0,-0
-0,-0
-0,-0
-0,-0
-0,-0
-0,-0
-0,-0
-0,-0
-0,-0
-0,-0
-0,-0
-0,-0
-0,-0
-0,-0
-0,-0
-0,-0
-0,-0
-0,-0
-0,-0
-0,-0
-0,-0
-0,-0
-0,-0
-0,-0
-0,-0
-0,-0
-0,-0
-0,-0
-0,-0
-0,-0
-0,-0
-0,-0
-0,-0
-0,-0
-0,-0
-0,-0
-0,-0
-0,-0
-0,-0
-0,-0
-0,-0
-0,-0
-0,-0
-0,-0
-0,-0
-0,-0
-0,-0
-0,-0
-0,-0
-0,-0
-0,-0
-0,-0
-0,-0
-0,-0
-0,-0
-0,-0
-0,-0
-0,-0
-0,-0
-0,-0
-0,-0
-0,-0
-0,-0
-0,-0
-0,-0
-0,-0
-0,-0
-0,-0
-0,-0
-0,-0
-0,-0
-0,-0
-0,-0
-0,-0
-0,-0
-0,-0
-0,-0
-0,-0
-0,-0
-0,-0
-0,-0
-0,-0
-0,-0
-0,-0
-0,-0
-0,-0
-0,-0
-0,-0
-0,-0
-0,-0
-0,-0
-0,-0
-0,-0
-0,-0
-0,-0
-0,-0
-0,-0
-0,-0
-0,-0
-0,-0
-0,-0
-0,-0
-0,-0
-0,-0
-0,-0
-0,-0
-0,-0
-0,-0
-0,-0
-0,-0
-0,-0
-0,-0
-0,-0
-0,-0
-0,-0
-0,-0
-0,-0
-0,-0
-0,-0
-0,-0
-0,-0
-0,-0
-0,-0
-0,-0
-0,-0
-0,-0
-0,-0
-0,-0
-0,-0
-0,-0
-0,-0
-0,-0
-0,-0
-0,-0
-0,-0
-0,-0
-0,-0
-0,-0
-0,-0
-0,-0
-0,-0
-0,-0
-0,-0
-0,-0
-0,-0
-0,-0
-0,-0
-0,-0
-0,-0
-0,-0
-0,-0
-0,-0
-0,-0
-0,-0
-0,-0
-0,-0
-0,-0
-0,-0
-0,-0
-0,-0
-0,-0
-0,-0
-0,-0
-0,-0
-0,-0
-0,-0
-0,-0
-0,-0
-0,-0
-0,-0
-0,-0
-0,-0
-0,-0
-0,-0
-0,-0
-0,-0
-0,-0
-0,-0
-0,-0
-0,-0
-0,-0
-0,-0
-0,-0
-0,-0
-0,-0
-0,-0
-0,-0
-0,-0
-0,-0
-0,-0
-0,-0
-0,-0
-0,-0
-0,-0
-0,-0
-0,-0
-0,-0
-0,-0
-0,-0
-0,-0
-0,-0
-0,-0
-0,-0
-0,-0
-0,-0
-0,-0
-0,-0
-0,-0
-0,-0
-0,-0
-0,-0
-0,-0
-0,-0
-0,-0
-0,-0
-0,-0
-0,-0
-0,-0
-0,-0
-0,-0
-0,-0
-0,-0
-0,-0
-0,-0
-0,-0
-0,-0
-0,-0
-0,-0
-0,-0
-0,-0
-0,-0
-0,-0
-0,-0
-0,-0
-0,-0
-0,-0
-0,-0
-0,-0
-0,-0
-0,-0
-0,-0
-0,-0
-0,-0
-0,-0
-0,-0
-0,-0
-0,-0
-0,-0
-0,-0
-0,-0
-0,-0
-0,-0
-0,-0
-0,-0
-0,-0
-0,-0
-0,-0
-0,-0
-0,-0
-0,-0
-0,-0
-0,-0
-0,-0
-0,-0
-0,-0
-0,-0
-0,-0
-0,-0
-0,-0
-0,-0
-0,-0
-0,-0
-0,-0
-0,-0
-0,-0
-0,-0
-0,-0
-0,-0
-0,-0
-0,-0
-0,-0
-0,-0
-0,-0
-0,-0
-0,-0
-0,-0
-0,-0
-0,-0
-0,-0
-0,-0
-0,-0
-0,-0
-0,-0
-0,-0
-0,-0
-0,-0
-0,-0
-0,-0
-0,-0
-0,-0
-0,-0
-0,-0
-0,-0
-0,-0
-0,-0
-0,-0
-0,-0
-0,-0
-0,-0
-0,-0
-0,-0
-0,-0
-0,-0
-0,-0
-0,-0
-0,-0
-0,-0
-0,-0
-0,-0
-0,-0
-0,-0
-0,-0
-0,-0
-0,-0
-0,-0
-0,-0
-0,-0
-0,-0
-0,-0
-0,-0
-0,-0
-0,-0
-0,-0
-0,-0
-0,-0
-0,-0
-0,-0
-0,-0
-0,-0
-0,-0
-0,-0
-0,-0
-0,-0
-0,-0
-0,-0
-0,-0
-0,-0
-0,-0
-0,-0
-0,-0
-0,-0
-0,-0
-0,-0
-0,-0
-0,-0
-0,-0
-0,-0
-0,-0
-0,-0
-0,-0
-0,-0
-0,-0
-0,-0
-0,-0
-0,-0
-0,-0
-0,-0
-0,-0
-0,-0
-0,-0
-0,-0
-0,-0
-0,-0
-0,-0
-0,-0
-0,-0
-0,-0
-0,-0
-0,-0
-0,-0
-0,-0
-0,-0
-0,-0
-0,-0
-0,-0
-0,-0
-0,-0
-0,-0
-0,-0
-0,-0
-0,-0
-0,-0
-0,-0
-0,-0
-0,-0
-0,-0
-0,-0
-0,-0
-0,-0
-0,-0
-0,-0
-0,-0
-0,-0
-0,-0
-0,-0
-0,-0
-0,-0
-0,-0
-0,-0
-0,-0
-0,-0
-0,-0
-0,-0
-0,-0
-0,-0
-0,-0
-0,-0
-0,-0
-0,-0
-0,-0
-0,-0
-0,-0
-0,-0
-0,-0
-0,-0
-0,-0
-0,-0
-0,-0
-0,-0
-0,-0
-0,-0
-0,-0
-0,-0
-0,-0
-0,-0
-0,-0
-0,-0
-0,-0
-0,-0
-0,-0
-0,-0
-0,-0
-0,-0
-0,-0
-0,-0
-0,-0
-0,-0
-0,-0
-0,-0
-0,-0
-0,-0
-0,-0
-0,-0
-0,-0
-0,-0
-0,-0
-0,-0
-0,-0
-0,-0
-0,-0
-0,-0
-0,-0
-0,-0
-0,-0
-0,-0
-0,-0
-0,-0
-0,-0
-0,-0
-0,-0
-0,-0
-0,-0
-0,-0
-0,-0
-0,-0
-0,-0
-0,-0
-0,-0
-0,-0
-0,-0
-0,-0
-0,-0
-0,-0
-0,-0
-0,-0
-0,-0
-0,-0
-0,-0
-0,-0
-0,-0
-0,-0
-0,-0
-0,-0
-0,-0
-0,-0
-0,-0
-0,-0
-0,-0
-0,-0
-0,-0
-0,-0
-0,-0
-0,-0
-0,-0
-0,-0
-0,-0
-0,-0
-0,-0
-0,-0
-0,-0
-0,-0
-0,-0
-0,-0
-0,-0
-0,-0
-0,-0
-0,-0
-0,-0
-0,-0
-0,-0
-0,-0
-0,-0
-0,-0
-0,-0
-0,-0
-0,-0
-0,-0
-0,-0
-0,-0
-0,-0
-0,-0
-0,-0
-0,-0
-0,-0
-0,-0
-0,-0
-0,-0
-0,-0
-0,-0
-0,-0
-0,-0
-0,-0
-0,-0
-0,-0
-0,-0
-0,-0
-0,-0
-0,-0
-0,-0
-0,-0
-0,-0
-0,-0
-0,-0
-0,-0
-0,-0
-0,-0
-0,-0
-0,-0
-0,-0
-0,-0
-0,-0
-0,-0
-0,-0
-0,-0
-0,-0
-0,-0
-0,-0
-0,-0
-0,-0
-0,-0
-0,-0
-0,-0
-0,-0
-0,-0
-0,-0
-0,-0
-0,-0
-0,-0
-0,-0
-0,-0
-0,-0
-0,-0
-0,-0
-0,-0
-0,-0
-0,-0
-0,-0
-0,-0
-0,-0
-0,-0
-0,-0
-0,-0
-0,-0
-0,-0
-0,-0
-0,-0
-0,-0
-0,-0
-0,-0
-0,-0
-0,-0
-0,-0
-0,-0
-0,-0
-0,-0
-0,-0
-0,-0
-0,-0
-0,-0
-0,-0
-0,-0
-0,-0
-0,-0
-0,-0
-0,-0
-0,-0
-0,-0
-0,-0
-0,-0
-0,-0
-0,-0
-0,-0
-0,-0
-0,-0
-0,-0
-0,-0
-0,-0
-0,-0
-0,-0
-0,-0
-0,-0
-0,-0
-0,-0
-0,-0
-0,-0
-0,-0
-0,-0
-0,-0
-0,-0
-0,-0
-0,-0
-0,-0
-0,-0
-0,-0
-0,-0
-0,-0
-0,-0
-0,-0
-0,-0
-0,-0
-0,-0
-0,-0
-0,-0
-0,-0
-0,-0
-0,-0
-0,-0
-0,-0
-0,-0
-0,-0
-0,-0
-0,-0
-0,-0
-0,-0
-0,-0
-0,-0
-0,-0
-0,-0
-0,-0
-0,-0
-0,-0
-0,-0
-0,-0
-0,-0
-0,-0
-0,-0
-0,-0
-0,-0
-0,-0
-0,-0
-0,-0
-0,-0
-0,-0
-0,-0
-0,-0
-0,-0
-0,-0
-0,-0
-0,-0
-0,-0
-0,-0
-0,-0
-0,-0
-0,-0
-0,-0
-0,-0
-0,-0
-0,-0
-0,-0
-0,-0
-0,-0
-0,-0
-0,-0
-0,-0
-0,-0
-0,-0
-0,-0
-0,-0
-0,-0
-0,-0
-0,-0
-0,-0
-0,-0
-0,-0
-0,-0
-0,-0
-0,-0
-0,-0
-0,-0
-0,-0
-0,-0
-0,-0
-0,-0
-0,-0
-0,-0
-0,-0
-0,-0
-0,-0
-0,-0
-0,-0
-0,-0
-0,-0
-0,-0
-0,-0
-0,-0
-0,-0
-0,-0
-0,-0
-0,-0
-0,-0
-0,-0
-0,-0
-0,-0
-0,-0
-0,-0
-0,-0
-0,-0
-0,-0
-0,-0
-0,-0
-0,-0
-0,-0
-0,-0
-0,-0
-0,-0
-0,-0
-0,-0
-0,-0
-0,-0
-0,-0
-0,-0
-0,-0
-0,-0
-0,-0
-0,-0
-0,-0
-0,-0
-0,-0
-0,-0
-0,-0
-0,-0
-0,-0
-0,-0
-0,-0
-0,-0
-0,-0
-0,-0
-0,-0
-0,-0
-0,-0
-0,-0
-0,-0
-0,-0
-0,-0
-0,-0
-0,-0
-0,-0
-0,-0
-0,-0
-0,-0
-0,-0
-0,-0
-0,-0
-0,-0
-0,-0
-0,-0
-0,-0
-0,-0
-0,-0
-0,-0
-0,-0
-0,-0
-0,-0
-0,-0
-0,-0
-0,-0
-0,-0
-0,-0
-0,-0
-0,-0
-0,-0
-0,-0
-0,-0
-0,-0
-0,-0
-0,-0
-0,-0
-0,-0
-0,-0
-0,-0
-0,-0
-0,-0
-0,-0
-0,-0
-0,-0
-0,-0
-0,-0
-0,-0
-0,-0
-0,-0
-0,-0
-0,-0
-0,-0
-0,-0
-0,-0
-0,-0
-0,-0
-0,-0
-0,-0
-0,-0
-0,-0
-0,-0
-0,-0
-0,-0
-0,-0
-0,-0
-0,-0
-0,-0
-0,-0
-0,-0
-0,-0
-0,-0
-0,-0
-0,-0
-0,-0
-0,-0
-0,-0
-0,-0
-0,-0
-0,-0
-0,-0
-0,-0
-0,-0
-0,-0
-0,-0
-0,-0
-0,-0
-0,-0
-0,-0
-0,-0
-0,-0
-0,-0
-0,-0
-0,-0
-0,-0
-0,-0
-0,-0
-0,-0
-0,-0
-0,-0
-0,-0
-0,-0
-0,-0
-0,-0
-0,-0
-0,-0
-0,-0
-0,-0
-0,-0
-0,-0
-0,-0
-0,-0
-0,-0
-0,-0
-0,-0
-0,-0
-0,-0
-0,-0
-0,-0
-0,-0
-0,-0
-0,-0
-0,-0
-0,-0
-0,-0
-0,-0
-0,-0
-0,-0
-0,-0
-0,-0
-0,-0
-0,-0
-0,-0
-0,-0
-0,-0
-0,-0
-0,-0
-0,-0
-0,-0
-0,-0
-0,-0
-0,-0
-0,-0
-0,-0
-0,-0
-0,-0
-0,-0
-0,-0
-0,-0
-0,-0
-0,-0
-0,-0
-0,-0
-0,-0
-0,-0
-0,-0
-0,-0
-0,-0
-0,-0
-0,-0
-0,-0
-0,-0
-0,-0
-0,-0
-0,-0
-0,-0
-0,-0
-0,-0
-0,-0
-0,-0
-0,-0
-0,-0
-0,-0
-0,-0
-0,-0
-0,-0
-0,-0
-0,-0
-0,-0
-0,-0
-0,-0
-0,-0
-0,-0
-0,-0
-0,-0
-0,-0
-0,-0
-0,-0
-0,-0
-0,-0
-0,-0
-0,-0
-0,-0
-0,-0
-0,-0
-0,-0
-0,-0
-0,-0
-0,-0
-0,-0
-0,-0
-0,-0
-0,-0
-0,-0
-0,-0
-0,-0
-0,-0
-0,-0
-0,-0
-0,-0
-0,-0
-0,-0
-0,-0
-0,-0
-0,-0
-0,-0
-0,-0
-0,-0
-0,-0
-0,-0
-0,-0
-0,-0
-0,-0
-0,-0
-0,-0
-0,-0
-0,-0
-0,-0
-0,-0
-0,-0
-0,-0
-0,-0
-0,-0
-0,-0
-0,-0
-0,-0
-0,-0
-0,-0
-0,-0
-0,-0
-0,-0
-0,-0
-0,-0
-0,-0
-0,-0
-0,-0
-0,-0
-0,-0
-0,-0
-0,-0
-0,-0
-0,-0
-0,-0
-0,-0
-0,-0
-0,-0
-0,-0
-0,-0
-0,-0
-0,-0
-0,-0
-0,-0
-0,-0
-0,-0
-0,-0
-0,-0
-0,-0
-0,-0
-0,-0
-0,-0
-0,-0
-0,-0
-0,-0
-0,-0
-0,-0
-0,-0
-0,-0
-0,-0
-0,-0
-0,-0
-0,-0
-0,-0
-0,-0
-0,-0
-0,-0
-0,-0
-0,-0
-0,-0
-0,-0
-0,-0
-0,-0
-0,-0
-0,-0
-0,-0
-0,-0
-0,-0
-0,-0
-0,-0
-0,-0
-0,-0
-0,-0
-0,-0
-0,-0
-0,-0
-0,-0
-0,-0
-0,-0
-0,-0
-0,-0
-0,-0
-0,-0
-0,-0
-0,-0
-0,-0
-0,-0
-0,-0
-0,-0
-0,-0
-0,-0
-0,-0
-0,-0
-0,-0
-0,-0
-0,-0
-0,-0
-0,-0
-0,-0
-0,-0
-0,-0
-0,-0
-0,-0
-0,-0
-0,-0
-0,-0
-0,-0
-0,-0
-0,-0
-0,-0
-0,-0
-0,-0
-0,-0
-0,-0
-0,-0
-0,-0
-0,-0
-0,-0
-0,-0
-0,-0
-0,-0
-0,-0
-0,-0
-0,-0
-0,-0
-0,-0
-0,-0
-0,-0
-0,-0
-0,-0
-0,-0
-0,-0
-0,-0
-0,-0
-0,-0
-0,-0
-0,-0
-0,-0
-0,-0
-0,-0
-0,-0
-0,-0
-0,-0
-0,-0
-0,-0
-0,-0
-0,-0
-0,-0
-0,-0
-0,-0
-0,-0
-0,-0
-0,-0
-0,-0
-0,-0
-0,-0
-0,-0
-0,-0
-0,-0
-0,-0
-0,-0
-0,-0
-0,-0
-0,-0
-0,-0
-0,-0
-0,-0
-0,-0
-0,-0
-0,-0
-0,-0
-0,-0
-0,-0
-0,-0
-0,-0
-0,-0
-0,-0
-0,-0
-0,-0
-0,-0
-0,-0
-0,-0
-0,-0
-0,-0
-0,-0
-0,-0
-0,-0
-0,-0
-0,-0
-0,-0
-0,-0
-0,-0
-0,-0
-0,-0
-0,-0
-0,-0
-0,-0
-0,-0
-0,-0
-0,-0
-0,-0
-0,-0
-0,-0
-0,-0
-0,-0
-0,-0
-0,-0
-0,-0
-0,-0
-0,-0
-0,-0
-0,-0
-0,-0
-0,-0
-0,-0
-0,-0
-0,-0
-0,-0
-0,-0
-0,-0
-0,-0
-0,-0
-0,-0
-0,-0
-0,-0
-0,-0
-0,-0
-0,-0
-0,-0
-0,-0
-0,-0
-0,-0
-0,-0
-0,-0
-0,-0
-0,-0
-0,-0
-0,-0
-0,-0
-0,-0
-0,-0
-0,-0
-0,-0
-0,-0
-0,-0
-0,-0
-0,-0
-0,-0
-0,-0
-0,-0
-0,-0
-0,-0
-0,-0
-0,-0
-0,-0
-0,-0
-0,-0
-0,-0
-0,-0
-0,-0
-0,-0
-0,-0
-0,-0
-0,-0
-0,-0
-0,-0
-0,-0
-0,-0
-0,-0
-0,-0
-0,-0
-0,-0
-0,-0
-0,-0
-0,-0
-0,-0
-0,-0
-0,-0
-0,-0
-0,-0
-0,-0
-0,-0
-0,-0
-0,-0
-0,-0
-0,-0
-0,-0
-0,-0
-0,-0
-0,-0
-0,-0
-0,-0
-0,-0
-0,-0
-0,-0
-0,-0
-0,-0
-0,-0
-0,-0
-0,-0
-0,-0
-0,-0
-0,-0
-0,-0
-0,-0
-0,-0
-0,-0
-0,-0
-0,-0
-0,-0
-0,-0
-0,-0
-0,-0
-0,-0
-0,-0
-0,-0
-0,-0
-0,-0
-0,-0
-0,-0
-0,-0
-0,-0
-0,-0
-0,-0
-0,-0
-0,-0
-0,-0
-0,-0
-0,-0
-0,-0
-0,-0
-0,-0
-0,-0
-0,-0
-0,-0
-0,-0
-0,-0
-0,-0
-0,-0
-0,-0
-0,-0
-0,-0
-0,-0
-0,-0
-0,-0
-0,-0
-0,-0
-0,-0
-0,-0
-0,-0
-0,-0
-0,-0
-0,-0
-0,-0
-0,-0
-0,-0
-0,-0
-0,-0
-0,-0
-0,-0
-0,-0
-0,-0
-0,-0
-0,-0
-0,-0
-0,-0
-0,-0
-0,-0
-0,-0
-0,-0
-0,-0
-0,-0
-0,-0
-0,-0
-0,-0
-0,-0
-0,-0
-0,-0
-0,-0
-0,-0
-0,-0
-0,-0
-0,-0
-0,-0
-0,-0
-0,-0
-0,-0
-0,-0
-0,-0
-0,-0
-0,-0
-0,-0
-0,-0
-0,-0
-0,-0
-0,-0
-0,-0
-0,-0
-0,-0
-0,-0
-0,-0
-0,-0
-0,-0
-0,-0
-0,-0
-0,-0
-0,-0
-0,-0
-0,-0
-0,-0
-0,-0
-0,-0
-0,-0
-0,-0
-0,-0
-0,-0
-0,-0
-0,-0
-0,-0
-0,-0
-0,-0
-0,-0
-0,-0
-0,-0
-0,-0
-0,-0
-0,-0
-0,-0
-0,-0
-0,-0
-0,-0
-0,-0
-0,-0
-0,-0
-0,-0
-0,-0
-0,-0
-0,-0
-0,-0
-0,-0
-0,-0
-0,-0
-0,-0
-0,-0
-0,-0
-0,-0
-0,-0
-0,-0
-0,-0
-0,-0
-0,-0
-0,-0
-0,-0
-0,-0
-0,-0
-0,-0
-0,-0
-0,-0
-0,-0
-0,-0
-0,-0
-0,-0
-0,-0
-0,-0
-0,-0
-0,-0
-0,-0
-0,-0
-0,-0
-0,-0
-0,-0
-0,-0
-0,-0
-0,-0
-0,-0
-0,-0
-0,-0
-0,-0
-0,-0
-0,-0
-0,-0
-0,-0
-0,-0
-0,-0
-0,-0
-0,-0
-0,-0
-0,-0
-0,-0
-0,-0
-0,-0
-0,-0
-0,-0
-0,-0
-0,-0
-0,-0
-0,-0
-0,-0
-0,-0
-0,-0
-0,-0
-0,-0
-0,-0
-0,-0
-0,-0
-0,-0
-0,-0
-0,-0
-0,-0
-0,-0
-0,-0
-0,-0
-0,-0
-0,-0
-0,-0
-0,-0
-0,-0
-0,-0
-0,-0
-0,-0
-0,-0
-0,-0
-0,-0
-0,-0
-0,-0
-0,-0
-0,-0
-0,-0
-0,-0
-0,-0
-0,-0
-0,-0
-0,-0
-0,-0
-0,-0
-0,-0
-0,-0
-0,-0
-0,-0
-0,-0
-0,-0
-0,-0
-0,-0
-0,-0
-0,-0
-0,-0
-0,-0
-0,-0
-0,-0
-0,-0
-0,-0
-0,-0
-0,-0
-0,-0
-0,-0
-0,-0
-0,-0
-0,-0
-0,-0
-0,-0
-0,-0
-0,-0
-0,-0
-0,-0
-0,-0
-0,-0
-0,-0
-0,-0
-0,-0
-0,-0
-0,-0
-0,-0
-0,-0
-0,-0
-0,-0
-0,-0
-0,-0
-0,-0
-0,-0
-0,-0
-0,-0
-0,-0
-0,-0
-0,-0
-0,-0
-0,-0
-0,-0
-0,-0
-0,-0
-0,-0
-0,-0
-0,-0
-0,-0
-0,-0
-0,-0
-0,-0
-0,-0
-0,-0
-0,-0
-0,-0
-0,-0
-0,-0
-0,-0
-0,-0
-0,-0
-0,-0
-0,-0
-0,-0
-0,-0
-0,-0
-0,-0
-0,-0
-0,-0
-0,-0
-0,-0
-0,-0
-0,-0
-0,-0
-0,-0
-0,-0
-0,-0
-0,-0
-0,-0
-0,-0
-0,-0
-0,-0
-0,-0
-0,-0
-0,-0
-0,-0
-0,-0
-0,-0
-0,-0
-0,-0
-0,-0
-0,-0
-0,-0
-0,-0
-0,-0
-0,-0
-0,-0
-0,-0
-0,-0
-0,-0
-0,-0
-0,-0
-0,-0
-0,-0
-0,-0
-0,-0
-0,-0
-0,-0
-0,-0
-0,-0
-0,-0
-0,-0
-0,-0
-0,-0
-0,-0
-0,-0
-0,-0
-0,-0
-0,-0
-0,-0
-0,-0
-0,-0
-0,-0
-0,-0
-0,-0
-0,-0
-0,-0
-0,-0
-0,-0
-0,-0
-0,-0
-0,-0
-0,-0
-0,-0
-0,-0
-0,-0
-0,-0
-0,-0
-0,-0
-0,-0
-0,-0
-0,-0
-0,-0
-0,-0
-0,-0
-0,-0
-0,-0
-0,-0
-0,-0
-0,-0
-0,-0
-0,-0
-0,-0
-0,-0
-0,-0
-0,-0
-0,-0
-0,-0
-0,-0
-0,-0
-0,-0
-0,-0
-0,-0
-0,-0
-0,-0
-0,-0
-0,-0
-0,-0
-0,-0
-0,-0
-0,-0
-0,-0
-0,-0
-0,-0
-0,-0
-0,-0
-0,-0
-0,-0
-0,-0
-0,-0
-0,-0
-0,-0
-0,-0
-0,-0
-0,-0
-0,-0
-0,-0
-0,-0
-0,-0
-0,-0
-0,-0
-0,-0
-0,-0
-0,-0
-0,-0
-0,-0
-0,-0
-0,-0
-0,-0
-0,-0
-0,-0
-0,-0
-0,-0
-0,-0
-0,-0
-0,-0
-0,-0
-0,-0
-0,-0
-0,-0
-0,-0
-0,-0
-0,-0
-0,-0
-0,-0
-0,-0
-0,-0
-0,-0
-0,-0
-0,-0
-0,-0
-0,-0
-0,-0
-0,-0
-0,-0
-0,-0
-0,-0
-0,-0
-0,-0
-0,-0
-0,-0
-0,-0
-0,-0
-0,-0
-0,-0
-0,-0
-0,-0
-0,-0
-0,-0
-0,-0
-0,-0
-0,-0
-0,-0
-0,-0
-0,-0
-0,-0
-0,-0
-0,-0
-0,-0
-0,-0
-0,-0
-0,-0
-0,-0
-0,-0
-0,-0
-0,-0
-0,-0
-0,-0
-0,-0
-0,-0
-0,-0
-0,-0
-0,-0
-0,-0
-0,-0
-0,-0
-0,-0
-0,-0
-0,-0
-0,-0
-0,-0
-0,-0
-0,-0
-0,-0
-0,-0
-0,-0
-0,-0
-0,-0
-0,-0
-0,-0
-0,-0
-0,-0
-0,-0
-0,-0
-0,-0
-0,-0
-0,-0
-0,-0
-0,-0
-0,-0
-0,-0
-0,-0
-0,-0
-0,-0
-0,-0
-0,-0
-0,-0
-0,-0
-0,-0
-0,-0
-0,-0
-0,-0
-0,-0
-0,-0
-0,-0
-0,-0
-0,-0
-0,-0
-0,-0
-0,-0
-0,-0
-0,-0
-0,-0
-0,-0
-0,-0
-0,-0
-0,-0
-0,-0
-0,-0
-0,-0
-0,-0
-0,-0
-0,-0
-0,-0
-0,-0
-0,-0
-0,-0
-0,-0
-0,-0
-0,-0
-0,-0
-0,-0
-0,-0
-0,-0
-0,-0
-0,-0
-0,-0
-0,-0
-0,-0
-0,-0
-0,-0
-0,-0
-0,-0
-0,-0
-0,-0
-0,-0
-0,-0
-0,-0
-0,-0
-0,-0
-0,-0
-0,-0
-0,-0
-0,-0
-0,-0
-0,-0
-0,-0
-0,-0
-0,-0
-0,-0
-0,-0
-0,-0
-0,-0
-0,-0
-0,-0
-0,-0
-0,-0
-0,-0
-0,-0
-0,-0
-0,-0
-0,-0
-0,-0
-0,-0
-0,-0
-0,-0
-0,-0
-0,-0
-0,-0
-0,-0
-0,-0
-0,-0
-0,-0
-0,-0
-0,-0
-0,-0
-0,-0
-0,-0
-0,-0
-0,-0
-0,-0
-0,-0
-0,-0
-0,-0
-0,-0
-0,-0
-0,-0
-0,-0
-0,-0
-0,-0
-0,-0
-0,-0
-0,-0
-0,-0
-0,-0
-0,-0
-0,-0
-0,-0
-0,-0
-0,-0
-0,-0
-0,-0
-0,-0
-0,-0
-0,-0
-0,-0
-0,-0
-0,-0
-0,-0
-0,-0
-0,-0
-0,-0
-0,-0
-0,-0
-0,-0
-0,-0
-0,-0
-0,-0
-0,-0
-0,-0
-0,-0
-0,-0
-0,-0
-0,-0
-0,-0
-0,-0
-0,-0
-0,-0
-0,-0
-0,-0
-0,-0
-0,-0
-0,-0
-0,-0
-0,-0
-0,-0
-0,-0
-0,-0
-0,-0
-0,-0
-0,-0
-0,-0
-0,-0
-0,-0
-0,-0
-0,-0
-0,-0
-0,-0
-0,-0
-0,-0
-0,-0
-0,-0
-0,-0
-0,-0
-0,-0
-0,-0
-0,-0
-0,-0
-0,-0
-0,-0
-0,-0
-0,-0
-0,-0
-0,-0
-0,-0
-0,-0
-0,-0
-0,-0
-0,-0
-0,-0
-0,-0
-0,-0
-0,-0
-0,-0
-0,-0
-0,-0
-0,-0
-0,-0
-0,-0
-0,-0
-0,-0
-0,-0
-0,-0
-0,-0
-0,-0
-0,-0
-0,-0
-0,-0
-0,-0
-0,-0
-0,-0
-0,-0
-0,-0
-0,-0
-0,-0
-0,-0
-0,-0
-0,-0
-0,-0
-0,-0
-0,-0
-0,-0
-0,-0
-0,-0
-0,-0
-0,-0
-0,-0
-0,-0
-0,-0
-0,-0
-0,-0
-0,-0
-0,-0
-0,-0
-0,-0
-0,-0
-0,-0
-0,-0
-0,-0
-0,-0
-0,-0
-0,-0
-0,-0
-0,-0
-0,-0
-0,-0
-0,-0
-0,-0
-0,-0
-0,-0
-0,-0
-0,-0
-0,-0
-0,-0
-0,-0
-0,-0
-0,-0
-0,-0
-0,-0
-0,-0
-0,-0
-0,-0
-0,-0
-0,-0
-0,-0
-0,-0
-0,-0
-0,-0
-0,-0
-0,-0
-0,-0
-0,-0
-0,-0
-0,-0
-0,-0
-0,-0
-0,-0
-0,-0
-0,-0
-0,-0
-0,-0
-0,-0
-0,-0
-0,-0
-0,-0
-0,-0
-0,-0
-0,-0
-0,-0
-0,-0
-0,-0
-0,-0
-0,-0
-0,-0
-0,-0
-0,-0
-0,-0
-0,-0
-0,-0
-0,-0
-0,-0
-0,-0
-0,-0
-0,-0
-0,-0
-0,-0
-0,-0
-0,-0
-0,-0
-0,-0
-0,-0
-0,-0
-0,-0
-0,-0
-0,-0
-0,-0
-0,-0
-0,-0
-0,-0
-0,-0
-0,-0
-0,-0
-0,-0
-0,-0
-0,-0
-0,-0
-0,-0
-0,-0
-0,-0
-0,-0
-0,-0
-0,-0
-0,-0
-0,-0
-0,-0
-0,-0
-0,-0
-0,-0
-0,-0
-0,-0
-0,-0
-0,-0
-0,-0
-0,-0
-0,-0
-0,-0
-0,-0
-0,-0
-0,-0
-0,-0
-0,-0
-0,-0
-0,-0
-0,-0
-0,-0
-0,-0
-0,-0
-0,-0
-0,-0
-0,-0
-0,-0
-0,-0
-0,-0
-0,-0
-0,-0
-0,-0
-0,-0
-0,-0
-0,-0
-0,-0
-0,-0
-0,-0
-0,-0
-0,-0
-0,-0
-0,-0
-0,-0
-0,-0
-0,-0
-0,-0
-0,-0
-0,-0
-0,-0
-0,-0
-0,-0
-0,-0
-0,-0
-0,-0
-0,-0
-0,-0
-0,-0
-0,-0
-0,-0
-0,-0
-0,-0
-0,-0
-0,-0
-0,-0
-0,-0
-0,-0
-0,-0
-0,-0
-0,-0
-0,-0
-0,-0
-0,-0
-0,-0
-0,-0
-0,-0
-0,-0
-0,-0
-0,-0
-0,-0
-0,-0
-0,-0
-0,-0
-0,-0
-0,-0
-0,-0
-0,-0
-0,-0
-0,-0
-0,-0
-0,-0
-0,-0
-0,-0
-0,-0
-0,-0
-0,-0
-0,-0
-0,-0
-0,-0
-0,-0
-0,-0
-0,-0
-0,-0
-0,-0
-0,-0
-0,-0
-0,-0
-0,-0
-0,-0
-0,-0
-0,-0
-0,-0
-0,-0
-0,-0
-0,-0
-0,-0
-0,-0
-0,-0
-0,-0
-0,-0
-0,-0
-0,-0
-0,-0
-0,-0
-0,-0
-0,-0
-0,-0
-0,-0
-0,-0
-0,-0
-0,-0
-0,-0
-0,-0
-0,-0
-0,-0
-0,-0
-0,-0
-0,-0
-0,-0
-0,-0
-0,-0
-0,-0
-0,-0
-0,-0
-0,-0
-0,-0
-0,-0
-0,-0
-0,-0
-0,-0
-0,-0
-0,-0
-0,-0
-0,-0
-0,-0
-0,-0
-0,-0
-0,-0
-0,-0
-0,-0
-0,-0
-0,-0
-0,-0
-0,-0
-0,-0
-0,-0
-0,-0
-0,-0
-0,-0
-0,-0
-0,-0
-0,-0
-0,-0
-0,-0
-0,-0
-0,-0
-0,-0
-0,-0
-0,-0
-0,-0
-0,-0
-0,-0
-0,-0
-0,-0
-0,-0
-0,-0
-0,-0
-0,-0
-0,-0
-0,-0
-0,-0
-0,-0
-0,-0
-0,-0
-0,-0
-0,-0
-0,-0
-0,-0
-0,-0
-0,-0
-0,-0
-0,-0
-0,-0
-0,-0
-0,-0
-0,-0
-0,-0
-0,-0
-0,-0
-0,-0
-0,-0
-0,-0
-0,-0
-0,-0
-0,-0
-0,-0
-0,-0
-0,-0
-0,-0
-0,-0
-0,-0
-0,-0
-0,-0
-0,-0
-0,-0
-0,-0
-0,-0
-0,-0
-0,-0
-0,-0
-0,-0
-0,-0
-0,-0
-0,-0
-0,-0
-0,-0
-0,-0
-0,-0
-0,-0
-0,-0
-0,-0
-0,-0
-0,-0
-0,-0
-0,-0
-0,-0
-0,-0
-0,-0
-0,-0
-0,-0
-0,-0
-0,-0
-0,-0
-0,-0
-0,-0
-0,-0
-0,-0
-0,-0
-0,-0
-0,-0
-0,-0
-0,-0
-0,-0
-0,-0
-0,-0
-0,-0
-0,-0
-0,-0
-0,-0
-0,-0
-0,-0
-0,-0
-0,-0
-0,-0
-0,-0
-0,-0
-0,-0
-0,-0
-0,-0
-0,-0
-0,-0
-0,-0
-0,-0
-0,-0
-0,-0
-0,-0
-0,-0
-0,-0
-0,-0
-0,-0
-0,-0
-0,-0
-0,-0
-0,-0
-0,-0
-0,-0
-0,-0
-0,-0
-0,-0
-0,-0
-0,-0
-0,-0
-0,-0
-0,-0
-0,-0
-0,-0
-0,-0
-0,-0
-0,-0
-0,-0
-0,-0
-0,-0
-0,-0
-0,-0
-0,-0
-0,-0
-0,-0
-0,-0
-0,-0
-0,-0
-0,-0
-0,-0
-0,-0
-0,-0
-0,-0
-0,-0
-0,-0
-0,-0
-0,-0
-0,-0
-0,-0
-0,-0
-0,-0
-0,-0
-0,-0
-0,-0
-0,-0
-0,-0
-0,-0
-0,-0
-0,-0
-0,-0
-0,-0
-0,-0
-0,-0
-0,-0
-0,-0
-0,-0
-0,-0
-0,-0
-0,-0
-0,-0
-0,-0
-0,-0
-0,-0
-0,-0
-0,-0
-0,-0
-0,-0
-0,-0
-0,-0
-0,-0
-0,-0
-0,-0
-0,-0
-0,-0
-0,-0
-0,-0
-0,-0
-0,-0
-0,-0
-0,-0
-0,-0
-0,-0
-0,-0
-0,-0
-0,-0
-0,-0
-0,-0
-0,-0
-0,-0
-0,-0
-0,-0
-0,-0
-0,-0
-0,-0
-0,-0
-0,-0
-0,-0
-0,-0
-0,-0
-0,-0
-0,-0
-0,-0
-0,-0
-0,-0
-0,-0
-0,-0
-0,-0
-0,-0
-0,-0
-0,-0
-0,-0
-0,-0
-0,-0
-0,-0
-0,-0
-0,-0
-0,-0
-0,-0
-0,-0
-0,-0
-0,-0
-0,-0
-0,-0
-0,-0
-0,-0
-0,-0
-0,-0
-0,-0
-0,-0
-0,-0
-0,-0
-0,-0
-0,-0
-0,-0
-0,-0
-0,-0
-0,-0
-0,-0
-0,-0
-0,-0
-0,-0
-0,-0
